{"id-48490":{"title":"Animal Welfare","id":48490,"publish-date":1603984632,"featured-image-url":"https:\/\/websitedemos.net\/wp-content\/uploads\/2020\/10\/animal-welfare-08.jpg","thumbnail-image-url":"https:\/\/websitedemos.net\/wp-content\/uploads\/2020\/10\/animal-welfare-08-600x2724.jpg","fullpage-thumbnail-image-url":"https:\/\/websitedemos.net\/wp-content\/uploads\/2020\/10\/animal-welfare-08-400x1816.jpg","astra-site-url":"\/\/websitedemos.net\/animal-welfare-08","astra-site-parent-id":1741,"astra-sites-tag":{"625":"charity","735":"donate","1013":"donation","624":"foundation","1482":"givewp","745":"organization","1012":"welfare"},"astra-sites-type":"free","astra-site-category":{"39":"free","36":"other"},"astra-sites-template-category":[],"astra-site-page-builder":"gutenberg","categories":{"2492":"non-profit"},"required-plugins":[{"slug":"astra-widgets","init":"astra-widgets\/astra-widgets.php","name":"Astra Widgets"},{"slug":"give","init":"give\/give.php","name":"Give - Donation Plugin"},{"slug":"wpforms-lite","init":"wpforms-lite\/wpforms.php","name":"WPForms Lite"},{"slug":"ultimate-addons-for-gutenberg","init":"ultimate-addons-for-gutenberg\/ultimate-addons-for-gutenberg.php","name":"Spectra"}],"post-status":"publish","post-content":"","post-excerpt":"","pages":{"id-57933":{"title":"Donor Dashboard","featured-image-url":"","thumbnail-image-url":"","astra-page-api-url":"https:\/\/websitedemos.net\/animal-welfare-08\/wp-json\/wp\/v2\/pages\/1485","dynamic-page":"no","astra-page-url":"\/\/websitedemos.net\/animal-welfare-08\/donor-dashboard\/","astra-sites-tag":[],"site-pages-type":[],"site-pages-page-builder":"gutenberg","site-pages-category":[],"site-pages-parent-category":[],"required-plugins":""},"id-57934":{"title":"Donor Dashboard","featured-image-url":"","thumbnail-image-url":"","astra-page-api-url":"https:\/\/websitedemos.net\/animal-welfare-08\/wp-json\/wp\/v2\/pages\/1486","dynamic-page":"no","astra-page-url":"\/\/websitedemos.net\/animal-welfare-08\/donor-dashboard-2\/","astra-sites-tag":[],"site-pages-type":[],"site-pages-page-builder":"gutenberg","site-pages-category":[],"site-pages-parent-category":[],"required-plugins":""},"id-57935":{"title":"Donor Dashboard","featured-image-url":"","thumbnail-image-url":"","astra-page-api-url":"https:\/\/websitedemos.net\/animal-welfare-08\/wp-json\/wp\/v2\/pages\/1488","dynamic-page":"no","astra-page-url":"\/\/websitedemos.net\/animal-welfare-08\/donor-dashboard-3\/","astra-sites-tag":[],"site-pages-type":[],"site-pages-page-builder":"gutenberg","site-pages-category":[],"site-pages-parent-category":[],"required-plugins":""},"id-57936":{"title":"Donor Dashboard","featured-image-url":"","thumbnail-image-url":"","astra-page-api-url":"https:\/\/websitedemos.net\/animal-welfare-08\/wp-json\/wp\/v2\/pages\/1489","dynamic-page":"no","astra-page-url":"\/\/websitedemos.net\/animal-welfare-08\/donor-dashboard-3-5\/","astra-sites-tag":[],"site-pages-type":[],"site-pages-page-builder":"gutenberg","site-pages-category":[],"site-pages-parent-category":[],"required-plugins":""},"id-57937":{"title":"Donor Dashboard","featured-image-url":"","thumbnail-image-url":"","astra-page-api-url":"https:\/\/websitedemos.net\/animal-welfare-08\/wp-json\/wp\/v2\/pages\/1490","dynamic-page":"no","astra-page-url":"\/\/websitedemos.net\/animal-welfare-08\/donor-dashboard-3-4\/","astra-sites-tag":[],"site-pages-type":[],"site-pages-page-builder":"gutenberg","site-pages-category":[],"site-pages-parent-category":[],"required-plugins":""},"id-57938":{"title":"Donor Dashboard","featured-image-url":"","thumbnail-image-url":"","astra-page-api-url":"https:\/\/websitedemos.net\/animal-welfare-08\/wp-json\/wp\/v2\/pages\/1491","dynamic-page":"no","astra-page-url":"\/\/websitedemos.net\/animal-welfare-08\/donor-dashboard-3-3\/","astra-sites-tag":[],"site-pages-type":[],"site-pages-page-builder":"gutenberg","site-pages-category":[],"site-pages-parent-category":[],"required-plugins":""},"id-57939":{"title":"Donor Dashboard","featured-image-url":"","thumbnail-image-url":"","astra-page-api-url":"https:\/\/websitedemos.net\/animal-welfare-08\/wp-json\/wp\/v2\/pages\/1492","dynamic-page":"no","astra-page-url":"\/\/websitedemos.net\/animal-welfare-08\/donor-dashboard-3-2\/","astra-sites-tag":[],"site-pages-type":[],"site-pages-page-builder":"gutenberg","site-pages-category":[],"site-pages-parent-category":[],"required-plugins":""},"id-57940":{"title":"Donor Dashboard","featured-image-url":"","thumbnail-image-url":"","astra-page-api-url":"https:\/\/websitedemos.net\/animal-welfare-08\/wp-json\/wp\/v2\/pages\/1493","dynamic-page":"no","astra-page-url":"\/\/websitedemos.net\/animal-welfare-08\/donor-dashboard-4\/","astra-sites-tag":[],"site-pages-type":[],"site-pages-page-builder":"gutenberg","site-pages-category":[],"site-pages-parent-category":[],"required-plugins":""},"id-48493":{"title":"Home","featured-image-url":"https:\/\/websitedemos.net\/wp-content\/uploads\/2020\/10\/animal-welfare-08.jpg","thumbnail-image-url":"https:\/\/websitedemos.net\/wp-content\/uploads\/2020\/10\/animal-welfare-08-600x2724.jpg","astra-page-api-url":"https:\/\/websitedemos.net\/animal-welfare-08\/wp-json\/wp\/v2\/pages\/1026","dynamic-page":"no","astra-page-url":"\/\/websitedemos.net\/animal-welfare-08\/","astra-sites-tag":{"423":"home"},"site-pages-type":"free","site-pages-page-builder":"gutenberg","site-pages-category":[],"site-pages-parent-category":{"61":"free","139":"other"},"required-plugins":[{"slug":"ultimate-addons-for-gutenberg","init":"ultimate-addons-for-gutenberg\/ultimate-addons-for-gutenberg.php","name":"Spectra"}]},"id-48491":{"title":"About","featured-image-url":"https:\/\/websitedemos.net\/wp-content\/uploads\/2020\/10\/animal-welfare-08-about-1.jpg","thumbnail-image-url":"https:\/\/websitedemos.net\/wp-content\/uploads\/2020\/10\/animal-welfare-08-about-1-600x1695.jpg","astra-page-api-url":"https:\/\/websitedemos.net\/animal-welfare-08\/wp-json\/wp\/v2\/pages\/1027","dynamic-page":"no","astra-page-url":"\/\/websitedemos.net\/animal-welfare-08\/about\/","astra-sites-tag":{"352":"about"},"site-pages-type":"free","site-pages-page-builder":"gutenberg","site-pages-category":[],"site-pages-parent-category":{"61":"free","139":"other"},"required-plugins":[{"slug":"ultimate-addons-for-gutenberg","init":"ultimate-addons-for-gutenberg\/ultimate-addons-for-gutenberg.php","name":"Spectra"}]},"id-48494":{"title":"See All Campaigns","featured-image-url":"https:\/\/websitedemos.net\/wp-content\/uploads\/2020\/10\/animal-welfare-08-see-all-campaigns.jpg","thumbnail-image-url":"https:\/\/websitedemos.net\/wp-content\/uploads\/2020\/10\/animal-welfare-08-see-all-campaigns-600x1711.jpg","astra-page-api-url":"https:\/\/websitedemos.net\/animal-welfare-08\/wp-json\/wp\/v2\/pages\/1028","dynamic-page":"yes","astra-page-url":"\/\/websitedemos.net\/animal-welfare-08\/see-all-campaigns\/","astra-sites-tag":{"1479":"campaigns"},"site-pages-type":"free","site-pages-page-builder":"gutenberg","site-pages-category":[],"site-pages-parent-category":{"61":"free","139":"other"},"required-plugins":[{"slug":"give","init":"give\/give.php","name":"Give - Donation Plugin"},{"slug":"ultimate-addons-for-gutenberg","init":"ultimate-addons-for-gutenberg\/ultimate-addons-for-gutenberg.php","name":"Spectra"}]},"id-48495":{"title":"Star Contributors","featured-image-url":"https:\/\/websitedemos.net\/wp-content\/uploads\/2020\/10\/animal-welfare-08-star-contributor.jpg","thumbnail-image-url":"https:\/\/websitedemos.net\/wp-content\/uploads\/2020\/10\/animal-welfare-08-star-contributor-600x1625.jpg","astra-page-api-url":"https:\/\/websitedemos.net\/animal-welfare-08\/wp-json\/wp\/v2\/pages\/1029","dynamic-page":"yes","astra-page-url":"\/\/websitedemos.net\/animal-welfare-08\/star-contributors\/","astra-sites-tag":{"1014":"contribute","1481":"star-donors"},"site-pages-type":"free","site-pages-page-builder":"gutenberg","site-pages-category":[],"site-pages-parent-category":{"61":"free","139":"other"},"required-plugins":[{"slug":"give","init":"give\/give.php","name":"Give - Donation Plugin"},{"slug":"ultimate-addons-for-gutenberg","init":"ultimate-addons-for-gutenberg\/ultimate-addons-for-gutenberg.php","name":"Spectra"}]},"id-48492":{"title":"Contact","featured-image-url":"https:\/\/websitedemos.net\/wp-content\/uploads\/2020\/10\/animal-welfare-08-contact-1.jpg","thumbnail-image-url":"https:\/\/websitedemos.net\/wp-content\/uploads\/2020\/10\/animal-welfare-08-contact-1-600x1230.jpg","astra-page-api-url":"https:\/\/websitedemos.net\/animal-welfare-08\/wp-json\/wp\/v2\/pages\/1030","dynamic-page":"no","astra-page-url":"\/\/websitedemos.net\/animal-welfare-08\/contact\/","astra-sites-tag":{"415":"contact","454":"contact-us"},"site-pages-type":"free","site-pages-page-builder":"gutenberg","site-pages-category":[],"site-pages-parent-category":{"61":"free","139":"other"},"required-plugins":[{"slug":"ultimate-addons-for-gutenberg","init":"ultimate-addons-for-gutenberg\/ultimate-addons-for-gutenberg.php","name":"Spectra"},{"slug":"wpforms-lite","init":"wpforms-lite\/wpforms.php","name":"WPForms Lite"}]}},"related-bb-template":"","related-elementor-template":"","related-gutenberg-template":""},"id-33461":{"title":"Dentist Clinic","id":33461,"publish-date":1569935725,"featured-image-url":"https:\/\/websitedemos.net\/wp-content\/uploads\/2019\/10\/dental-clinic-homepage.jpg","thumbnail-image-url":"https:\/\/websitedemos.net\/wp-content\/uploads\/2019\/10\/dental-clinic-homepage.jpg","fullpage-thumbnail-image-url":"https:\/\/websitedemos.net\/wp-content\/uploads\/2019\/10\/dental-clinic-homepage.jpg","astra-site-url":"\/\/websitedemos.net\/dentist-02","astra-site-parent-id":986,"astra-sites-tag":{"623":"dentist","601":"doctor","604":"healthcare","605":"hospital","399":"one-page","1022":"professional","463":"single-page","607":"treatment"},"astra-sites-type":"free","astra-site-category":{"27":"business","39":"free"},"astra-sites-template-category":{"2799":"dentist","2867":"doctor","2834":"healthcare","2780":"hospital","2841":"medical-clinic","2771":"one-page"},"astra-site-page-builder":"elementor","categories":{"2490":"healthcare","2927":"one-page"},"required-plugins":[{"slug":"astra-widgets","init":"astra-widgets\/astra-widgets.php","name":"Astra Widgets"},{"slug":"elementor","init":"elementor\/elementor.php","name":"Elementor"},{"slug":"wpforms-lite","init":"wpforms-lite\/wpforms.php","name":"WPForms Lite"}],"post-status":"publish","post-content":"<!-- wp:paragraph -->\n<p>The Dentist Clinic website template is a clean, modern design with reassuring colors and fonts and a contact form front and center. The blue and green are classic medical colors and combine well with the white.<\/p>\n<!-- \/wp:paragraph -->\n\n<!-- wp:paragraph -->\n<p>The rest of the design provides areas to tell your story, outline products and services and patient testimonials. There are also attractive calls to action throughout, everything you need to build a website for a practice.<\/p>\n<!-- \/wp:paragraph -->\n\n<!-- wp:heading -->\n<h2>Key features of the Dentist Clinic template<\/h2>\n<!-- \/wp:heading -->\n\n<!-- wp:list -->\n<ul><!-- wp:list-item -->\n<li>Uses colors we automatically relate to medicine<\/li>\n<!-- \/wp:list-item -->\n\n<!-- wp:list-item -->\n<li>Excellent layout with lots of content areas and whitespace<\/li>\n<!-- \/wp:list-item -->\n\n<!-- wp:list-item -->\n<li>Includes common content areas a dentist would require<\/li>\n<!-- \/wp:list-item -->\n\n<!-- wp:list-item -->\n<li>Attractive calls to action throughout<\/li>\n<!-- \/wp:list-item -->\n\n<!-- wp:list-item -->\n<li>Full compatibility with leading page builders<\/li>\n<!-- \/wp:list-item --><\/ul>\n<!-- \/wp:list -->","post-excerpt":"Well-designed template ideal for dentists, clinics and medical practices","pages":{"id-52344":{"title":"Home","featured-image-url":"https:\/\/websitedemos.net\/wp-content\/uploads\/2019\/10\/dental-clinic-homepage.jpg","thumbnail-image-url":"https:\/\/websitedemos.net\/wp-content\/uploads\/2019\/10\/dental-clinic-homepage.jpg","astra-page-api-url":"https:\/\/websitedemos.net\/dentist-02\/wp-json\/wp\/v2\/pages\/384","dynamic-page":"no","astra-page-url":"\/\/websitedemos.net\/dentist-02\/","astra-sites-tag":{"423":"home","463":"single-page"},"site-pages-type":"free","site-pages-page-builder":"elementor","site-pages-category":[],"site-pages-parent-category":{"60":"business","61":"free"},"required-plugins":[{"slug":"elementor","init":"elementor\/elementor.php","name":"Elementor"},{"slug":"wpforms-lite","init":"wpforms-lite\/wpforms.php","name":"WPForms Lite"}]}},"related-bb-template":"","related-elementor-template":33461,"related-gutenberg-template":48442},"id-48442":{"title":"Dentist Clinic","id":48442,"publish-date":1603913248,"featured-image-url":"https:\/\/websitedemos.net\/wp-content\/uploads\/2020\/10\/dentist-08-1.jpg","thumbnail-image-url":"https:\/\/websitedemos.net\/wp-content\/uploads\/2020\/10\/dentist-08-1-600x2480.jpg","fullpage-thumbnail-image-url":"https:\/\/websitedemos.net\/wp-content\/uploads\/2020\/10\/dentist-08-1-400x1653.jpg","astra-site-url":"\/\/websitedemos.net\/dentist-08","astra-site-parent-id":1733,"astra-sites-tag":{"338":"dental","623":"dentist","1734":"dentist-clinic"},"astra-sites-type":"free","astra-site-category":{"27":"business","39":"free"},"astra-sites-template-category":[],"astra-site-page-builder":"gutenberg","categories":{"2490":"healthcare"},"required-plugins":[{"slug":"wpforms-lite","init":"wpforms-lite\/wpforms.php","name":"WPForms Lite"},{"slug":"ultimate-addons-for-gutenberg","init":"ultimate-addons-for-gutenberg\/ultimate-addons-for-gutenberg.php","name":"Spectra"}],"post-status":"publish","post-content":"","post-excerpt":"","pages":{"id-48443":{"title":"Home","featured-image-url":"https:\/\/websitedemos.net\/wp-content\/uploads\/2020\/10\/dentist-08-1.jpg","thumbnail-image-url":"https:\/\/websitedemos.net\/wp-content\/uploads\/2020\/10\/dentist-08-1-600x2480.jpg","astra-page-api-url":"https:\/\/websitedemos.net\/dentist-08\/wp-json\/wp\/v2\/pages\/409","dynamic-page":"no","astra-page-url":"\/\/websitedemos.net\/dentist-08\/","astra-sites-tag":{"423":"home"},"site-pages-type":"free","site-pages-page-builder":"gutenberg","site-pages-category":[],"site-pages-parent-category":{"60":"business","61":"free"},"required-plugins":[{"slug":"ultimate-addons-for-gutenberg","init":"ultimate-addons-for-gutenberg\/ultimate-addons-for-gutenberg.php","name":"Spectra"},{"slug":"wpforms-lite","init":"wpforms-lite\/wpforms.php","name":"WPForms Lite"}]}},"related-bb-template":"","related-elementor-template":"","related-gutenberg-template":""},"id-31976":{"title":"Pet Services","id":31976,"publish-date":1568715864,"featured-image-url":"https:\/\/websitedemos.net\/wp-content\/uploads\/2019\/09\/pet-sitting-01.jpg","thumbnail-image-url":"https:\/\/websitedemos.net\/wp-content\/uploads\/2019\/09\/pet-sitting-01.jpg","fullpage-thumbnail-image-url":"https:\/\/websitedemos.net\/wp-content\/uploads\/2019\/09\/pet-sitting-01.jpg","astra-site-url":"\/\/websitedemos.net\/pet-sitting-01","astra-site-parent-id":909,"astra-sites-tag":{"974":"cat","376":"dog-training","375":"dog-walking","374":"pet-care","372":"pet-minding","371":"pet-sitting","373":"pet-training"},"astra-sites-type":"free","astra-site-category":{"27":"business","39":"free"},"astra-sites-template-category":[],"astra-site-page-builder":"beaver-builder","categories":{"2472":"pets"},"required-plugins":[{"slug":"beaver-builder-lite-version","init":"beaver-builder-lite-version\/fl-builder.php","name":"Beaver Builder Plugin (Lite Version)"},{"slug":"ultimate-addons-for-beaver-builder-lite","init":"ultimate-addons-for-beaver-builder-lite\/bb-ultimate-addon.php","name":"Ultimate Addons for Beaver Builder - Lite"},{"slug":"wpforms-lite","init":"wpforms-lite\/wpforms.php","name":"WPForms Lite"}],"post-status":"publish","post-content":"","post-excerpt":"","pages":{"id-31980":{"title":"Home","featured-image-url":"https:\/\/websitedemos.net\/wp-content\/uploads\/2019\/09\/pet-sitting-01.jpg","thumbnail-image-url":"https:\/\/websitedemos.net\/wp-content\/uploads\/2019\/09\/pet-sitting-01.jpg","astra-page-api-url":"https:\/\/websitedemos.net\/pet-sitting-01\/wp-json\/wp\/v2\/pages\/15","dynamic-page":"no","astra-page-url":"\/\/websitedemos.net\/pet-sitting-01\/","astra-sites-tag":{"423":"home"},"site-pages-type":"free","site-pages-page-builder":"beaver-builder","site-pages-category":[],"site-pages-parent-category":{"60":"business","61":"free"},"required-plugins":[{"slug":"beaver-builder-lite-version","init":"beaver-builder-lite-version\/fl-builder.php","name":"Beaver Builder Plugin (Lite Version)"},{"slug":"ultimate-addons-for-beaver-builder-lite","init":"ultimate-addons-for-beaver-builder-lite\/bb-ultimate-addon.php","name":"Ultimate Addons for Beaver Builder - Lite"}]},"id-31977":{"title":"About Us","featured-image-url":"https:\/\/websitedemos.net\/wp-content\/uploads\/2019\/09\/pet-sitting-01-about-us.jpg","thumbnail-image-url":"https:\/\/websitedemos.net\/wp-content\/uploads\/2019\/09\/pet-sitting-01-about-us.jpg","astra-page-api-url":"https:\/\/websitedemos.net\/pet-sitting-01\/wp-json\/wp\/v2\/pages\/16","dynamic-page":"no","astra-page-url":"\/\/websitedemos.net\/pet-sitting-01\/about-us\/","astra-sites-tag":{"352":"about"},"site-pages-type":"free","site-pages-page-builder":"beaver-builder","site-pages-category":[],"site-pages-parent-category":{"60":"business","61":"free"},"required-plugins":[{"slug":"beaver-builder-lite-version","init":"beaver-builder-lite-version\/fl-builder.php","name":"Beaver Builder Plugin (Lite Version)"},{"slug":"ultimate-addons-for-beaver-builder-lite","init":"ultimate-addons-for-beaver-builder-lite\/bb-ultimate-addon.php","name":"Ultimate Addons for Beaver Builder - Lite"}]},"id-31981":{"title":"Services","featured-image-url":"https:\/\/websitedemos.net\/wp-content\/uploads\/2019\/09\/pet-sitting-01-services.jpg","thumbnail-image-url":"https:\/\/websitedemos.net\/wp-content\/uploads\/2019\/09\/pet-sitting-01-services.jpg","astra-page-api-url":"https:\/\/websitedemos.net\/pet-sitting-01\/wp-json\/wp\/v2\/pages\/18","dynamic-page":"no","astra-page-url":"\/\/websitedemos.net\/pet-sitting-01\/services\/","astra-sites-tag":{"425":"services"},"site-pages-type":"free","site-pages-page-builder":"beaver-builder","site-pages-category":[],"site-pages-parent-category":{"60":"business","61":"free"},"required-plugins":[{"slug":"beaver-builder-lite-version","init":"beaver-builder-lite-version\/fl-builder.php","name":"Beaver Builder Plugin (Lite Version)"},{"slug":"ultimate-addons-for-beaver-builder-lite","init":"ultimate-addons-for-beaver-builder-lite\/bb-ultimate-addon.php","name":"Ultimate Addons for Beaver Builder - Lite"}]},"id-31979":{"title":"Contact Us","featured-image-url":"https:\/\/websitedemos.net\/wp-content\/uploads\/2019\/09\/pet-sitting-01-contact-us.jpg","thumbnail-image-url":"https:\/\/websitedemos.net\/wp-content\/uploads\/2019\/09\/pet-sitting-01-contact-us.jpg","astra-page-api-url":"https:\/\/websitedemos.net\/pet-sitting-01\/wp-json\/wp\/v2\/pages\/20","dynamic-page":"no","astra-page-url":"\/\/websitedemos.net\/pet-sitting-01\/contact-us\/","astra-sites-tag":{"415":"contact"},"site-pages-type":"free","site-pages-page-builder":"beaver-builder","site-pages-category":[],"site-pages-parent-category":{"60":"business","61":"free"},"required-plugins":[{"slug":"beaver-builder-lite-version","init":"beaver-builder-lite-version\/fl-builder.php","name":"Beaver Builder Plugin (Lite Version)"},{"slug":"ultimate-addons-for-beaver-builder-lite","init":"ultimate-addons-for-beaver-builder-lite\/bb-ultimate-addon.php","name":"Ultimate Addons for Beaver Builder - Lite"},{"slug":"wpforms-lite","init":"wpforms-lite\/wpforms.php","name":"WPForms Lite"}]}},"related-bb-template":"","related-elementor-template":"","related-gutenberg-template":""},"id-47862":{"title":"Pet Sitting","id":47862,"publish-date":1603821511,"featured-image-url":"https:\/\/websitedemos.net\/wp-content\/uploads\/2020\/10\/pet-sitting-08.jpg","thumbnail-image-url":"https:\/\/websitedemos.net\/wp-content\/uploads\/2020\/10\/pet-sitting-08-600x2415.jpg","fullpage-thumbnail-image-url":"https:\/\/websitedemos.net\/wp-content\/uploads\/2020\/10\/pet-sitting-08-400x1610.jpg","astra-site-url":"\/\/websitedemos.net\/pet-sitting-08","astra-site-parent-id":1680,"astra-sites-tag":{"374":"pet-care","372":"pet-minding","371":"pet-sitting","373":"pet-training","1687":"pet-walking"},"astra-sites-type":"free","astra-site-category":{"27":"business","39":"free"},"astra-sites-template-category":[],"astra-site-page-builder":"gutenberg","categories":{"2472":"pets"},"required-plugins":[{"slug":"wpforms-lite","init":"wpforms-lite\/wpforms.php","name":"WPForms Lite"},{"slug":"ultimate-addons-for-gutenberg","init":"ultimate-addons-for-gutenberg\/ultimate-addons-for-gutenberg.php","name":"Spectra"}],"post-status":"publish","post-content":"","post-excerpt":"","pages":{"id-47864":{"title":"Home","featured-image-url":"https:\/\/websitedemos.net\/wp-content\/uploads\/2020\/10\/pet-sitting-08.jpg","thumbnail-image-url":"https:\/\/websitedemos.net\/wp-content\/uploads\/2020\/10\/pet-sitting-08-600x2415.jpg","astra-page-api-url":"https:\/\/websitedemos.net\/pet-sitting-08\/wp-json\/wp\/v2\/pages\/506","dynamic-page":"no","astra-page-url":"\/\/websitedemos.net\/pet-sitting-08\/","astra-sites-tag":{"814":"homepage"},"site-pages-type":"free","site-pages-page-builder":"gutenberg","site-pages-category":[],"site-pages-parent-category":{"60":"business","61":"free"},"required-plugins":[{"slug":"ultimate-addons-for-gutenberg","init":"ultimate-addons-for-gutenberg\/ultimate-addons-for-gutenberg.php","name":"Spectra"}]},"id-47866":{"title":"Who We Are","featured-image-url":"https:\/\/websitedemos.net\/wp-content\/uploads\/2020\/10\/pet-sitting-08-who-we-are.jpg","thumbnail-image-url":"https:\/\/websitedemos.net\/wp-content\/uploads\/2020\/10\/pet-sitting-08-who-we-are-600x2193.jpg","astra-page-api-url":"https:\/\/websitedemos.net\/pet-sitting-08\/wp-json\/wp\/v2\/pages\/508","dynamic-page":"no","astra-page-url":"\/\/websitedemos.net\/pet-sitting-08\/who-we-are\/","astra-sites-tag":{"352":"about"},"site-pages-type":"free","site-pages-page-builder":"gutenberg","site-pages-category":[],"site-pages-parent-category":{"60":"business","61":"free"},"required-plugins":[{"slug":"ultimate-addons-for-gutenberg","init":"ultimate-addons-for-gutenberg\/ultimate-addons-for-gutenberg.php","name":"Spectra"}]},"id-47865":{"title":"Services","featured-image-url":"https:\/\/websitedemos.net\/wp-content\/uploads\/2020\/10\/pet-sitting-08-services.jpg","thumbnail-image-url":"https:\/\/websitedemos.net\/wp-content\/uploads\/2020\/10\/pet-sitting-08-services-600x2250.jpg","astra-page-api-url":"https:\/\/websitedemos.net\/pet-sitting-08\/wp-json\/wp\/v2\/pages\/509","dynamic-page":"no","astra-page-url":"\/\/websitedemos.net\/pet-sitting-08\/services\/","astra-sites-tag":{"425":"services"},"site-pages-type":"free","site-pages-page-builder":"gutenberg","site-pages-category":[],"site-pages-parent-category":{"60":"business","61":"free"},"required-plugins":[{"slug":"ultimate-addons-for-gutenberg","init":"ultimate-addons-for-gutenberg\/ultimate-addons-for-gutenberg.php","name":"Spectra"}]},"id-47863":{"title":"Get In Touch","featured-image-url":"https:\/\/websitedemos.net\/wp-content\/uploads\/2020\/10\/pet-sitting-08-get-in-touch.jpg","thumbnail-image-url":"https:\/\/websitedemos.net\/wp-content\/uploads\/2020\/10\/pet-sitting-08-get-in-touch-600x1036.jpg","astra-page-api-url":"https:\/\/websitedemos.net\/pet-sitting-08\/wp-json\/wp\/v2\/pages\/510","dynamic-page":"no","astra-page-url":"\/\/websitedemos.net\/pet-sitting-08\/get-in-touch\/","astra-sites-tag":{"415":"contact"},"site-pages-type":"free","site-pages-page-builder":"gutenberg","site-pages-category":[],"site-pages-parent-category":{"60":"business","61":"free"},"required-plugins":[{"slug":"ultimate-addons-for-gutenberg","init":"ultimate-addons-for-gutenberg\/ultimate-addons-for-gutenberg.php","name":"Spectra"},{"slug":"wpforms-lite","init":"wpforms-lite\/wpforms.php","name":"WPForms Lite"}]}},"related-bb-template":"","related-elementor-template":"","related-gutenberg-template":""},"id-28824":{"title":"Fly Movers","id":28824,"publish-date":1565114013,"featured-image-url":"https:\/\/websitedemos.net\/wp-content\/uploads\/2019\/08\/movers-packers-03-homepage.jpg","thumbnail-image-url":"https:\/\/websitedemos.net\/wp-content\/uploads\/2019\/08\/movers-packers-03-homepage.jpg","fullpage-thumbnail-image-url":"https:\/\/websitedemos.net\/wp-content\/uploads\/2019\/08\/movers-packers-03-homepage.jpg","astra-site-url":"\/\/websitedemos.net\/movers-packers-03","astra-site-parent-id":363,"astra-sites-tag":{"364":"movers","365":"packers","366":"transport"},"astra-sites-type":"agency-mini","astra-site-category":{"27":"business"},"astra-sites-template-category":[],"astra-site-page-builder":"beaver-builder","categories":{"2473":"transport"},"required-plugins":[{"slug":"astra-addon","init":"astra-addon\/astra-addon.php","name":"Astra Pro"},{"slug":"beaver-builder-lite-version","init":"beaver-builder-lite-version\/fl-builder.php","name":"Beaver Builder Plugin (Lite Version)"},{"slug":"bb-ultimate-addon","init":"bb-ultimate-addon\/bb-ultimate-addon.php","name":"Ultimate Addons for Beaver Builder"},{"slug":"wpforms-lite","init":"wpforms-lite\/wpforms.php","name":"WPForms Lite"}],"post-status":"publish","post-content":"","post-excerpt":"","pages":{"id-28828":{"title":"Home","featured-image-url":"https:\/\/websitedemos.net\/wp-content\/uploads\/2019\/08\/movers-packers-03-homepage.jpg","thumbnail-image-url":"https:\/\/websitedemos.net\/wp-content\/uploads\/2019\/08\/movers-packers-03-homepage.jpg","astra-page-api-url":"https:\/\/websitedemos.net\/movers-packers-03\/wp-json\/wp\/v2\/pages\/124","dynamic-page":"no","astra-page-url":"\/\/websitedemos.net\/movers-packers-03\/","astra-sites-tag":{"423":"home"},"site-pages-type":"agency-mini","site-pages-page-builder":"beaver-builder","site-pages-category":[],"site-pages-parent-category":{"60":"business"},"required-plugins":[{"slug":"beaver-builder-lite-version","init":"beaver-builder-lite-version\/fl-builder.php","name":"Beaver Builder Plugin (Lite Version)"},{"slug":"bb-ultimate-addon","init":"bb-ultimate-addon\/bb-ultimate-addon.php","name":"Ultimate Addons for Beaver Builder"}]},"id-28825":{"title":"About","featured-image-url":"https:\/\/websitedemos.net\/wp-content\/uploads\/2019\/08\/movers-packers-03-about-1.jpg","thumbnail-image-url":"https:\/\/websitedemos.net\/wp-content\/uploads\/2019\/08\/movers-packers-03-about-1.jpg","astra-page-api-url":"https:\/\/websitedemos.net\/movers-packers-03\/wp-json\/wp\/v2\/pages\/69","dynamic-page":"no","astra-page-url":"\/\/websitedemos.net\/movers-packers-03\/about\/","astra-sites-tag":{"352":"about"},"site-pages-type":"agency-mini","site-pages-page-builder":"beaver-builder","site-pages-category":[],"site-pages-parent-category":{"60":"business"},"required-plugins":[{"slug":"beaver-builder-lite-version","init":"beaver-builder-lite-version\/fl-builder.php","name":"Beaver Builder Plugin (Lite Version)"},{"slug":"bb-ultimate-addon","init":"bb-ultimate-addon\/bb-ultimate-addon.php","name":"Ultimate Addons for Beaver Builder"}]},"id-28829":{"title":"Services","featured-image-url":"https:\/\/websitedemos.net\/wp-content\/uploads\/2019\/08\/movers-packers-03-services-1.jpg","thumbnail-image-url":"https:\/\/websitedemos.net\/wp-content\/uploads\/2019\/08\/movers-packers-03-services-1.jpg","astra-page-api-url":"https:\/\/websitedemos.net\/movers-packers-03\/wp-json\/wp\/v2\/pages\/125","dynamic-page":"no","astra-page-url":"\/\/websitedemos.net\/movers-packers-03\/services\/","astra-sites-tag":{"425":"services"},"site-pages-type":"agency-mini","site-pages-page-builder":"beaver-builder","site-pages-category":[],"site-pages-parent-category":{"60":"business"},"required-plugins":[{"slug":"beaver-builder-lite-version","init":"beaver-builder-lite-version\/fl-builder.php","name":"Beaver Builder Plugin (Lite Version)"},{"slug":"bb-ultimate-addon","init":"bb-ultimate-addon\/bb-ultimate-addon.php","name":"Ultimate Addons for Beaver Builder"}]},"id-28830":{"title":"Testimonials","featured-image-url":"https:\/\/websitedemos.net\/wp-content\/uploads\/2019\/08\/movers-packers-03-testimonials-1.jpg","thumbnail-image-url":"https:\/\/websitedemos.net\/wp-content\/uploads\/2019\/08\/movers-packers-03-testimonials-1.jpg","astra-page-api-url":"https:\/\/websitedemos.net\/movers-packers-03\/wp-json\/wp\/v2\/pages\/75","dynamic-page":"no","astra-page-url":"\/\/websitedemos.net\/movers-packers-03\/testimonials\/","astra-sites-tag":{"433":"testimonials"},"site-pages-type":"agency-mini","site-pages-page-builder":"beaver-builder","site-pages-category":[],"site-pages-parent-category":{"60":"business"},"required-plugins":[{"slug":"beaver-builder-lite-version","init":"beaver-builder-lite-version\/fl-builder.php","name":"Beaver Builder Plugin (Lite Version)"},{"slug":"bb-ultimate-addon","init":"bb-ultimate-addon\/bb-ultimate-addon.php","name":"Ultimate Addons for Beaver Builder"}]},"id-28827":{"title":"FAQ","featured-image-url":"https:\/\/websitedemos.net\/wp-content\/uploads\/2019\/08\/movers-packers-03-faq-1.jpg","thumbnail-image-url":"https:\/\/websitedemos.net\/wp-content\/uploads\/2019\/08\/movers-packers-03-faq-1.jpg","astra-page-api-url":"https:\/\/websitedemos.net\/movers-packers-03\/wp-json\/wp\/v2\/pages\/73","dynamic-page":"no","astra-page-url":"\/\/websitedemos.net\/movers-packers-03\/faq\/","astra-sites-tag":{"426":"faq"},"site-pages-type":"agency-mini","site-pages-page-builder":"beaver-builder","site-pages-category":[],"site-pages-parent-category":{"60":"business"},"required-plugins":[{"slug":"beaver-builder-lite-version","init":"beaver-builder-lite-version\/fl-builder.php","name":"Beaver Builder Plugin (Lite Version)"},{"slug":"bb-ultimate-addon","init":"bb-ultimate-addon\/bb-ultimate-addon.php","name":"Ultimate Addons for Beaver Builder"}]},"id-28826":{"title":"Contact","featured-image-url":"https:\/\/websitedemos.net\/wp-content\/uploads\/2019\/08\/movers-packers-03-contact-2.jpg","thumbnail-image-url":"https:\/\/websitedemos.net\/wp-content\/uploads\/2019\/08\/movers-packers-03-contact-2.jpg","astra-page-api-url":"https:\/\/websitedemos.net\/movers-packers-03\/wp-json\/wp\/v2\/pages\/71","dynamic-page":"no","astra-page-url":"\/\/websitedemos.net\/movers-packers-03\/contact\/","astra-sites-tag":{"415":"contact"},"site-pages-type":"agency-mini","site-pages-page-builder":"beaver-builder","site-pages-category":[],"site-pages-parent-category":{"60":"business"},"required-plugins":[{"slug":"beaver-builder-lite-version","init":"beaver-builder-lite-version\/fl-builder.php","name":"Beaver Builder Plugin (Lite Version)"},{"slug":"bb-ultimate-addon","init":"bb-ultimate-addon\/bb-ultimate-addon.php","name":"Ultimate Addons for Beaver Builder"},{"slug":"wpforms-lite","init":"wpforms-lite\/wpforms.php","name":"WPForms Lite"}]}},"related-bb-template":"","related-elementor-template":"","related-gutenberg-template":""},"id-28407":{"title":"Tow Services","id":28407,"publish-date":1564752014,"featured-image-url":"https:\/\/websitedemos.net\/wp-content\/uploads\/2019\/08\/tow-services-03-home01.jpg","thumbnail-image-url":"https:\/\/websitedemos.net\/wp-content\/uploads\/2019\/08\/tow-services-03-home01.jpg","fullpage-thumbnail-image-url":"https:\/\/websitedemos.net\/wp-content\/uploads\/2019\/08\/tow-services-03-home01.jpg","astra-site-url":"\/\/websitedemos.net\/tow-services-03","astra-site-parent-id":358,"astra-sites-tag":{"555":"car-tow-service","554":"emergency-services","556":"tow-services"},"astra-sites-type":"agency-mini","astra-site-category":{"27":"business"},"astra-sites-template-category":[],"astra-site-page-builder":"beaver-builder","categories":{"2473":"transport"},"required-plugins":[{"slug":"beaver-builder-lite-version","init":"beaver-builder-lite-version\/fl-builder.php","name":"Beaver Builder Plugin (Lite Version)"},{"slug":"bb-ultimate-addon","init":"bb-ultimate-addon\/bb-ultimate-addon.php","name":"Ultimate Addons for Beaver Builder"},{"slug":"wpforms-lite","init":"wpforms-lite\/wpforms.php","name":"WPForms Lite"}],"post-status":"publish","post-content":"","post-excerpt":"","pages":{"id-28411":{"title":"Home","featured-image-url":"https:\/\/websitedemos.net\/wp-content\/uploads\/2019\/08\/tow-services-03-home01.jpg","thumbnail-image-url":"https:\/\/websitedemos.net\/wp-content\/uploads\/2019\/08\/tow-services-03-home01.jpg","astra-page-api-url":"https:\/\/websitedemos.net\/tow-services-03\/wp-json\/wp\/v2\/pages\/287","dynamic-page":"no","astra-page-url":"\/\/websitedemos.net\/tow-services-03\/","astra-sites-tag":{"423":"home"},"site-pages-type":"agency-mini","site-pages-page-builder":"beaver-builder","site-pages-category":[],"site-pages-parent-category":{"60":"business"},"required-plugins":[{"slug":"beaver-builder-lite-version","init":"beaver-builder-lite-version\/fl-builder.php","name":"Beaver Builder Plugin (Lite Version)"},{"slug":"bb-ultimate-addon","init":"bb-ultimate-addon\/bb-ultimate-addon.php","name":"Ultimate Addons for Beaver Builder"}]},"id-28408":{"title":"About","featured-image-url":"https:\/\/websitedemos.net\/wp-content\/uploads\/2019\/08\/tow-services-03-about01.jpg","thumbnail-image-url":"https:\/\/websitedemos.net\/wp-content\/uploads\/2019\/08\/tow-services-03-about01.jpg","astra-page-api-url":"https:\/\/websitedemos.net\/tow-services-03\/wp-json\/wp\/v2\/pages\/288","dynamic-page":"no","astra-page-url":"\/\/websitedemos.net\/tow-services-03\/about\/","astra-sites-tag":{"352":"about"},"site-pages-type":"agency-mini","site-pages-page-builder":"beaver-builder","site-pages-category":[],"site-pages-parent-category":{"60":"business"},"required-plugins":[{"slug":"beaver-builder-lite-version","init":"beaver-builder-lite-version\/fl-builder.php","name":"Beaver Builder Plugin (Lite Version)"},{"slug":"bb-ultimate-addon","init":"bb-ultimate-addon\/bb-ultimate-addon.php","name":"Ultimate Addons for Beaver Builder"}]},"id-28412":{"title":"Services","featured-image-url":"https:\/\/websitedemos.net\/wp-content\/uploads\/2019\/08\/tow-services-03-services-1.jpg","thumbnail-image-url":"https:\/\/websitedemos.net\/wp-content\/uploads\/2019\/08\/tow-services-03-services-1.jpg","astra-page-api-url":"https:\/\/websitedemos.net\/tow-services-03\/wp-json\/wp\/v2\/pages\/10","dynamic-page":"no","astra-page-url":"\/\/websitedemos.net\/tow-services-03\/services\/","astra-sites-tag":{"425":"services"},"site-pages-type":"agency-mini","site-pages-page-builder":"beaver-builder","site-pages-category":[],"site-pages-parent-category":{"60":"business"},"required-plugins":[{"slug":"beaver-builder-lite-version","init":"beaver-builder-lite-version\/fl-builder.php","name":"Beaver Builder Plugin (Lite Version)"},{"slug":"bb-ultimate-addon","init":"bb-ultimate-addon\/bb-ultimate-addon.php","name":"Ultimate Addons for Beaver Builder"}]},"id-28413":{"title":"Testimonials","featured-image-url":"https:\/\/websitedemos.net\/wp-content\/uploads\/2019\/08\/tow-services-03-testimonials-1.jpg","thumbnail-image-url":"https:\/\/websitedemos.net\/wp-content\/uploads\/2019\/08\/tow-services-03-testimonials-1.jpg","astra-page-api-url":"https:\/\/websitedemos.net\/tow-services-03\/wp-json\/wp\/v2\/pages\/12","dynamic-page":"no","astra-page-url":"\/\/websitedemos.net\/tow-services-03\/testimonials\/","astra-sites-tag":{"433":"testimonials"},"site-pages-type":"agency-mini","site-pages-page-builder":"beaver-builder","site-pages-category":[],"site-pages-parent-category":{"60":"business"},"required-plugins":[{"slug":"beaver-builder-lite-version","init":"beaver-builder-lite-version\/fl-builder.php","name":"Beaver Builder Plugin (Lite Version)"},{"slug":"bb-ultimate-addon","init":"bb-ultimate-addon\/bb-ultimate-addon.php","name":"Ultimate Addons for Beaver Builder"}]},"id-28410":{"title":"FAQ","featured-image-url":"https:\/\/websitedemos.net\/wp-content\/uploads\/2019\/08\/tow-services-03-faq-1.jpg","thumbnail-image-url":"https:\/\/websitedemos.net\/wp-content\/uploads\/2019\/08\/tow-services-03-faq-1.jpg","astra-page-api-url":"https:\/\/websitedemos.net\/tow-services-03\/wp-json\/wp\/v2\/pages\/14","dynamic-page":"no","astra-page-url":"\/\/websitedemos.net\/tow-services-03\/faq\/","astra-sites-tag":{"426":"faq"},"site-pages-type":"agency-mini","site-pages-page-builder":"beaver-builder","site-pages-category":[],"site-pages-parent-category":{"60":"business"},"required-plugins":[{"slug":"beaver-builder-lite-version","init":"beaver-builder-lite-version\/fl-builder.php","name":"Beaver Builder Plugin (Lite Version)"},{"slug":"bb-ultimate-addon","init":"bb-ultimate-addon\/bb-ultimate-addon.php","name":"Ultimate Addons for Beaver Builder"}]},"id-28409":{"title":"Contact","featured-image-url":"https:\/\/websitedemos.net\/wp-content\/uploads\/2019\/08\/tow-services-03-contact01.jpg","thumbnail-image-url":"https:\/\/websitedemos.net\/wp-content\/uploads\/2019\/08\/tow-services-03-contact01.jpg","astra-page-api-url":"https:\/\/websitedemos.net\/tow-services-03\/wp-json\/wp\/v2\/pages\/16","dynamic-page":"no","astra-page-url":"\/\/websitedemos.net\/tow-services-03\/contact\/","astra-sites-tag":{"415":"contact"},"site-pages-type":"agency-mini","site-pages-page-builder":"beaver-builder","site-pages-category":[],"site-pages-parent-category":{"60":"business"},"required-plugins":[{"slug":"beaver-builder-lite-version","init":"beaver-builder-lite-version\/fl-builder.php","name":"Beaver Builder Plugin (Lite Version)"},{"slug":"bb-ultimate-addon","init":"bb-ultimate-addon\/bb-ultimate-addon.php","name":"Ultimate Addons for Beaver Builder"},{"slug":"wpforms-lite","init":"wpforms-lite\/wpforms.php","name":"WPForms Lite"}]}},"related-bb-template":"","related-elementor-template":"","related-gutenberg-template":""},"id-22675":{"title":"Pet Services","id":22675,"publish-date":1562655449,"featured-image-url":"https:\/\/websitedemos.net\/wp-content\/uploads\/2019\/07\/pet-sitting-homepage.jpg","thumbnail-image-url":"https:\/\/websitedemos.net\/wp-content\/uploads\/2019\/07\/pet-sitting-homepage.jpg","fullpage-thumbnail-image-url":"https:\/\/websitedemos.net\/wp-content\/uploads\/2019\/07\/pet-sitting-homepage.jpg","astra-site-url":"\/\/websitedemos.net\/pet-sitting-02","astra-site-parent-id":908,"astra-sites-tag":{"974":"cat","376":"dog-training","375":"dog-walking","1021":"local-business","374":"pet-care","372":"pet-minding","371":"pet-sitting","373":"pet-training"},"astra-sites-type":"free","astra-site-category":{"27":"business","39":"free"},"astra-sites-template-category":{"2777":"business","2809":"pet-animal","2831":"service"},"astra-site-page-builder":"elementor","categories":{"2472":"pets"},"required-plugins":[{"slug":"elementor","init":"elementor\/elementor.php","name":"Elementor"},{"slug":"header-footer-elementor","init":"header-footer-elementor\/header-footer-elementor.php","name":"Elementor - Header, Footer & Blocks"},{"slug":"wpforms-lite","init":"wpforms-lite\/wpforms.php","name":"WPForms Lite"}],"post-status":"publish","post-content":"<!-- wp:paragraph -->\n<p>The Pet Services template uses an emotive image front and center to begin building a relationship with the reader. That is complemented by friendly fonts, approachable colors and a nice feel throughout the template.<\/p>\n<!-- \/wp:paragraph -->\n\n<!-- wp:paragraph -->\n<p>The design is simple but very effective, with a combination of dark, light and the orange color keeping things light and accessible. There are a range of flexible content areas to help tell your story along with opportunities to accept donations.<\/p>\n<!-- \/wp:paragraph -->\n\n<!-- wp:heading -->\n<h2>Key features of the Pet Services template<\/h2>\n<!-- \/wp:heading -->\n\n<!-- wp:list -->\n<ul><li>Emotive image to being building relationships<\/li><li>Great use of whitespace on all pages<\/li><li>Default colors and fonts work well<\/li><li>Option to accept donations through the website<\/li><li>Full compatibility with leading page builders<\/li><\/ul>\n<!-- \/wp:list -->","post-excerpt":"Emotive template that could be used for any type of pet shop or pet services company","pages":{"id-22679":{"title":"Home","featured-image-url":"https:\/\/websitedemos.net\/wp-content\/uploads\/2019\/07\/pet-sitting-homepage.jpg","thumbnail-image-url":"https:\/\/websitedemos.net\/wp-content\/uploads\/2019\/07\/pet-sitting-homepage.jpg","astra-page-api-url":"https:\/\/websitedemos.net\/pet-sitting-02\/wp-json\/wp\/v2\/pages\/15","dynamic-page":"no","astra-page-url":"\/\/websitedemos.net\/pet-sitting-02\/","astra-sites-tag":{"423":"home"},"site-pages-type":"free","site-pages-page-builder":"elementor","site-pages-category":[],"site-pages-parent-category":{"60":"business","61":"free"},"required-plugins":[{"slug":"elementor","init":"elementor\/elementor.php","name":"Elementor"}]},"id-22676":{"title":"About Us","featured-image-url":"https:\/\/websitedemos.net\/wp-content\/uploads\/2019\/07\/pet-sitting-aboutpage.jpg","thumbnail-image-url":"https:\/\/websitedemos.net\/wp-content\/uploads\/2019\/07\/pet-sitting-aboutpage.jpg","astra-page-api-url":"https:\/\/websitedemos.net\/pet-sitting-02\/wp-json\/wp\/v2\/pages\/16","dynamic-page":"no","astra-page-url":"\/\/websitedemos.net\/pet-sitting-02\/about-us\/","astra-sites-tag":{"352":"about","455":"about-us"},"site-pages-type":"free","site-pages-page-builder":"elementor","site-pages-category":[],"site-pages-parent-category":{"60":"business","61":"free"},"required-plugins":[{"slug":"elementor","init":"elementor\/elementor.php","name":"Elementor"}]},"id-22680":{"title":"Services","featured-image-url":"https:\/\/websitedemos.net\/wp-content\/uploads\/2019\/07\/pet-sitting-services-page.jpg","thumbnail-image-url":"https:\/\/websitedemos.net\/wp-content\/uploads\/2019\/07\/pet-sitting-services-page.jpg","astra-page-api-url":"https:\/\/websitedemos.net\/pet-sitting-02\/wp-json\/wp\/v2\/pages\/18","dynamic-page":"no","astra-page-url":"\/\/websitedemos.net\/pet-sitting-02\/services\/","astra-sites-tag":{"425":"services"},"site-pages-type":"free","site-pages-page-builder":"elementor","site-pages-category":[],"site-pages-parent-category":{"60":"business","61":"free"},"required-plugins":[{"slug":"elementor","init":"elementor\/elementor.php","name":"Elementor"}]},"id-22678":{"title":"Contact Us","featured-image-url":"https:\/\/websitedemos.net\/wp-content\/uploads\/2019\/07\/pet-sitting-get-in-touch.jpg","thumbnail-image-url":"https:\/\/websitedemos.net\/wp-content\/uploads\/2019\/07\/pet-sitting-get-in-touch.jpg","astra-page-api-url":"https:\/\/websitedemos.net\/pet-sitting-02\/wp-json\/wp\/v2\/pages\/20","dynamic-page":"no","astra-page-url":"\/\/websitedemos.net\/pet-sitting-02\/contact-us\/","astra-sites-tag":{"415":"contact","454":"contact-us","377":"get-in-touch"},"site-pages-type":"free","site-pages-page-builder":"elementor","site-pages-category":[],"site-pages-parent-category":{"60":"business","61":"free"},"required-plugins":[{"slug":"elementor","init":"elementor\/elementor.php","name":"Elementor"},{"slug":"wpforms-lite","init":"wpforms-lite\/wpforms.php","name":"WPForms Lite"}]}},"related-bb-template":31976,"related-elementor-template":22675,"related-gutenberg-template":""},"id-22422":{"title":"Pool Services","id":22422,"publish-date":1562220916,"featured-image-url":"https:\/\/websitedemos.net\/wp-content\/uploads\/2019\/07\/pool-services-home.jpg","thumbnail-image-url":"https:\/\/websitedemos.net\/wp-content\/uploads\/2019\/07\/pool-services-home.jpg","fullpage-thumbnail-image-url":"https:\/\/websitedemos.net\/wp-content\/uploads\/2019\/07\/pool-services-home.jpg","astra-site-url":"\/\/websitedemos.net\/pool-services-03","astra-site-parent-id":81,"astra-sites-tag":{"567":"pool-maintenance","569":"swimming-pool","570":"water-pool"},"astra-sites-type":"agency-mini","astra-site-category":{"27":"business"},"astra-sites-template-category":[],"astra-site-page-builder":"beaver-builder","categories":{"2471":"local-technician"},"required-plugins":[{"slug":"beaver-builder-lite-version","init":"beaver-builder-lite-version\/fl-builder.php","name":"Beaver Builder Plugin (Lite Version)"},{"slug":"bb-ultimate-addon","init":"bb-ultimate-addon\/bb-ultimate-addon.php","name":"Ultimate Addons for Beaver Builder"},{"slug":"wpforms-lite","init":"wpforms-lite\/wpforms.php","name":"WPForms Lite"}],"post-status":"publish","post-content":"","post-excerpt":"","pages":{"id-22427":{"title":"Home","featured-image-url":"https:\/\/websitedemos.net\/wp-content\/uploads\/2019\/07\/pool-services-home.jpg","thumbnail-image-url":"https:\/\/websitedemos.net\/wp-content\/uploads\/2019\/07\/pool-services-home.jpg","astra-page-api-url":"https:\/\/websitedemos.net\/pool-services-03\/wp-json\/wp\/v2\/pages\/244","dynamic-page":"no","astra-page-url":"\/\/websitedemos.net\/pool-services-03\/","astra-sites-tag":{"423":"home"},"site-pages-type":"agency-mini","site-pages-page-builder":"beaver-builder","site-pages-category":[],"site-pages-parent-category":{"60":"business"},"required-plugins":[{"slug":"beaver-builder-lite-version","init":"beaver-builder-lite-version\/fl-builder.php","name":"Beaver Builder Plugin (Lite Version)"},{"slug":"bb-ultimate-addon","init":"bb-ultimate-addon\/bb-ultimate-addon.php","name":"Ultimate Addons for Beaver Builder"}]},"id-22423":{"title":"About","featured-image-url":"https:\/\/websitedemos.net\/wp-content\/uploads\/2019\/07\/pool-services-about.jpg","thumbnail-image-url":"https:\/\/websitedemos.net\/wp-content\/uploads\/2019\/07\/pool-services-about.jpg","astra-page-api-url":"https:\/\/websitedemos.net\/pool-services-03\/wp-json\/wp\/v2\/pages\/16","dynamic-page":"no","astra-page-url":"\/\/websitedemos.net\/pool-services-03\/about\/","astra-sites-tag":{"352":"about"},"site-pages-type":"agency-mini","site-pages-page-builder":"beaver-builder","site-pages-category":[],"site-pages-parent-category":{"60":"business"},"required-plugins":[{"slug":"beaver-builder-lite-version","init":"beaver-builder-lite-version\/fl-builder.php","name":"Beaver Builder Plugin (Lite Version)"},{"slug":"bb-ultimate-addon","init":"bb-ultimate-addon\/bb-ultimate-addon.php","name":"Ultimate Addons for Beaver Builder"}]},"id-22429":{"title":"Services","featured-image-url":"https:\/\/websitedemos.net\/wp-content\/uploads\/2019\/07\/pool-services-services.jpg","thumbnail-image-url":"https:\/\/websitedemos.net\/wp-content\/uploads\/2019\/07\/pool-services-services.jpg","astra-page-api-url":"https:\/\/websitedemos.net\/pool-services-03\/wp-json\/wp\/v2\/pages\/14","dynamic-page":"no","astra-page-url":"\/\/websitedemos.net\/pool-services-03\/services\/","astra-sites-tag":{"425":"services"},"site-pages-type":"agency-mini","site-pages-page-builder":"beaver-builder","site-pages-category":[],"site-pages-parent-category":{"60":"business"},"required-plugins":[{"slug":"beaver-builder-lite-version","init":"beaver-builder-lite-version\/fl-builder.php","name":"Beaver Builder Plugin (Lite Version)"},{"slug":"bb-ultimate-addon","init":"bb-ultimate-addon\/bb-ultimate-addon.php","name":"Ultimate Addons for Beaver Builder"}]},"id-22426":{"title":"Gallery","featured-image-url":"https:\/\/websitedemos.net\/wp-content\/uploads\/2019\/07\/pool-services-gallery.jpg","thumbnail-image-url":"https:\/\/websitedemos.net\/wp-content\/uploads\/2019\/07\/pool-services-gallery.jpg","astra-page-api-url":"https:\/\/websitedemos.net\/pool-services-03\/wp-json\/wp\/v2\/pages\/12","dynamic-page":"no","astra-page-url":"\/\/websitedemos.net\/pool-services-03\/gallery\/","astra-sites-tag":{"461":"gallery","444":"portfolio"},"site-pages-type":"agency-mini","site-pages-page-builder":"beaver-builder","site-pages-category":[],"site-pages-parent-category":{"60":"business"},"required-plugins":[{"slug":"beaver-builder-lite-version","init":"beaver-builder-lite-version\/fl-builder.php","name":"Beaver Builder Plugin (Lite Version)"},{"slug":"bb-ultimate-addon","init":"bb-ultimate-addon\/bb-ultimate-addon.php","name":"Ultimate Addons for Beaver Builder"}]},"id-37956":{"title":"Reviews","featured-image-url":"https:\/\/websitedemos.net\/wp-content\/uploads\/2019\/07\/pool-services-reviews.jpg","thumbnail-image-url":"https:\/\/websitedemos.net\/wp-content\/uploads\/2019\/07\/pool-services-reviews.jpg","astra-page-api-url":"https:\/\/websitedemos.net\/pool-services-03\/wp-json\/wp\/v2\/pages\/10","dynamic-page":"no","astra-page-url":"\/\/websitedemos.net\/pool-services-03\/testimonials\/","astra-sites-tag":{"433":"testimonials"},"site-pages-type":"agency-mini","site-pages-page-builder":"beaver-builder","site-pages-category":[],"site-pages-parent-category":{"60":"business"},"required-plugins":[{"slug":"beaver-builder-lite-version","init":"beaver-builder-lite-version\/fl-builder.php","name":"Beaver Builder Plugin (Lite Version)"},{"slug":"bb-ultimate-addon","init":"bb-ultimate-addon\/bb-ultimate-addon.php","name":"Ultimate Addons for Beaver Builder"}]},"id-37955":{"title":"FAQ","featured-image-url":"https:\/\/websitedemos.net\/wp-content\/uploads\/2019\/07\/pool-services-faq.jpg","thumbnail-image-url":"https:\/\/websitedemos.net\/wp-content\/uploads\/2019\/07\/pool-services-faq.jpg","astra-page-api-url":"https:\/\/websitedemos.net\/pool-services-03\/wp-json\/wp\/v2\/pages\/202","dynamic-page":"no","astra-page-url":"\/\/websitedemos.net\/pool-services-03\/faq\/","astra-sites-tag":{"426":"faq"},"site-pages-type":"agency-mini","site-pages-page-builder":"beaver-builder","site-pages-category":[],"site-pages-parent-category":{"60":"business"},"required-plugins":[{"slug":"beaver-builder-lite-version","init":"beaver-builder-lite-version\/fl-builder.php","name":"Beaver Builder Plugin (Lite Version)"},{"slug":"bb-ultimate-addon","init":"bb-ultimate-addon\/bb-ultimate-addon.php","name":"Ultimate Addons for Beaver Builder"}]},"id-22424":{"title":"Contact","featured-image-url":"https:\/\/websitedemos.net\/wp-content\/uploads\/2019\/07\/pool-services-contact.jpg","thumbnail-image-url":"https:\/\/websitedemos.net\/wp-content\/uploads\/2019\/07\/pool-services-contact.jpg","astra-page-api-url":"https:\/\/websitedemos.net\/pool-services-03\/wp-json\/wp\/v2\/pages\/245","dynamic-page":"no","astra-page-url":"\/\/websitedemos.net\/pool-services-03\/contact\/","astra-sites-tag":{"415":"contact"},"site-pages-type":"agency-mini","site-pages-page-builder":"beaver-builder","site-pages-category":[],"site-pages-parent-category":{"60":"business"},"required-plugins":[{"slug":"beaver-builder-lite-version","init":"beaver-builder-lite-version\/fl-builder.php","name":"Beaver Builder Plugin (Lite Version)"},{"slug":"bb-ultimate-addon","init":"bb-ultimate-addon\/bb-ultimate-addon.php","name":"Ultimate Addons for Beaver Builder"},{"slug":"wpforms-lite","init":"wpforms-lite\/wpforms.php","name":"WPForms Lite"}]}},"related-bb-template":"","related-elementor-template":"","related-gutenberg-template":""},"id-22129":{"title":"Shoe Store","id":22129,"publish-date":1561972554,"featured-image-url":"https:\/\/websitedemos.net\/wp-content\/uploads\/2020\/01\/shoe-store-home-page.jpg","thumbnail-image-url":"https:\/\/websitedemos.net\/wp-content\/uploads\/2020\/01\/shoe-store-home-page.jpg","fullpage-thumbnail-image-url":"https:\/\/websitedemos.net\/wp-content\/uploads\/2020\/01\/shoe-store-home-page.jpg","astra-site-url":"\/\/websitedemos.net\/shoe-store-04","astra-site-parent-id":63,"astra-sites-tag":{"2418":"commerce","1017":"e-commerce","496":"ecommerce","1817":"ecommerce-store","2419":"eshopping","2422":"online-market","732":"online-shop","2420":"online-shopping","383":"online-store","2421":"purchases","2417":"reseller","384":"running-shoes","382":"shoe-store","385":"shoes","733":"shop","2416":"shopping","2427":"sports-shoes","749":"store","966":"woo-commerce","1024":"woocommerce"},"astra-sites-type":"agency-mini","astra-site-category":{"27":"business","38":"ecommerce"},"astra-sites-template-category":{"2769":"ecommerce","2857":"online-shopping","2878":"shoes"},"astra-site-page-builder":"elementor","categories":{"2495":"ecommerce"},"required-plugins":[{"slug":"astra-addon","init":"astra-addon\/astra-addon.php","name":"Astra Pro"},{"slug":"elementor","init":"elementor\/elementor.php","name":"Elementor"},{"slug":"ultimate-elementor","init":"ultimate-elementor\/ultimate-elementor.php","name":"Ultimate Addons for Elementor"},{"slug":"woocommerce","init":"woocommerce\/woocommerce.php","name":"WooCommerce"},{"slug":"woo-cart-abandonment-recovery","init":"woo-cart-abandonment-recovery\/woo-cart-abandonment-recovery.php","name":"WooCommerce Cart Abandonment Recovery"},{"slug":"header-footer-elementor","init":"header-footer-elementor\/header-footer-elementor.php","name":"Elementor Header & Footer Builder"},{"slug":"variation-swatches-woo","init":"variation-swatches-woo\/variation-swatches-woo.php","name":"Variation Swatches for WooCommerce"}],"post-status":"publish","post-content":"<!-- wp:paragraph -->\n<p>The Shoe Store template engages as soon as you open the page. It\u2019s an eCommerce website template that sets the scene with a full screen image with graphic overlay and then unfolds into a white page with several product areas, a slider, product highlights and more.<\/p>\n<!-- \/wp:paragraph -->\n\n<!-- wp:paragraph -->\n<p>The overall design is modern, sleek and set the scene for buying. It has an excellent layout, lots of whitespace and flexible content areas you can customize to suit your exact needs. It would work for any type of store!<\/p>\n<!-- \/wp:paragraph -->\n\n<!-- wp:heading -->\n<h2>Key features of the Shoe Store template<\/h2>\n<!-- \/wp:heading -->\n\n<!-- wp:list -->\n<ul><li>Engaging eCommerce template designed to sell<\/li><li>Flexible content and product areas on every page<\/li><li>Cart in the header for seamless checkout<\/li><li>Can be customized to suit any type of store<\/li><li>Full compatibility with leading page builders<\/li><\/ul>\n<!-- \/wp:list -->","post-excerpt":"Engaging eCommerce template that can be used for any type of online store","pages":{"id-40007":{"title":"Home","featured-image-url":"https:\/\/websitedemos.net\/wp-content\/uploads\/2020\/01\/shoe-store-home-page.jpg","thumbnail-image-url":"https:\/\/websitedemos.net\/wp-content\/uploads\/2020\/01\/shoe-store-home-page.jpg","astra-page-api-url":"https:\/\/websitedemos.net\/shoe-store-04\/wp-json\/wp\/v2\/pages\/9","dynamic-page":"yes","astra-page-url":"\/\/websitedemos.net\/shoe-store-04\/","astra-sites-tag":{"423":"home","814":"homepage"},"site-pages-type":"agency-mini","site-pages-page-builder":"elementor","site-pages-category":[],"site-pages-parent-category":{"60":"business","64":"ecommerce"},"required-plugins":[{"slug":"elementor","init":"elementor\/elementor.php","name":"Elementor"},{"slug":"ultimate-elementor","init":"ultimate-elementor\/ultimate-elementor.php","name":"Ultimate Addons for Elementor"}]},"id-40005":{"title":"About","featured-image-url":"https:\/\/websitedemos.net\/wp-content\/uploads\/2020\/01\/shoe-store-04-about.jpg","thumbnail-image-url":"https:\/\/websitedemos.net\/wp-content\/uploads\/2020\/01\/shoe-store-04-about.jpg","astra-page-api-url":"https:\/\/websitedemos.net\/shoe-store-04\/wp-json\/wp\/v2\/pages\/152","dynamic-page":"no","astra-page-url":"\/\/websitedemos.net\/shoe-store-04\/about\/","astra-sites-tag":{"352":"about"},"site-pages-type":"agency-mini","site-pages-page-builder":"elementor","site-pages-category":[],"site-pages-parent-category":{"60":"business","64":"ecommerce"},"required-plugins":[{"slug":"elementor","init":"elementor\/elementor.php","name":"Elementor"},{"slug":"ultimate-elementor","init":"ultimate-elementor\/ultimate-elementor.php","name":"Ultimate Addons for Elementor"}]},"id-40006":{"title":"Contact","featured-image-url":"https:\/\/websitedemos.net\/wp-content\/uploads\/2019\/07\/id-22146-shoe-store-contact-resize.jpg","thumbnail-image-url":"https:\/\/websitedemos.net\/wp-content\/uploads\/2019\/07\/id-22146-shoe-store-contact-resize.jpg","astra-page-api-url":"https:\/\/websitedemos.net\/shoe-store-04\/wp-json\/wp\/v2\/pages\/153","dynamic-page":"no","astra-page-url":"\/\/websitedemos.net\/shoe-store-04\/contact\/","astra-sites-tag":{"415":"contact","454":"contact-us"},"site-pages-type":"agency-mini","site-pages-page-builder":"elementor","site-pages-category":[],"site-pages-parent-category":{"60":"business","64":"ecommerce"},"required-plugins":[{"slug":"elementor","init":"elementor\/elementor.php","name":"Elementor"},{"slug":"ultimate-elementor","init":"ultimate-elementor\/ultimate-elementor.php","name":"Ultimate Addons for Elementor"}]}},"related-bb-template":22296,"related-elementor-template":22129,"related-gutenberg-template":""},"id-22296":{"title":"Shoe Store","id":22296,"publish-date":1561972334,"featured-image-url":"https:\/\/websitedemos.net\/wp-content\/uploads\/2020\/01\/shoe-store-03-home.jpg","thumbnail-image-url":"https:\/\/websitedemos.net\/wp-content\/uploads\/2020\/01\/shoe-store-03-home.jpg","fullpage-thumbnail-image-url":"https:\/\/websitedemos.net\/wp-content\/uploads\/2020\/01\/shoe-store-03-home.jpg","astra-site-url":"\/\/websitedemos.net\/shoe-store-03","astra-site-parent-id":71,"astra-sites-tag":{"2418":"commerce","1017":"e-commerce","496":"ecommerce","1817":"ecommerce-store","2419":"eshopping","2422":"online-market","732":"online-shop","2420":"online-shopping","383":"online-store","2421":"purchases","2417":"reseller","384":"running-shoes","382":"shoe-store","385":"shoes","733":"shop","2416":"shopping","2427":"sports-shoes","749":"store","966":"woo-commerce","1024":"woocommerce"},"astra-sites-type":"agency-mini","astra-site-category":{"27":"business","38":"ecommerce"},"astra-sites-template-category":[],"astra-site-page-builder":"beaver-builder","categories":{"2495":"ecommerce"},"required-plugins":[{"slug":"beaver-builder-lite-version","init":"beaver-builder-lite-version\/fl-builder.php","name":"Beaver Builder Plugin (Lite Version)"},{"slug":"bb-ultimate-addon","init":"bb-ultimate-addon\/bb-ultimate-addon.php","name":"Ultimate Addons for Beaver Builder"},{"slug":"woocommerce","init":"woocommerce\/woocommerce.php","name":"WooCommerce"},{"slug":"woo-cart-abandonment-recovery","init":"woo-cart-abandonment-recovery\/woo-cart-abandonment-recovery.php","name":"WooCommerce Cart Abandonment Recovery"},{"slug":"variation-swatches-woo","init":"variation-swatches-woo\/variation-swatches-woo.php","name":"Variation Swatches for WooCommerce"}],"post-status":"publish","post-content":"","post-excerpt":"","pages":{"id-39990":{"title":"Home","featured-image-url":"https:\/\/websitedemos.net\/wp-content\/uploads\/2020\/01\/shoe-store-03-home-1.jpg","thumbnail-image-url":"https:\/\/websitedemos.net\/wp-content\/uploads\/2020\/01\/shoe-store-03-home-1.jpg","astra-page-api-url":"https:\/\/websitedemos.net\/shoe-store-03\/wp-json\/wp\/v2\/pages\/9","dynamic-page":"yes","astra-page-url":"\/\/websitedemos.net\/shoe-store-03\/","astra-sites-tag":{"423":"home","814":"homepage"},"site-pages-type":"agency-mini","site-pages-page-builder":"beaver-builder","site-pages-category":[],"site-pages-parent-category":{"60":"business","64":"ecommerce"},"required-plugins":[{"slug":"beaver-builder-lite-version","init":"beaver-builder-lite-version\/fl-builder.php","name":"Beaver Builder Plugin (Lite Version)"},{"slug":"bb-ultimate-addon","init":"bb-ultimate-addon\/bb-ultimate-addon.php","name":"Ultimate Addons for Beaver Builder"}]},"id-39988":{"title":"About","featured-image-url":"https:\/\/websitedemos.net\/wp-content\/uploads\/2020\/01\/shoe-store-03-about01.jpg","thumbnail-image-url":"https:\/\/websitedemos.net\/wp-content\/uploads\/2020\/01\/shoe-store-03-about01.jpg","astra-page-api-url":"https:\/\/websitedemos.net\/shoe-store-03\/wp-json\/wp\/v2\/pages\/152","dynamic-page":"no","astra-page-url":"\/\/websitedemos.net\/shoe-store-03\/about\/","astra-sites-tag":{"352":"about"},"site-pages-type":"agency-mini","site-pages-page-builder":"beaver-builder","site-pages-category":[],"site-pages-parent-category":{"60":"business","64":"ecommerce"},"required-plugins":[{"slug":"beaver-builder-lite-version","init":"beaver-builder-lite-version\/fl-builder.php","name":"Beaver Builder Plugin (Lite Version)"},{"slug":"bb-ultimate-addon","init":"bb-ultimate-addon\/bb-ultimate-addon.php","name":"Ultimate Addons for Beaver Builder"}]},"id-39989":{"title":"Contact","featured-image-url":"https:\/\/websitedemos.net\/wp-content\/uploads\/2020\/01\/shoe-store-03-contact01.jpg","thumbnail-image-url":"https:\/\/websitedemos.net\/wp-content\/uploads\/2020\/01\/shoe-store-03-contact01.jpg","astra-page-api-url":"https:\/\/websitedemos.net\/shoe-store-03\/wp-json\/wp\/v2\/pages\/153","dynamic-page":"no","astra-page-url":"\/\/websitedemos.net\/shoe-store-03\/contact\/","astra-sites-tag":{"415":"contact","454":"contact-us"},"site-pages-type":"agency-mini","site-pages-page-builder":"beaver-builder","site-pages-category":[],"site-pages-parent-category":{"60":"business","64":"ecommerce"},"required-plugins":[{"slug":"beaver-builder-lite-version","init":"beaver-builder-lite-version\/fl-builder.php","name":"Beaver Builder Plugin (Lite Version)"},{"slug":"bb-ultimate-addon","init":"bb-ultimate-addon\/bb-ultimate-addon.php","name":"Ultimate Addons for Beaver Builder"}]}},"related-bb-template":"","related-elementor-template":"","related-gutenberg-template":""},"id-22073":{"title":"Custom Printing","id":22073,"publish-date":1561631097,"featured-image-url":"https:\/\/websitedemos.net\/wp-content\/uploads\/2019\/10\/custom-printing-02-homepage.jpg","thumbnail-image-url":"https:\/\/websitedemos.net\/wp-content\/uploads\/2019\/10\/custom-printing-02-homepage.jpg","fullpage-thumbnail-image-url":"https:\/\/websitedemos.net\/wp-content\/uploads\/2019\/10\/custom-printing-02-homepage.jpg","astra-site-url":"\/\/websitedemos.net\/custom-printing-02","astra-site-parent-id":70,"astra-sites-tag":{"2418":"commerce","400":"custom-printing","1017":"e-commerce","496":"ecommerce","1817":"ecommerce-store","2419":"eshopping","881":"mug-printing","2422":"online-market","732":"online-shop","2420":"online-shopping","383":"online-store","967":"product-store","2421":"purchases","2417":"reseller","733":"shop","2416":"shopping","749":"store","405":"t-shirt-printing","966":"woo-commerce","1024":"woocommerce"},"astra-sites-type":"free","astra-site-category":{"38":"ecommerce","39":"free"},"astra-sites-template-category":{"2769":"ecommerce","2857":"online-shopping"},"astra-site-page-builder":"elementor","categories":{"2495":"ecommerce"},"required-plugins":[{"slug":"elementor","init":"elementor\/elementor.php","name":"Elementor"},{"slug":"woocommerce","init":"woocommerce\/woocommerce.php","name":"WooCommerce"},{"slug":"wpforms-lite","init":"wpforms-lite\/wpforms.php","name":"WPForms Lite"},{"slug":"woo-cart-abandonment-recovery","init":"woo-cart-abandonment-recovery\/woo-cart-abandonment-recovery.php","name":"WooCommerce Cart Abandonment Recovery"},{"slug":"variation-swatches-woo","init":"variation-swatches-woo\/variation-swatches-woo.php","name":"Variation Swatches for WooCommerce"}],"post-status":"publish","post-content":"<!-- wp:paragraph -->\n<p>The Custom Printing online is an online store template with an energetic, youthful vibe. It could be ideal for any type of store and could be fully customized with ease thanks to page builder compatibility.<\/p>\n<!-- \/wp:paragraph -->\n\n<!-- wp:paragraph -->\n<p>The design uses whitespace well and uses imagery to help create that feeling of engagement. There are areas for special offers, featured products and content areas you can use to showcase your products.<\/p>\n<!-- \/wp:paragraph -->\n\n<!-- wp:heading -->\n<h2>Key features of the Custom Printing template<\/h2>\n<!-- \/wp:heading -->\n\n<!-- wp:list -->\n<ul><!-- wp:list-item -->\n<li>Youthful eCommerce template with instant appeal<\/li>\n<!-- \/wp:list-item -->\n\n<!-- wp:list-item -->\n<li>Uses images and superb layout to create engagement<\/li>\n<!-- \/wp:list-item -->\n\n<!-- wp:list-item -->\n<li>Featured product and highlight sections included<\/li>\n<!-- \/wp:list-item -->\n\n<!-- wp:list-item -->\n<li>Attractive product and category pages<\/li>\n<!-- \/wp:list-item -->\n\n<!-- wp:list-item -->\n<li>Full compatibility with leading page builders<\/li>\n<!-- \/wp:list-item --><\/ul>\n<!-- \/wp:list -->","post-excerpt":"Youthful eCommerce template designed to sell any kind of product with ease","pages":{"id-34067":{"title":"Home","featured-image-url":"https:\/\/websitedemos.net\/wp-content\/uploads\/2019\/10\/custom-printing-02-homepage.jpg","thumbnail-image-url":"https:\/\/websitedemos.net\/wp-content\/uploads\/2019\/10\/custom-printing-02-homepage.jpg","astra-page-api-url":"https:\/\/websitedemos.net\/custom-printing-02\/wp-json\/wp\/v2\/pages\/95","dynamic-page":"yes","astra-page-url":"\/\/websitedemos.net\/custom-printing-02\/","astra-sites-tag":{"423":"home"},"site-pages-type":"free","site-pages-page-builder":"elementor","site-pages-category":[],"site-pages-parent-category":{"64":"ecommerce","61":"free"},"required-plugins":[{"slug":"elementor","init":"elementor\/elementor.php","name":"Elementor"}]},"id-22263":{"title":"About","featured-image-url":"https:\/\/websitedemos.net\/wp-content\/uploads\/2019\/06\/custom-printing-02-about-1.jpg","thumbnail-image-url":"https:\/\/websitedemos.net\/wp-content\/uploads\/2019\/06\/custom-printing-02-about-1.jpg","astra-page-api-url":"https:\/\/websitedemos.net\/custom-printing-02\/wp-json\/wp\/v2\/pages\/96","dynamic-page":"no","astra-page-url":"\/\/websitedemos.net\/custom-printing-02\/about\/","astra-sites-tag":{"352":"about"},"site-pages-type":"free","site-pages-page-builder":"elementor","site-pages-category":[],"site-pages-parent-category":{"64":"ecommerce","61":"free"},"required-plugins":[{"slug":"elementor","init":"elementor\/elementor.php","name":"Elementor"}]},"id-22265":{"title":"Contact","featured-image-url":"https:\/\/websitedemos.net\/wp-content\/uploads\/2019\/06\/custom-printing-02-contact-1.jpg","thumbnail-image-url":"https:\/\/websitedemos.net\/wp-content\/uploads\/2019\/06\/id-22265-custom-printing-contact-resize.jpg","astra-page-api-url":"https:\/\/websitedemos.net\/custom-printing-02\/wp-json\/wp\/v2\/pages\/15","dynamic-page":"no","astra-page-url":"\/\/websitedemos.net\/custom-printing-02\/contact\/","astra-sites-tag":{"415":"contact"},"site-pages-type":"free","site-pages-page-builder":"elementor","site-pages-category":[],"site-pages-parent-category":{"64":"ecommerce","61":"free"},"required-plugins":[{"slug":"elementor","init":"elementor\/elementor.php","name":"Elementor"},{"slug":"wpforms-lite","init":"wpforms-lite\/wpforms.php","name":"WPForms Lite"}]}},"related-bb-template":21821,"related-elementor-template":22073,"related-gutenberg-template":49095},"id-48300":{"title":"Custom Printing","id":48300,"publish-date":1603905872,"featured-image-url":"https:\/\/websitedemos.net\/wp-content\/uploads\/2020\/10\/custom-printing-08.jpg","thumbnail-image-url":"https:\/\/websitedemos.net\/wp-content\/uploads\/2020\/10\/custom-printing-08-600x2002.jpg","fullpage-thumbnail-image-url":"https:\/\/websitedemos.net\/wp-content\/uploads\/2020\/10\/custom-printing-08-400x1335.jpg","astra-site-url":"\/\/websitedemos.net\/custom-printing-08","astra-site-parent-id":1719,"astra-sites-tag":{"2418":"commerce","400":"custom-printing","1017":"e-commerce","496":"ecommerce","1817":"ecommerce-store","2419":"eshopping","881":"mug-printing","2422":"online-market","732":"online-shop","2420":"online-shopping","383":"online-store","967":"product-store","2421":"purchases","2417":"reseller","733":"shop","2416":"shopping","749":"store","405":"t-shirt-printing","966":"woo-commerce","1024":"woocommerce"},"astra-sites-type":"free","astra-site-category":{"38":"ecommerce","39":"free"},"astra-sites-template-category":[],"astra-site-page-builder":"gutenberg","categories":{"2495":"ecommerce"},"required-plugins":[{"slug":"ultimate-addons-for-gutenberg","init":"ultimate-addons-for-gutenberg\/ultimate-addons-for-gutenberg.php","name":"Spectra"},{"slug":"woocommerce","init":"woocommerce\/woocommerce.php","name":"WooCommerce"},{"slug":"wpforms-lite","init":"wpforms-lite\/wpforms.php","name":"WPForms Lite"},{"slug":"woo-cart-abandonment-recovery","init":"woo-cart-abandonment-recovery\/woo-cart-abandonment-recovery.php","name":"WooCommerce Cart Abandonment Recovery"},{"slug":"astra-widgets","init":"astra-widgets\/astra-widgets.php","name":"Astra Widgets"},{"slug":"variation-swatches-woo","init":"variation-swatches-woo\/variation-swatches-woo.php","name":"Variation Swatches for WooCommerce"}],"post-status":"publish","post-content":"","post-excerpt":"","pages":{"id-48303":{"title":"Home","featured-image-url":"https:\/\/websitedemos.net\/wp-content\/uploads\/2020\/10\/custom-printing-08.jpg","thumbnail-image-url":"https:\/\/websitedemos.net\/wp-content\/uploads\/2020\/10\/custom-printing-08-600x2002.jpg","astra-page-api-url":"https:\/\/websitedemos.net\/custom-printing-08\/wp-json\/wp\/v2\/pages\/2089","dynamic-page":"yes","astra-page-url":"\/\/websitedemos.net\/custom-printing-08\/","astra-sites-tag":{"814":"homepage"},"site-pages-type":"free","site-pages-page-builder":"gutenberg","site-pages-category":[],"site-pages-parent-category":{"64":"ecommerce","61":"free"},"required-plugins":[{"slug":"ultimate-addons-for-gutenberg","init":"ultimate-addons-for-gutenberg\/ultimate-addons-for-gutenberg.php","name":"Spectra"}]},"id-48301":{"title":"About","featured-image-url":"https:\/\/websitedemos.net\/wp-content\/uploads\/2020\/10\/custom-printing-08-about.jpg","thumbnail-image-url":"https:\/\/websitedemos.net\/wp-content\/uploads\/2020\/10\/custom-printing-08-about-600x1552.jpg","astra-page-api-url":"https:\/\/websitedemos.net\/custom-printing-08\/wp-json\/wp\/v2\/pages\/2161","dynamic-page":"no","astra-page-url":"\/\/websitedemos.net\/custom-printing-08\/about\/","astra-sites-tag":{"352":"about"},"site-pages-type":"free","site-pages-page-builder":"gutenberg","site-pages-category":[],"site-pages-parent-category":{"64":"ecommerce","61":"free"},"required-plugins":[{"slug":"ultimate-addons-for-gutenberg","init":"ultimate-addons-for-gutenberg\/ultimate-addons-for-gutenberg.php","name":"Spectra"}]},"id-48302":{"title":"Contact","featured-image-url":"https:\/\/websitedemos.net\/wp-content\/uploads\/2020\/10\/custom-printing-08-contact.jpg","thumbnail-image-url":"https:\/\/websitedemos.net\/wp-content\/uploads\/2020\/10\/custom-printing-08-contact-600x554.jpg","astra-page-api-url":"https:\/\/websitedemos.net\/custom-printing-08\/wp-json\/wp\/v2\/pages\/2162","dynamic-page":"no","astra-page-url":"\/\/websitedemos.net\/custom-printing-08\/contact\/","astra-sites-tag":{"415":"contact"},"site-pages-type":"free","site-pages-page-builder":"gutenberg","site-pages-category":[],"site-pages-parent-category":{"64":"ecommerce","61":"free"},"required-plugins":[{"slug":"ultimate-addons-for-gutenberg","init":"ultimate-addons-for-gutenberg\/ultimate-addons-for-gutenberg.php","name":"Spectra"},{"slug":"wpforms-lite","init":"wpforms-lite\/wpforms.php","name":"WPForms Lite"}]}},"related-bb-template":"","related-elementor-template":"","related-gutenberg-template":""},"id-55450":{"title":"Professional Services","id":55450,"publish-date":1621891265,"featured-image-url":"https:\/\/websitedemos.net\/wp-content\/uploads\/2021\/05\/professional-services-02-1.jpg","thumbnail-image-url":"https:\/\/websitedemos.net\/wp-content\/uploads\/2021\/05\/professional-services-02-1.jpg","fullpage-thumbnail-image-url":"https:\/\/websitedemos.net\/wp-content\/uploads\/2021\/05\/professional-services-02-1.jpg","astra-site-url":"\/\/websitedemos.net\/professional-services-02","astra-site-parent-id":2122,"astra-sites-tag":{"2131":"accounting-firm","2135":"advisory-services","2134":"advocate","2133":"advocate-firm","2132":"auditing-firm","2136":"business-coaching","2129":"professional-coaching"},"astra-sites-type":"free","astra-site-category":{"27":"business","39":"free"},"astra-sites-template-category":{"2777":"business","2825":"coaching","2794":"consulting","2831":"service"},"astra-site-page-builder":"elementor","categories":{"2483":"expert-services"},"required-plugins":[{"slug":"elementor","init":"elementor\/elementor.php","name":"Elementor"},{"slug":"wpforms-lite","init":"wpforms-lite\/wpforms.php","name":"WPForms Lite"}],"post-status":"publish","post-content":"<!-- wp:paragraph -->\n<p>The Professional Services template is a flexible business template that could be used for any type of website. It uses classic design with light and dark areas, images and a calm yellow contrast color.<\/p>\n<!-- \/wp:paragraph -->\n\n<!-- wp:paragraph -->\n<p>The template includes essential content areas for products and services and the ability to add, change or remove anything you see on the page. It\u2019s a very relaxed design that could work for many types of business with minimal effort.<\/p>\n<!-- \/wp:paragraph -->\n\n<!-- wp:heading -->\n<h2>Key features of the Professional Services template<\/h2>\n<!-- \/wp:heading -->\n\n<!-- wp:list -->\n<ul><li>Calm, professional template ideal for any niche<\/li><li>Classic design with light, dark, images and content<\/li><li>Create a business website with minimal effort<\/li><li>Effective contrast color for calls to action<\/li><li>Full compatibility with leading page builders<\/li><\/ul>\n<!-- \/wp:list -->","post-excerpt":"Calm web design that includes everything the modern business needs to communicate","pages":[],"related-bb-template":"","related-elementor-template":55450,"related-gutenberg-template":55455},"id-55455":{"title":"Professional Services","id":55455,"publish-date":1621891263,"featured-image-url":"https:\/\/websitedemos.net\/wp-content\/uploads\/2021\/05\/professional-services-08-2.jpg","thumbnail-image-url":"https:\/\/websitedemos.net\/wp-content\/uploads\/2021\/05\/professional-services-08-2-600x1765.jpg","fullpage-thumbnail-image-url":"https:\/\/websitedemos.net\/wp-content\/uploads\/2021\/05\/professional-services-08-2-400x1177.jpg","astra-site-url":"\/\/websitedemos.net\/professional-services-08","astra-site-parent-id":2123,"astra-sites-tag":{"2131":"accounting-firm","2135":"advisory-services","2134":"advocate","2133":"advocate-firm","2132":"auditing-firm","2136":"business-coaching","2129":"professional-coaching"},"astra-sites-type":"free","astra-site-category":{"27":"business","39":"free"},"astra-sites-template-category":[],"astra-site-page-builder":"gutenberg","categories":{"2483":"expert-services"},"required-plugins":[{"slug":"wpforms-lite","init":"wpforms-lite\/wpforms.php","name":"WPForms Lite"},{"slug":"ultimate-addons-for-gutenberg","init":"ultimate-addons-for-gutenberg\/ultimate-addons-for-gutenberg.php","name":"Spectra"}],"post-status":"publish","post-content":"","post-excerpt":"","pages":{"id-55459":{"title":"Services","featured-image-url":"https:\/\/websitedemos.net\/wp-content\/uploads\/2021\/05\/professional-services-08-services-1.jpg","thumbnail-image-url":"https:\/\/websitedemos.net\/wp-content\/uploads\/2021\/05\/professional-services-08-services-1-600x1034.jpg","astra-page-api-url":"https:\/\/websitedemos.net\/professional-services-08\/wp-json\/wp\/v2\/pages\/8","dynamic-page":"no","astra-page-url":"\/\/websitedemos.net\/professional-services-08\/services\/","astra-sites-tag":{"425":"services"},"site-pages-type":"free","site-pages-page-builder":"gutenberg","site-pages-category":[],"site-pages-parent-category":{"60":"business","61":"free"},"required-plugins":[{"slug":"ultimate-addons-for-gutenberg","init":"ultimate-addons-for-gutenberg\/ultimate-addons-for-gutenberg.php","name":"Spectra"}]},"id-55456":{"title":"About Us","featured-image-url":"https:\/\/websitedemos.net\/wp-content\/uploads\/2021\/05\/professional-services-08-about-us-1.jpg","thumbnail-image-url":"https:\/\/websitedemos.net\/wp-content\/uploads\/2021\/05\/professional-services-08-about-us-1-600x1490.jpg","astra-page-api-url":"https:\/\/websitedemos.net\/professional-services-08\/wp-json\/wp\/v2\/pages\/7","dynamic-page":"no","astra-page-url":"\/\/websitedemos.net\/professional-services-08\/about-us\/","astra-sites-tag":{"352":"about"},"site-pages-type":"free","site-pages-page-builder":"gutenberg","site-pages-category":[],"site-pages-parent-category":{"60":"business","61":"free"},"required-plugins":[{"slug":"ultimate-addons-for-gutenberg","init":"ultimate-addons-for-gutenberg\/ultimate-addons-for-gutenberg.php","name":"Spectra"}]},"id-55457":{"title":"Contact Us","featured-image-url":"https:\/\/websitedemos.net\/wp-content\/uploads\/2021\/05\/professional-services-08-contact-us-1.jpg","thumbnail-image-url":"https:\/\/websitedemos.net\/wp-content\/uploads\/2021\/05\/professional-services-08-contact-us-1-600x1010.jpg","astra-page-api-url":"https:\/\/websitedemos.net\/professional-services-08\/wp-json\/wp\/v2\/pages\/9","dynamic-page":"no","astra-page-url":"\/\/websitedemos.net\/professional-services-08\/contact-us\/","astra-sites-tag":{"415":"contact"},"site-pages-type":"free","site-pages-page-builder":"gutenberg","site-pages-category":[],"site-pages-parent-category":{"60":"business","61":"free"},"required-plugins":[{"slug":"ultimate-addons-for-gutenberg","init":"ultimate-addons-for-gutenberg\/ultimate-addons-for-gutenberg.php","name":"Spectra"},{"slug":"wpforms-lite","init":"wpforms-lite\/wpforms.php","name":"WPForms Lite"}]},"id-55458":{"title":"Home","featured-image-url":"https:\/\/websitedemos.net\/wp-content\/uploads\/2021\/05\/professional-services-08-2.jpg","thumbnail-image-url":"https:\/\/websitedemos.net\/wp-content\/uploads\/2021\/05\/professional-services-08-2-600x1765.jpg","astra-page-api-url":"https:\/\/websitedemos.net\/professional-services-08\/wp-json\/wp\/v2\/pages\/6","dynamic-page":"no","astra-page-url":"\/\/websitedemos.net\/professional-services-08\/","astra-sites-tag":{"423":"home"},"site-pages-type":"free","site-pages-page-builder":"gutenberg","site-pages-category":[],"site-pages-parent-category":{"60":"business","61":"free"},"required-plugins":[{"slug":"ultimate-addons-for-gutenberg","init":"ultimate-addons-for-gutenberg\/ultimate-addons-for-gutenberg.php","name":"Spectra"}]}},"related-bb-template":"","related-elementor-template":"","related-gutenberg-template":""}}