{"id-74201":{"title":"Business Consultancy Firm","id":74201,"publish-date":1685384818,"featured-image-url":"https:\/\/websitedemos.net\/wp-content\/uploads\/2023\/05\/business-consultancy-firm-07.jpg","thumbnail-image-url":"https:\/\/websitedemos.net\/wp-content\/uploads\/2023\/05\/business-consultancy-firm-07-600x2458.jpg","fullpage-thumbnail-image-url":"https:\/\/websitedemos.net\/wp-content\/uploads\/2023\/05\/business-consultancy-firm-07-400x1639.jpg","astra-site-url":"\/\/websitedemos.net\/business-consultancy-firm-07","astra-site-parent-id":3203,"astra-sites-tag":{"663":"agency","2285":"business-consultancy","2286":"business-consultancy-firm","2288":"business-consulting","2050":"business-consulting-company","979":"company","2287":"consultancy-services","2289":"financial-consulting","2292":"hr-consulting","2290":"sales-marketing","2291":"technology-consulting"},"astra-sites-type":"premium","astra-site-category":{"27":"business"},"astra-sites-template-category":{"2777":"business","2825":"coaching","2794":"consulting","2768":"portfolio"},"astra-site-page-builder":"gutenberg","categories":{"2483":"expert-services"},"required-plugins":[{"slug":"ultimate-addons-for-gutenberg","init":"ultimate-addons-for-gutenberg\/ultimate-addons-for-gutenberg.php","name":"Spectra"}],"post-status":"publish","post-content":"","post-excerpt":"","pages":{"id-74212":{"title":"Training","featured-image-url":"https:\/\/websitedemos.net\/wp-content\/uploads\/2023\/05\/business-consultancy-firm-07-training.jpg","thumbnail-image-url":"https:\/\/websitedemos.net\/wp-content\/uploads\/2023\/05\/business-consultancy-firm-07-training-600x1805.jpg","astra-page-api-url":"https:\/\/websitedemos.net\/business-consultancy-firm-07\/wp-json\/wp\/v2\/pages\/968","dynamic-page":"no","astra-page-url":"\/\/websitedemos.net\/business-consultancy-firm-07\/training\/","astra-sites-tag":{"721":"training"},"site-pages-type":"premium","site-pages-page-builder":"gutenberg","site-pages-category":[],"site-pages-parent-category":{"60":"business"},"required-plugins":[{"slug":"ultimate-addons-for-gutenberg","init":"ultimate-addons-for-gutenberg\/ultimate-addons-for-gutenberg.php","name":"Spectra"}]},"id-74203":{"title":"Business Consulting","featured-image-url":"https:\/\/websitedemos.net\/wp-content\/uploads\/2023\/05\/business-consultancy-firm-07-business-consulting.jpg","thumbnail-image-url":"https:\/\/websitedemos.net\/wp-content\/uploads\/2023\/05\/business-consultancy-firm-07-business-consulting-600x1782.jpg","astra-page-api-url":"https:\/\/websitedemos.net\/business-consultancy-firm-07\/wp-json\/wp\/v2\/pages\/962","dynamic-page":"no","astra-page-url":"\/\/websitedemos.net\/business-consultancy-firm-07\/business-consulting\/","astra-sites-tag":{"2288":"business-consulting"},"site-pages-type":"premium","site-pages-page-builder":"gutenberg","site-pages-category":[],"site-pages-parent-category":{"60":"business"},"required-plugins":[{"slug":"ultimate-addons-for-gutenberg","init":"ultimate-addons-for-gutenberg\/ultimate-addons-for-gutenberg.php","name":"Spectra"}]},"id-74204":{"title":"Contact","featured-image-url":"https:\/\/websitedemos.net\/wp-content\/uploads\/2023\/05\/business-consultancy-firm-07-contact.jpg","thumbnail-image-url":"https:\/\/websitedemos.net\/wp-content\/uploads\/2023\/05\/business-consultancy-firm-07-contact-600x1250.jpg","astra-page-api-url":"https:\/\/websitedemos.net\/business-consultancy-firm-07\/wp-json\/wp\/v2\/pages\/972","dynamic-page":"no","astra-page-url":"\/\/websitedemos.net\/business-consultancy-firm-07\/contact\/","astra-sites-tag":{"415":"contact"},"site-pages-type":"premium","site-pages-page-builder":"gutenberg","site-pages-category":[],"site-pages-parent-category":{"60":"business"},"required-plugins":[{"slug":"ultimate-addons-for-gutenberg","init":"ultimate-addons-for-gutenberg\/ultimate-addons-for-gutenberg.php","name":"Spectra"}]},"id-74205":{"title":"Financial Consulting","featured-image-url":"https:\/\/websitedemos.net\/wp-content\/uploads\/2023\/05\/business-consultancy-firm-07-financial-consulting.jpg","thumbnail-image-url":"https:\/\/websitedemos.net\/wp-content\/uploads\/2023\/05\/business-consultancy-firm-07-financial-consulting-600x1782.jpg","astra-page-api-url":"https:\/\/websitedemos.net\/business-consultancy-firm-07\/wp-json\/wp\/v2\/pages\/963","dynamic-page":"no","astra-page-url":"\/\/websitedemos.net\/business-consultancy-firm-07\/financial-consulting\/","astra-sites-tag":{"2289":"financial-consulting"},"site-pages-type":"premium","site-pages-page-builder":"gutenberg","site-pages-category":[],"site-pages-parent-category":{"60":"business"},"required-plugins":[{"slug":"ultimate-addons-for-gutenberg","init":"ultimate-addons-for-gutenberg\/ultimate-addons-for-gutenberg.php","name":"Spectra"}]},"id-74206":{"title":"Home","featured-image-url":"https:\/\/websitedemos.net\/wp-content\/uploads\/2023\/05\/business-consultancy-firm-07.jpg","thumbnail-image-url":"https:\/\/websitedemos.net\/wp-content\/uploads\/2023\/05\/business-consultancy-firm-07-600x2458.jpg","astra-page-api-url":"https:\/\/websitedemos.net\/business-consultancy-firm-07\/wp-json\/wp\/v2\/pages\/927","dynamic-page":"no","astra-page-url":"\/\/websitedemos.net\/business-consultancy-firm-07\/","astra-sites-tag":{"423":"home"},"site-pages-type":"premium","site-pages-page-builder":"gutenberg","site-pages-category":[],"site-pages-parent-category":{"60":"business"},"required-plugins":[{"slug":"ultimate-addons-for-gutenberg","init":"ultimate-addons-for-gutenberg\/ultimate-addons-for-gutenberg.php","name":"Spectra"}]},"id-74207":{"title":"HR Consulting","featured-image-url":"https:\/\/websitedemos.net\/wp-content\/uploads\/2023\/05\/business-consultancy-firm-07-hr-consulting.jpg","thumbnail-image-url":"https:\/\/websitedemos.net\/wp-content\/uploads\/2023\/05\/business-consultancy-firm-07-hr-consulting-600x1782.jpg","astra-page-api-url":"https:\/\/websitedemos.net\/business-consultancy-firm-07\/wp-json\/wp\/v2\/pages\/967","dynamic-page":"no","astra-page-url":"\/\/websitedemos.net\/business-consultancy-firm-07\/hr-consulting\/","astra-sites-tag":{"2292":"hr-consulting"},"site-pages-type":"premium","site-pages-page-builder":"gutenberg","site-pages-category":[],"site-pages-parent-category":{"60":"business"},"required-plugins":[{"slug":"ultimate-addons-for-gutenberg","init":"ultimate-addons-for-gutenberg\/ultimate-addons-for-gutenberg.php","name":"Spectra"}]},"id-74208":{"title":"Productivity Improvement","featured-image-url":"https:\/\/websitedemos.net\/wp-content\/uploads\/2023\/05\/business-consultancy-firm-07-productivity-improvement.jpg","thumbnail-image-url":"https:\/\/websitedemos.net\/wp-content\/uploads\/2023\/05\/business-consultancy-firm-07-productivity-improvement-600x1792.jpg","astra-page-api-url":"https:\/\/websitedemos.net\/business-consultancy-firm-07\/wp-json\/wp\/v2\/pages\/965","dynamic-page":"no","astra-page-url":"\/\/websitedemos.net\/business-consultancy-firm-07\/productivity-improvement\/","astra-sites-tag":{"2303":"productivity-improvement"},"site-pages-type":"premium","site-pages-page-builder":"gutenberg","site-pages-category":[],"site-pages-parent-category":{"60":"business"},"required-plugins":[{"slug":"ultimate-addons-for-gutenberg","init":"ultimate-addons-for-gutenberg\/ultimate-addons-for-gutenberg.php","name":"Spectra"}]},"id-74209":{"title":"Sales &#038; Marketing","featured-image-url":"https:\/\/websitedemos.net\/wp-content\/uploads\/2023\/05\/business-consultancy-firm-07-sales-and-marketing.jpg","thumbnail-image-url":"https:\/\/websitedemos.net\/wp-content\/uploads\/2023\/05\/business-consultancy-firm-07-sales-and-marketing-600x1670.jpg","astra-page-api-url":"https:\/\/websitedemos.net\/business-consultancy-firm-07\/wp-json\/wp\/v2\/pages\/964","dynamic-page":"no","astra-page-url":"\/\/websitedemos.net\/business-consultancy-firm-07\/sales-marketing\/","astra-sites-tag":{"2290":"sales-marketing"},"site-pages-type":"premium","site-pages-page-builder":"gutenberg","site-pages-category":[],"site-pages-parent-category":{"60":"business"},"required-plugins":[{"slug":"ultimate-addons-for-gutenberg","init":"ultimate-addons-for-gutenberg\/ultimate-addons-for-gutenberg.php","name":"Spectra"}]},"id-74210":{"title":"Success Stories","featured-image-url":"https:\/\/websitedemos.net\/wp-content\/uploads\/2023\/05\/business-consultancy-firm-07-success-stories.jpg","thumbnail-image-url":"https:\/\/websitedemos.net\/wp-content\/uploads\/2023\/05\/business-consultancy-firm-07-success-stories-600x1723.jpg","astra-page-api-url":"https:\/\/websitedemos.net\/business-consultancy-firm-07\/wp-json\/wp\/v2\/pages\/970","dynamic-page":"no","astra-page-url":"\/\/websitedemos.net\/business-consultancy-firm-07\/success-stories\/","astra-sites-tag":{"990":"success-stories"},"site-pages-type":"premium","site-pages-page-builder":"gutenberg","site-pages-category":[],"site-pages-parent-category":{"60":"business"},"required-plugins":[{"slug":"ultimate-addons-for-gutenberg","init":"ultimate-addons-for-gutenberg\/ultimate-addons-for-gutenberg.php","name":"Spectra"}]},"id-74211":{"title":"Technology Consulting","featured-image-url":"https:\/\/websitedemos.net\/wp-content\/uploads\/2023\/05\/business-consultancy-firm-07-technology-consulting.jpg","thumbnail-image-url":"https:\/\/websitedemos.net\/wp-content\/uploads\/2023\/05\/business-consultancy-firm-07-technology-consulting-600x1792.jpg","astra-page-api-url":"https:\/\/websitedemos.net\/business-consultancy-firm-07\/wp-json\/wp\/v2\/pages\/966","dynamic-page":"no","astra-page-url":"\/\/websitedemos.net\/business-consultancy-firm-07\/technology-consulting\/","astra-sites-tag":{"2291":"technology-consulting"},"site-pages-type":"premium","site-pages-page-builder":"gutenberg","site-pages-category":[],"site-pages-parent-category":{"60":"business"},"required-plugins":[{"slug":"ultimate-addons-for-gutenberg","init":"ultimate-addons-for-gutenberg\/ultimate-addons-for-gutenberg.php","name":"Spectra"}]},"id-74202":{"title":"About","featured-image-url":"https:\/\/websitedemos.net\/wp-content\/uploads\/2023\/05\/business-consultancy-firm-07-about.jpg","thumbnail-image-url":"https:\/\/websitedemos.net\/wp-content\/uploads\/2023\/05\/business-consultancy-firm-07-about-600x1919.jpg","astra-page-api-url":"https:\/\/websitedemos.net\/business-consultancy-firm-07\/wp-json\/wp\/v2\/pages\/971","dynamic-page":"no","astra-page-url":"\/\/websitedemos.net\/business-consultancy-firm-07\/about\/","astra-sites-tag":{"352":"about"},"site-pages-type":"premium","site-pages-page-builder":"gutenberg","site-pages-category":[],"site-pages-parent-category":{"60":"business"},"required-plugins":[{"slug":"ultimate-addons-for-gutenberg","init":"ultimate-addons-for-gutenberg\/ultimate-addons-for-gutenberg.php","name":"Spectra"}]}},"related-bb-template":"","related-elementor-template":"","related-gutenberg-template":"","related_ecommerce_template":"","ecommerce_parent_template":""},"id-74113":{"title":"Gift Shop","id":74113,"publish-date":1685383602,"featured-image-url":"https:\/\/websitedemos.net\/wp-content\/uploads\/2023\/05\/gift-shop-07.jpg","thumbnail-image-url":"https:\/\/websitedemos.net\/wp-content\/uploads\/2023\/05\/gift-shop-07-600x3310.jpg","fullpage-thumbnail-image-url":"https:\/\/websitedemos.net\/wp-content\/uploads\/2023\/05\/gift-shop-07-400x2206.jpg","astra-site-url":"\/\/websitedemos.net\/gift-shop-07","astra-site-parent-id":3197,"astra-sites-tag":{"2418":"commerce","2348":"corporate-gift-store","1017":"e-commerce","496":"ecommerce","1817":"ecommerce-store","2419":"eshopping","404":"gift-shop","401":"gift-store","2347":"online-gift-store","2422":"online-market","732":"online-shop","2420":"online-shopping","383":"online-store","2346":"personalised-gifts","2421":"purchases","2417":"reseller","733":"shop","2416":"shopping","966":"woo-commerce","1024":"woocommerce"},"astra-sites-type":"premium","astra-site-category":{"27":"business","38":"ecommerce"},"astra-sites-template-category":{"2777":"business","2769":"ecommerce","2857":"online-shopping"},"astra-site-page-builder":"gutenberg","categories":{"2495":"ecommerce"},"required-plugins":[{"slug":"astra-addon","init":"astra-addon\/astra-addon.php","name":"Astra Pro"},{"slug":"ultimate-addons-for-gutenberg","init":"ultimate-addons-for-gutenberg\/ultimate-addons-for-gutenberg.php","name":"Spectra"},{"slug":"variation-swatches-woo","init":"variation-swatches-woo\/variation-swatches-woo.php","name":"Variation Swatches for WooCommerce"},{"slug":"woocommerce","init":"woocommerce\/woocommerce.php","name":"WooCommerce"}],"post-status":"publish","post-content":"","post-excerpt":"","pages":{"id-74116":{"title":"Home","featured-image-url":"https:\/\/websitedemos.net\/wp-content\/uploads\/2023\/05\/gift-shop-07.jpg","thumbnail-image-url":"https:\/\/websitedemos.net\/wp-content\/uploads\/2023\/05\/gift-shop-07-600x3310.jpg","astra-page-api-url":"https:\/\/websitedemos.net\/gift-shop-07\/wp-json\/wp\/v2\/pages\/703","dynamic-page":"yes","astra-page-url":"\/\/websitedemos.net\/gift-shop-07\/","astra-sites-tag":{"423":"home"},"site-pages-type":"premium","site-pages-page-builder":"gutenberg","site-pages-category":[],"site-pages-parent-category":{"60":"business","64":"ecommerce"},"required-plugins":[{"slug":"astra-addon","init":"astra-addon\/astra-addon.php","name":"Astra Pro"},{"slug":"ultimate-addons-for-gutenberg","init":"ultimate-addons-for-gutenberg\/ultimate-addons-for-gutenberg.php","name":"Spectra"},{"slug":"variation-swatches-woo","init":"variation-swatches-woo\/variation-swatches-woo.php","name":"Variation Swatches for WooCommerce"},{"slug":"woocommerce","init":"woocommerce\/woocommerce.php","name":"WooCommerce"}]},"id-74114":{"title":"About Us","featured-image-url":"https:\/\/websitedemos.net\/wp-content\/uploads\/2023\/05\/gift-shop-07-about-us.jpg","thumbnail-image-url":"https:\/\/websitedemos.net\/wp-content\/uploads\/2023\/05\/gift-shop-07-about-us-600x1160.jpg","astra-page-api-url":"https:\/\/websitedemos.net\/gift-shop-07\/wp-json\/wp\/v2\/pages\/705","dynamic-page":"no","astra-page-url":"\/\/websitedemos.net\/gift-shop-07\/about-us\/","astra-sites-tag":{"352":"about"},"site-pages-type":"premium","site-pages-page-builder":"gutenberg","site-pages-category":[],"site-pages-parent-category":{"60":"business","64":"ecommerce"},"required-plugins":[{"slug":"astra-addon","init":"astra-addon\/astra-addon.php","name":"Astra Pro"},{"slug":"ultimate-addons-for-gutenberg","init":"ultimate-addons-for-gutenberg\/ultimate-addons-for-gutenberg.php","name":"Spectra"}]},"id-74115":{"title":"Contact Us","featured-image-url":"https:\/\/websitedemos.net\/wp-content\/uploads\/2023\/05\/gift-shop-07-contact-us.jpg","thumbnail-image-url":"https:\/\/websitedemos.net\/wp-content\/uploads\/2023\/05\/gift-shop-07-contact-us-600x823.jpg","astra-page-api-url":"https:\/\/websitedemos.net\/gift-shop-07\/wp-json\/wp\/v2\/pages\/706","dynamic-page":"no","astra-page-url":"\/\/websitedemos.net\/gift-shop-07\/contact-us\/","astra-sites-tag":{"415":"contact"},"site-pages-type":"premium","site-pages-page-builder":"gutenberg","site-pages-category":[],"site-pages-parent-category":{"60":"business","64":"ecommerce"},"required-plugins":[{"slug":"astra-addon","init":"astra-addon\/astra-addon.php","name":"Astra Pro"},{"slug":"ultimate-addons-for-gutenberg","init":"ultimate-addons-for-gutenberg\/ultimate-addons-for-gutenberg.php","name":"Spectra"}]}},"related-bb-template":"","related-elementor-template":"","related-gutenberg-template":"","related_ecommerce_template":"","ecommerce_parent_template":""},"id-74173":{"title":"Recycled Shoe Store","id":74173,"publish-date":1685381978,"featured-image-url":"https:\/\/websitedemos.net\/wp-content\/uploads\/2023\/05\/recycled-shoe-store-07.jpg","thumbnail-image-url":"https:\/\/websitedemos.net\/wp-content\/uploads\/2023\/05\/recycled-shoe-store-07-600x4173.jpg","fullpage-thumbnail-image-url":"https:\/\/websitedemos.net\/wp-content\/uploads\/2023\/05\/recycled-shoe-store-07-400x2782.jpg","astra-site-url":"\/\/websitedemos.net\/recycled-shoe-store-07","astra-site-parent-id":3201,"astra-sites-tag":{"2418":"commerce","1017":"e-commerce","496":"ecommerce","1817":"ecommerce-store","2419":"eshopping","2422":"online-market","732":"online-shop","2420":"online-shopping","383":"online-store","2421":"purchases","2417":"reseller","384":"running-shoes","382":"shoe-store","385":"shoes","733":"shop","2416":"shopping","2427":"sports-shoes","749":"store","966":"woo-commerce","1024":"woocommerce"},"astra-sites-type":"premium","astra-site-category":{"27":"business","38":"ecommerce"},"astra-sites-template-category":{"2769":"ecommerce","2857":"online-shopping","2878":"shoes"},"astra-site-page-builder":"gutenberg","categories":{"2495":"ecommerce"},"required-plugins":[{"slug":"astra-addon","init":"astra-addon\/astra-addon.php","name":"Astra Pro"},{"slug":"ultimate-addons-for-gutenberg","init":"ultimate-addons-for-gutenberg\/ultimate-addons-for-gutenberg.php","name":"Spectra"},{"slug":"variation-swatches-woo","init":"variation-swatches-woo\/variation-swatches-woo.php","name":"Variation Swatches for WooCommerce"},{"slug":"woocommerce","init":"woocommerce\/woocommerce.php","name":"WooCommerce"}],"post-status":"publish","post-content":"","post-excerpt":"","pages":{"id-74174":{"title":"Contact","featured-image-url":"https:\/\/websitedemos.net\/wp-content\/uploads\/2023\/05\/recycled-shoe-store-07-contact.jpg","thumbnail-image-url":"https:\/\/websitedemos.net\/wp-content\/uploads\/2023\/05\/recycled-shoe-store-07-contact-600x1286.jpg","astra-page-api-url":"https:\/\/websitedemos.net\/recycled-shoe-store-07\/wp-json\/wp\/v2\/pages\/1316","dynamic-page":"no","astra-page-url":"\/\/websitedemos.net\/recycled-shoe-store-07\/contact\/","astra-sites-tag":{"415":"contact"},"site-pages-type":"premium","site-pages-page-builder":"gutenberg","site-pages-category":[],"site-pages-parent-category":{"60":"business","64":"ecommerce"},"required-plugins":[{"slug":"astra-addon","init":"astra-addon\/astra-addon.php","name":"Astra Pro"},{"slug":"ultimate-addons-for-gutenberg","init":"ultimate-addons-for-gutenberg\/ultimate-addons-for-gutenberg.php","name":"Spectra"}]},"id-74175":{"title":"Home","featured-image-url":"https:\/\/websitedemos.net\/wp-content\/uploads\/2023\/05\/recycled-shoe-store-07.jpg","thumbnail-image-url":"https:\/\/websitedemos.net\/wp-content\/uploads\/2023\/05\/recycled-shoe-store-07-600x4173.jpg","astra-page-api-url":"https:\/\/websitedemos.net\/recycled-shoe-store-07\/wp-json\/wp\/v2\/pages\/1332","dynamic-page":"yes","astra-page-url":"\/\/websitedemos.net\/recycled-shoe-store-07\/","astra-sites-tag":{"423":"home"},"site-pages-type":"premium","site-pages-page-builder":"gutenberg","site-pages-category":[],"site-pages-parent-category":{"60":"business","64":"ecommerce"},"required-plugins":[{"slug":"astra-addon","init":"astra-addon\/astra-addon.php","name":"Astra Pro"},{"slug":"ultimate-addons-for-gutenberg","init":"ultimate-addons-for-gutenberg\/ultimate-addons-for-gutenberg.php","name":"Spectra"},{"slug":"variation-swatches-woo","init":"variation-swatches-woo\/variation-swatches-woo.php","name":"Variation Swatches for WooCommerce"},{"slug":"woocommerce","init":"woocommerce\/woocommerce.php","name":"WooCommerce"}]},"id-74176":{"title":"Lookbook","featured-image-url":"https:\/\/websitedemos.net\/wp-content\/uploads\/2023\/05\/recycled-shoe-store-07-lookbook.jpg","thumbnail-image-url":"https:\/\/websitedemos.net\/wp-content\/uploads\/2023\/05\/recycled-shoe-store-07-lookbook-600x2304.jpg","astra-page-api-url":"https:\/\/websitedemos.net\/recycled-shoe-store-07\/wp-json\/wp\/v2\/pages\/1308","dynamic-page":"no","astra-page-url":"\/\/websitedemos.net\/recycled-shoe-store-07\/lookbook\/","astra-sites-tag":{"752":"lookbook"},"site-pages-type":"premium","site-pages-page-builder":"gutenberg","site-pages-category":[],"site-pages-parent-category":{"60":"business","64":"ecommerce"},"required-plugins":[{"slug":"astra-addon","init":"astra-addon\/astra-addon.php","name":"Astra Pro"},{"slug":"ultimate-addons-for-gutenberg","init":"ultimate-addons-for-gutenberg\/ultimate-addons-for-gutenberg.php","name":"Spectra"}]},"id-74177":{"title":"Sale","featured-image-url":"https:\/\/websitedemos.net\/wp-content\/uploads\/2023\/05\/recycled-shoe-store-07-sale.jpg","thumbnail-image-url":"https:\/\/websitedemos.net\/wp-content\/uploads\/2023\/05\/recycled-shoe-store-07-sale-600x1858.jpg","astra-page-api-url":"https:\/\/websitedemos.net\/recycled-shoe-store-07\/wp-json\/wp\/v2\/pages\/1309","dynamic-page":"no","astra-page-url":"\/\/websitedemos.net\/recycled-shoe-store-07\/sale\/","astra-sites-tag":{"2743":"sale"},"site-pages-type":"premium","site-pages-page-builder":"gutenberg","site-pages-category":[],"site-pages-parent-category":{"60":"business","64":"ecommerce"},"required-plugins":[{"slug":"astra-addon","init":"astra-addon\/astra-addon.php","name":"Astra Pro"},{"slug":"ultimate-addons-for-gutenberg","init":"ultimate-addons-for-gutenberg\/ultimate-addons-for-gutenberg.php","name":"Spectra"}]},"id-74178":{"title":"Story","featured-image-url":"https:\/\/websitedemos.net\/wp-content\/uploads\/2023\/05\/recycled-shoe-store-07-story.jpg","thumbnail-image-url":"https:\/\/websitedemos.net\/wp-content\/uploads\/2023\/05\/recycled-shoe-store-07-story-600x1949.jpg","astra-page-api-url":"https:\/\/websitedemos.net\/recycled-shoe-store-07\/wp-json\/wp\/v2\/pages\/1334","dynamic-page":"no","astra-page-url":"\/\/websitedemos.net\/recycled-shoe-store-07\/story\/","astra-sites-tag":{"767":"story"},"site-pages-type":"premium","site-pages-page-builder":"gutenberg","site-pages-category":[],"site-pages-parent-category":{"60":"business","64":"ecommerce"},"required-plugins":[{"slug":"astra-addon","init":"astra-addon\/astra-addon.php","name":"Astra Pro"},{"slug":"ultimate-addons-for-gutenberg","init":"ultimate-addons-for-gutenberg\/ultimate-addons-for-gutenberg.php","name":"Spectra"}]}},"related-bb-template":"","related-elementor-template":"","related-gutenberg-template":"","related_ecommerce_template":"","ecommerce_parent_template":""},"id-74156":{"title":"Construction","id":74156,"publish-date":1685381141,"featured-image-url":"https:\/\/websitedemos.net\/wp-content\/uploads\/2023\/05\/building-construction-07.jpg","thumbnail-image-url":"https:\/\/websitedemos.net\/wp-content\/uploads\/2023\/05\/building-construction-07-600x2494.jpg","fullpage-thumbnail-image-url":"https:\/\/websitedemos.net\/wp-content\/uploads\/2023\/05\/building-construction-07-400x1662.jpg","astra-site-url":"\/\/websitedemos.net\/building-construction-07","astra-site-parent-id":3200,"astra-sites-tag":{"435":"architecture","2543":"building","2545":"building-foundation","979":"company","484":"construction","2546":"construction-services","2544":"fabricating","436":"interior","812":"office","485":"real-estate","687":"realty"},"astra-sites-type":"premium","astra-site-category":{"27":"business"},"astra-sites-template-category":{"2836":"construction","2793":"interior-design","2778":"real-estate"},"astra-site-page-builder":"gutenberg","categories":{"2484":"real-estate"},"required-plugins":[{"slug":"ultimate-addons-for-gutenberg","init":"ultimate-addons-for-gutenberg\/ultimate-addons-for-gutenberg.php","name":"Spectra"}],"post-status":"publish","post-content":"","post-excerpt":"","pages":{"id-74157":{"title":"About","featured-image-url":"https:\/\/websitedemos.net\/wp-content\/uploads\/2023\/05\/building-construction-07-about.jpg","thumbnail-image-url":"https:\/\/websitedemos.net\/wp-content\/uploads\/2023\/05\/building-construction-07-about-600x2079.jpg","astra-page-api-url":"https:\/\/websitedemos.net\/building-construction-07\/wp-json\/wp\/v2\/pages\/85","dynamic-page":"no","astra-page-url":"\/\/websitedemos.net\/building-construction-07\/about-us\/","astra-sites-tag":{"352":"about"},"site-pages-type":"premium","site-pages-page-builder":"gutenberg","site-pages-category":[],"site-pages-parent-category":{"60":"business"},"required-plugins":[{"slug":"ultimate-addons-for-gutenberg","init":"ultimate-addons-for-gutenberg\/ultimate-addons-for-gutenberg.php","name":"Spectra"}]},"id-74158":{"title":"Contact","featured-image-url":"https:\/\/websitedemos.net\/wp-content\/uploads\/2023\/05\/building-construction-07-contact.jpg","thumbnail-image-url":"https:\/\/websitedemos.net\/wp-content\/uploads\/2023\/05\/building-construction-07-contact-600x1169.jpg","astra-page-api-url":"https:\/\/websitedemos.net\/building-construction-07\/wp-json\/wp\/v2\/pages\/92","dynamic-page":"no","astra-page-url":"\/\/websitedemos.net\/building-construction-07\/contact\/","astra-sites-tag":{"415":"contact"},"site-pages-type":"premium","site-pages-page-builder":"gutenberg","site-pages-category":[],"site-pages-parent-category":{"60":"business"},"required-plugins":[{"slug":"ultimate-addons-for-gutenberg","init":"ultimate-addons-for-gutenberg\/ultimate-addons-for-gutenberg.php","name":"Spectra"}]},"id-74159":{"title":"Home","featured-image-url":"https:\/\/websitedemos.net\/wp-content\/uploads\/2023\/05\/building-construction-07.jpg","thumbnail-image-url":"https:\/\/websitedemos.net\/wp-content\/uploads\/2023\/05\/building-construction-07-600x2494.jpg","astra-page-api-url":"https:\/\/websitedemos.net\/building-construction-07\/wp-json\/wp\/v2\/pages\/82","dynamic-page":"no","astra-page-url":"\/\/websitedemos.net\/building-construction-07\/","astra-sites-tag":{"423":"home"},"site-pages-type":"premium","site-pages-page-builder":"gutenberg","site-pages-category":[],"site-pages-parent-category":{"60":"business"},"required-plugins":[{"slug":"ultimate-addons-for-gutenberg","init":"ultimate-addons-for-gutenberg\/ultimate-addons-for-gutenberg.php","name":"Spectra"}]},"id-74160":{"title":"Projects","featured-image-url":"https:\/\/websitedemos.net\/wp-content\/uploads\/2023\/05\/building-construction-07-projects.jpg","thumbnail-image-url":"https:\/\/websitedemos.net\/wp-content\/uploads\/2023\/05\/building-construction-07-projects-600x1611.jpg","astra-page-api-url":"https:\/\/websitedemos.net\/building-construction-07\/wp-json\/wp\/v2\/pages\/90","dynamic-page":"no","astra-page-url":"\/\/websitedemos.net\/building-construction-07\/projects\/","astra-sites-tag":{"1613":"projects"},"site-pages-type":"premium","site-pages-page-builder":"gutenberg","site-pages-category":[],"site-pages-parent-category":{"60":"business"},"required-plugins":[{"slug":"ultimate-addons-for-gutenberg","init":"ultimate-addons-for-gutenberg\/ultimate-addons-for-gutenberg.php","name":"Spectra"}]},"id-74161":{"title":"Services","featured-image-url":"https:\/\/websitedemos.net\/wp-content\/uploads\/2023\/05\/building-construction-07-services.jpg","thumbnail-image-url":"https:\/\/websitedemos.net\/wp-content\/uploads\/2023\/05\/building-construction-07-services-600x1742.jpg","astra-page-api-url":"https:\/\/websitedemos.net\/building-construction-07\/wp-json\/wp\/v2\/pages\/88","dynamic-page":"no","astra-page-url":"\/\/websitedemos.net\/building-construction-07\/services\/","astra-sites-tag":{"425":"services"},"site-pages-type":"premium","site-pages-page-builder":"gutenberg","site-pages-category":[],"site-pages-parent-category":{"60":"business"},"required-plugins":[{"slug":"ultimate-addons-for-gutenberg","init":"ultimate-addons-for-gutenberg\/ultimate-addons-for-gutenberg.php","name":"Spectra"}]}},"related-bb-template":"","related-elementor-template":"","related-gutenberg-template":"","related_ecommerce_template":"","ecommerce_parent_template":""},"id-74126":{"title":"Food Blogger &amp; Influencer","id":74126,"publish-date":1685380359,"featured-image-url":"https:\/\/websitedemos.net\/wp-content\/uploads\/2023\/05\/food-blogger-07.jpg","thumbnail-image-url":"https:\/\/websitedemos.net\/wp-content\/uploads\/2023\/05\/food-blogger-07-600x2466.jpg","fullpage-thumbnail-image-url":"https:\/\/websitedemos.net\/wp-content\/uploads\/2023\/05\/food-blogger-07-400x1644.jpg","astra-site-url":"\/\/websitedemos.net\/food-blogger-07","astra-site-parent-id":3199,"astra-sites-tag":{"1652":"blogger","1654":"content-creator","2173":"food-drinks","2171":"food-drinks-influencer","2172":"food-drinks-vlogger","890":"food-blogger","1547":"influencer","2163":"social-media-influencer","1837":"vlogger"},"astra-sites-type":"premium","astra-site-category":{"37":"blog","27":"business"},"astra-sites-template-category":{"2828":"blog","2785":"food","2770":"personal","2776":"restaurant","2801":"video","2870":"vlog"},"astra-site-page-builder":"gutenberg","categories":[],"required-plugins":[{"slug":"ultimate-addons-for-gutenberg","init":"ultimate-addons-for-gutenberg\/ultimate-addons-for-gutenberg.php","name":"Spectra"}],"post-status":"publish","post-content":"","post-excerpt":"","pages":{"id-74129":{"title":"Home","featured-image-url":"https:\/\/websitedemos.net\/wp-content\/uploads\/2023\/05\/food-blogger-07.jpg","thumbnail-image-url":"https:\/\/websitedemos.net\/wp-content\/uploads\/2023\/05\/food-blogger-07-600x2466.jpg","astra-page-api-url":"https:\/\/websitedemos.net\/food-blogger-07\/wp-json\/wp\/v2\/pages\/1055","dynamic-page":"no","astra-page-url":"\/\/websitedemos.net\/food-blogger-07\/","astra-sites-tag":{"423":"home"},"site-pages-type":"premium","site-pages-page-builder":"gutenberg","site-pages-category":[],"site-pages-parent-category":{"74":"blog","60":"business"},"required-plugins":[{"slug":"ultimate-addons-for-gutenberg","init":"ultimate-addons-for-gutenberg\/ultimate-addons-for-gutenberg.php","name":"Spectra"}]},"id-74127":{"title":"About","featured-image-url":"https:\/\/websitedemos.net\/wp-content\/uploads\/2023\/05\/food-blogger-07-about.jpg","thumbnail-image-url":"https:\/\/websitedemos.net\/wp-content\/uploads\/2023\/05\/food-blogger-07-about-600x1687.jpg","astra-page-api-url":"https:\/\/websitedemos.net\/food-blogger-07\/wp-json\/wp\/v2\/pages\/1058","dynamic-page":"no","astra-page-url":"\/\/websitedemos.net\/food-blogger-07\/about\/","astra-sites-tag":{"352":"about"},"site-pages-type":"premium","site-pages-page-builder":"gutenberg","site-pages-category":[],"site-pages-parent-category":{"74":"blog","60":"business"},"required-plugins":[{"slug":"ultimate-addons-for-gutenberg","init":"ultimate-addons-for-gutenberg\/ultimate-addons-for-gutenberg.php","name":"Spectra"}]},"id-74128":{"title":"Contact","featured-image-url":"https:\/\/websitedemos.net\/wp-content\/uploads\/2023\/05\/food-blogger-07-contact.jpg","thumbnail-image-url":"https:\/\/websitedemos.net\/wp-content\/uploads\/2023\/05\/food-blogger-07-contact-600x1057.jpg","astra-page-api-url":"https:\/\/websitedemos.net\/food-blogger-07\/wp-json\/wp\/v2\/pages\/1064","dynamic-page":"no","astra-page-url":"\/\/websitedemos.net\/food-blogger-07\/contact\/","astra-sites-tag":{"415":"contact"},"site-pages-type":"premium","site-pages-page-builder":"gutenberg","site-pages-category":[],"site-pages-parent-category":{"74":"blog","60":"business"},"required-plugins":[{"slug":"ultimate-addons-for-gutenberg","init":"ultimate-addons-for-gutenberg\/ultimate-addons-for-gutenberg.php","name":"Spectra"}]},"id-74130":{"title":"Reviews","featured-image-url":"https:\/\/websitedemos.net\/wp-content\/uploads\/2023\/05\/food-blogger-07-reviews.jpg","thumbnail-image-url":"https:\/\/websitedemos.net\/wp-content\/uploads\/2023\/05\/food-blogger-07-reviews-600x1560.jpg","astra-page-api-url":"https:\/\/websitedemos.net\/food-blogger-07\/wp-json\/wp\/v2\/pages\/1060","dynamic-page":"no","astra-page-url":"\/\/websitedemos.net\/food-blogger-07\/reviews\/","astra-sites-tag":{"1615":"reviews"},"site-pages-type":"premium","site-pages-page-builder":"gutenberg","site-pages-category":[],"site-pages-parent-category":{"74":"blog","60":"business"},"required-plugins":[{"slug":"ultimate-addons-for-gutenberg","init":"ultimate-addons-for-gutenberg\/ultimate-addons-for-gutenberg.php","name":"Spectra"}]},"id-74131":{"title":"Videos","featured-image-url":"https:\/\/websitedemos.net\/wp-content\/uploads\/2023\/05\/food-blogger-07-videos.jpg","thumbnail-image-url":"https:\/\/websitedemos.net\/wp-content\/uploads\/2023\/05\/food-blogger-07-videos-600x1608.jpg","astra-page-api-url":"https:\/\/websitedemos.net\/food-blogger-07\/wp-json\/wp\/v2\/pages\/1062","dynamic-page":"no","astra-page-url":"\/\/websitedemos.net\/food-blogger-07\/videos\/","astra-sites-tag":{"2001":"videos"},"site-pages-type":"premium","site-pages-page-builder":"gutenberg","site-pages-category":[],"site-pages-parent-category":{"74":"blog","60":"business"},"required-plugins":[{"slug":"ultimate-addons-for-gutenberg","init":"ultimate-addons-for-gutenberg\/ultimate-addons-for-gutenberg.php","name":"Spectra"}]}},"related-bb-template":"","related-elementor-template":"","related-gutenberg-template":"","related_ecommerce_template":"","ecommerce_parent_template":""},"id-74122":{"title":"Eyewear Store","id":74122,"publish-date":1685379799,"featured-image-url":"https:\/\/websitedemos.net\/wp-content\/uploads\/2023\/05\/eyewear-store-07.jpg","thumbnail-image-url":"https:\/\/websitedemos.net\/wp-content\/uploads\/2023\/05\/eyewear-store-07-600x2917.jpg","fullpage-thumbnail-image-url":"https:\/\/websitedemos.net\/wp-content\/uploads\/2023\/05\/eyewear-store-07-400x1945.jpg","astra-site-url":"\/\/websitedemos.net\/eyewear-store-07","astra-site-parent-id":3198,"astra-sites-tag":{"496":"ecommerce","1817":"ecommerce-store","2918":"eyes","2915":"eyewear","2916":"eyewear-store","2919":"glears","2922":"lenskart","732":"online-shop","2420":"online-shopping","383":"online-store","2921":"specs","2920":"spectacles","749":"store","1024":"woocommerce"},"astra-sites-type":"premium","astra-site-category":{"27":"business","38":"ecommerce"},"astra-sites-template-category":{"2769":"ecommerce","2858":"fashion-clothing","2857":"online-shopping"},"astra-site-page-builder":"gutenberg","categories":{"2495":"ecommerce"},"required-plugins":[{"slug":"astra-addon","init":"astra-addon\/astra-addon.php","name":"Astra Pro"},{"slug":"ultimate-addons-for-gutenberg","init":"ultimate-addons-for-gutenberg\/ultimate-addons-for-gutenberg.php","name":"Spectra"},{"slug":"woocommerce","init":"woocommerce\/woocommerce.php","name":"WooCommerce"}],"post-status":"publish","post-content":"","post-excerpt":"","pages":{"id-74125":{"title":"Home","featured-image-url":"https:\/\/websitedemos.net\/wp-content\/uploads\/2023\/05\/eyewear-store-07.jpg","thumbnail-image-url":"https:\/\/websitedemos.net\/wp-content\/uploads\/2023\/05\/eyewear-store-07-600x2917.jpg","astra-page-api-url":"https:\/\/websitedemos.net\/eyewear-store-07\/wp-json\/wp\/v2\/pages\/11","dynamic-page":"yes","astra-page-url":"\/\/websitedemos.net\/eyewear-store-07\/","astra-sites-tag":{"423":"home"},"site-pages-type":"premium","site-pages-page-builder":"gutenberg","site-pages-category":[],"site-pages-parent-category":{"60":"business","64":"ecommerce"},"required-plugins":[{"slug":"astra-addon","init":"astra-addon\/astra-addon.php","name":"Astra Pro"},{"slug":"ultimate-addons-for-gutenberg","init":"ultimate-addons-for-gutenberg\/ultimate-addons-for-gutenberg.php","name":"Spectra"},{"slug":"woocommerce","init":"woocommerce\/woocommerce.php","name":"WooCommerce"}]},"id-74123":{"title":"About Us","featured-image-url":"https:\/\/websitedemos.net\/wp-content\/uploads\/2023\/05\/eyewear-store-07-about-us.jpg","thumbnail-image-url":"https:\/\/websitedemos.net\/wp-content\/uploads\/2023\/05\/eyewear-store-07-about-us-600x1770.jpg","astra-page-api-url":"https:\/\/websitedemos.net\/eyewear-store-07\/wp-json\/wp\/v2\/pages\/14","dynamic-page":"no","astra-page-url":"\/\/websitedemos.net\/eyewear-store-07\/about-us\/","astra-sites-tag":{"352":"about"},"site-pages-type":"premium","site-pages-page-builder":"gutenberg","site-pages-category":[],"site-pages-parent-category":{"60":"business","64":"ecommerce"},"required-plugins":[{"slug":"astra-addon","init":"astra-addon\/astra-addon.php","name":"Astra Pro"},{"slug":"ultimate-addons-for-gutenberg","init":"ultimate-addons-for-gutenberg\/ultimate-addons-for-gutenberg.php","name":"Spectra"}]},"id-74124":{"title":"Contact","featured-image-url":"https:\/\/websitedemos.net\/wp-content\/uploads\/2023\/05\/eyewear-store-07-contact.jpg","thumbnail-image-url":"https:\/\/websitedemos.net\/wp-content\/uploads\/2023\/05\/eyewear-store-07-contact-600x1050.jpg","astra-page-api-url":"https:\/\/websitedemos.net\/eyewear-store-07\/wp-json\/wp\/v2\/pages\/16","dynamic-page":"no","astra-page-url":"\/\/websitedemos.net\/eyewear-store-07\/contact\/","astra-sites-tag":{"415":"contact"},"site-pages-type":"premium","site-pages-page-builder":"gutenberg","site-pages-category":[],"site-pages-parent-category":{"60":"business","64":"ecommerce"},"required-plugins":[{"slug":"astra-addon","init":"astra-addon\/astra-addon.php","name":"Astra Pro"},{"slug":"ultimate-addons-for-gutenberg","init":"ultimate-addons-for-gutenberg\/ultimate-addons-for-gutenberg.php","name":"Spectra"}]}},"related-bb-template":"","related-elementor-template":"","related-gutenberg-template":"","related_ecommerce_template":"","ecommerce_parent_template":""},"id-84958":{"title":"Black Friday","id":84958,"publish-date":1701782287,"featured-image-url":"https:\/\/websitedemos.net\/wp-content\/uploads\/2023\/12\/black-friday-07.jpg","thumbnail-image-url":"https:\/\/websitedemos.net\/wp-content\/uploads\/2023\/12\/black-friday-07-600x2789.jpg","fullpage-thumbnail-image-url":"https:\/\/websitedemos.net\/wp-content\/uploads\/2023\/12\/black-friday-07-400x1859.jpg","astra-site-url":"\/\/websitedemos.net\/black-friday-07","astra-site-parent-id":3400,"astra-sites-tag":{"2991":"black-friday","2992":"blackfriday","496":"ecommerce","1817":"ecommerce-store","2689":"gadgets","383":"online-store","2993":"sales-landing","749":"store","3129":"technology"},"astra-sites-type":"agency-mini","astra-site-category":{"36":"other"},"astra-sites-template-category":{"2769":"ecommerce","2857":"online-shopping","2817":"technology"},"astra-site-page-builder":"gutenberg","categories":{"2495":"ecommerce"},"required-plugins":[{"slug":"astra-addon","init":"astra-addon\/astra-addon.php","name":"Astra Pro"},{"slug":"ultimate-addons-for-gutenberg","init":"ultimate-addons-for-gutenberg\/ultimate-addons-for-gutenberg.php","name":"Spectra"},{"slug":"woocommerce","init":"woocommerce\/woocommerce.php","name":"WooCommerce"}],"post-status":"publish","post-content":"","post-excerpt":"","pages":{"id-84959":{"title":"About","featured-image-url":"https:\/\/websitedemos.net\/wp-content\/uploads\/2023\/12\/black-friday-07-about.jpg","thumbnail-image-url":"https:\/\/websitedemos.net\/wp-content\/uploads\/2023\/12\/black-friday-07-about-600x1835.jpg","astra-page-api-url":"https:\/\/websitedemos.net\/black-friday-07\/wp-json\/wp\/v2\/pages\/1319","dynamic-page":"no","astra-page-url":"\/\/websitedemos.net\/black-friday-07\/about\/","astra-sites-tag":{"352":"about"},"site-pages-type":"agency-mini","site-pages-page-builder":"gutenberg","site-pages-category":[],"site-pages-parent-category":{"139":"other"},"required-plugins":[{"slug":"astra-addon","init":"astra-addon\/astra-addon.php","name":"Astra Pro"},{"slug":"ultimate-addons-for-gutenberg","init":"ultimate-addons-for-gutenberg\/ultimate-addons-for-gutenberg.php","name":"Spectra"}]},"id-84960":{"title":"Contact","featured-image-url":"https:\/\/websitedemos.net\/wp-content\/uploads\/2023\/12\/black-friday-07-contact.jpg","thumbnail-image-url":"https:\/\/websitedemos.net\/wp-content\/uploads\/2023\/12\/black-friday-07-contact-600x826.jpg","astra-page-api-url":"https:\/\/websitedemos.net\/black-friday-07\/wp-json\/wp\/v2\/pages\/1320","dynamic-page":"no","astra-page-url":"\/\/websitedemos.net\/black-friday-07\/contact\/","astra-sites-tag":{"415":"contact"},"site-pages-type":"agency-mini","site-pages-page-builder":"gutenberg","site-pages-category":[],"site-pages-parent-category":{"139":"other"},"required-plugins":[{"slug":"astra-addon","init":"astra-addon\/astra-addon.php","name":"Astra Pro"},{"slug":"ultimate-addons-for-gutenberg","init":"ultimate-addons-for-gutenberg\/ultimate-addons-for-gutenberg.php","name":"Spectra"}]},"id-84961":{"title":"Home","featured-image-url":"https:\/\/websitedemos.net\/wp-content\/uploads\/2023\/12\/black-friday-07.jpg","thumbnail-image-url":"https:\/\/websitedemos.net\/wp-content\/uploads\/2023\/12\/black-friday-07-600x2789.jpg","astra-page-api-url":"https:\/\/websitedemos.net\/black-friday-07\/wp-json\/wp\/v2\/pages\/1317","dynamic-page":"yes","astra-page-url":"\/\/websitedemos.net\/black-friday-07\/","astra-sites-tag":{"423":"home"},"site-pages-type":"agency-mini","site-pages-page-builder":"gutenberg","site-pages-category":[],"site-pages-parent-category":{"139":"other"},"required-plugins":[{"slug":"astra-addon","init":"astra-addon\/astra-addon.php","name":"Astra Pro"},{"slug":"ultimate-addons-for-gutenberg","init":"ultimate-addons-for-gutenberg\/ultimate-addons-for-gutenberg.php","name":"Spectra"},{"slug":"woocommerce","init":"woocommerce\/woocommerce.php","name":"WooCommerce"}]}},"related-bb-template":"","related-elementor-template":"","related-gutenberg-template":"","related_ecommerce_template":"","ecommerce_parent_template":""},"id-73697":{"title":"Be Bold","id":73697,"publish-date":1683566320,"featured-image-url":"https:\/\/websitedemos.net\/wp-content\/uploads\/2023\/05\/be-bold-beauty-store-07.jpg","thumbnail-image-url":"https:\/\/websitedemos.net\/wp-content\/uploads\/2023\/05\/be-bold-beauty-store-07-600x2434.jpg","fullpage-thumbnail-image-url":"https:\/\/websitedemos.net\/wp-content\/uploads\/2023\/05\/be-bold-beauty-store-07-400x1622.jpg","astra-site-url":"\/\/websitedemos.net\/be-bold-beauty-store-07","astra-site-parent-id":3196,"astra-sites-tag":{"1023":"beauty","1465":"beauty-products","2384":"beauty-products-store","1466":"cosmetic-products","1464":"cosmetic-store","1463":"cosmetics","496":"ecommerce","1817":"ecommerce-store","383":"online-store","749":"store","1024":"woocommerce"},"astra-sites-type":"premium","astra-site-category":{"27":"business"},"astra-sites-template-category":{"2790":"beauty-fashion","2769":"ecommerce","2890":"makeup-cosmetic","2857":"online-shopping"},"astra-site-page-builder":"gutenberg","categories":{"2479":"beauty","2495":"ecommerce"},"required-plugins":[{"slug":"cartflows","init":"cartflows\/cartflows.php","name":"CartFlows"},{"slug":"ultimate-addons-for-gutenberg","init":"ultimate-addons-for-gutenberg\/ultimate-addons-for-gutenberg.php","name":"Spectra"},{"slug":"woocommerce","init":"woocommerce\/woocommerce.php","name":"WooCommerce"}],"post-status":"publish","post-content":"","post-excerpt":"","pages":{"id-73698":{"title":"About","featured-image-url":"https:\/\/websitedemos.net\/wp-content\/uploads\/2023\/05\/be-bold-beauty-store-07-about-us.jpg","thumbnail-image-url":"https:\/\/websitedemos.net\/wp-content\/uploads\/2023\/05\/be-bold-beauty-store-07-about-us-600x1517.jpg","astra-page-api-url":"https:\/\/websitedemos.net\/be-bold-beauty-store-07\/wp-json\/wp\/v2\/pages\/871","dynamic-page":"no","astra-page-url":"\/\/websitedemos.net\/be-bold-beauty-store-07\/about\/","astra-sites-tag":{"352":"about"},"site-pages-type":"premium","site-pages-page-builder":"gutenberg","site-pages-category":[],"site-pages-parent-category":{"60":"business"},"required-plugins":[{"slug":"ultimate-addons-for-gutenberg","init":"ultimate-addons-for-gutenberg\/ultimate-addons-for-gutenberg.php","name":"Spectra"}]},"id-73699":{"title":"Contact","featured-image-url":"https:\/\/websitedemos.net\/wp-content\/uploads\/2023\/05\/be-bold-beauty-store-07-contact.jpg","thumbnail-image-url":"https:\/\/websitedemos.net\/wp-content\/uploads\/2023\/05\/be-bold-beauty-store-07-contact-600x1071.jpg","astra-page-api-url":"https:\/\/websitedemos.net\/be-bold-beauty-store-07\/wp-json\/wp\/v2\/pages\/872","dynamic-page":"no","astra-page-url":"\/\/websitedemos.net\/be-bold-beauty-store-07\/contact\/","astra-sites-tag":{"415":"contact"},"site-pages-type":"premium","site-pages-page-builder":"gutenberg","site-pages-category":[],"site-pages-parent-category":{"60":"business"},"required-plugins":[{"slug":"ultimate-addons-for-gutenberg","init":"ultimate-addons-for-gutenberg\/ultimate-addons-for-gutenberg.php","name":"Spectra"}]},"id-73700":{"title":"Home","featured-image-url":"https:\/\/websitedemos.net\/wp-content\/uploads\/2023\/05\/be-bold-beauty-store-07.jpg","thumbnail-image-url":"https:\/\/websitedemos.net\/wp-content\/uploads\/2023\/05\/be-bold-beauty-store-07-600x2434.jpg","astra-page-api-url":"https:\/\/websitedemos.net\/be-bold-beauty-store-07\/wp-json\/wp\/v2\/pages\/886","dynamic-page":"yes","astra-page-url":"\/\/websitedemos.net\/be-bold-beauty-store-07\/","astra-sites-tag":{"423":"home"},"site-pages-type":"premium","site-pages-page-builder":"gutenberg","site-pages-category":[],"site-pages-parent-category":{"60":"business"},"required-plugins":[{"slug":"cartflows","init":"cartflows\/cartflows.php","name":"CartFlows"},{"slug":"ultimate-addons-for-gutenberg","init":"ultimate-addons-for-gutenberg\/ultimate-addons-for-gutenberg.php","name":"Spectra"},{"slug":"woocommerce","init":"woocommerce\/woocommerce.php","name":"WooCommerce"}]}},"related-bb-template":"","related-elementor-template":"","related-gutenberg-template":"","related_ecommerce_template":"","ecommerce_parent_template":""},"id-73686":{"title":"Blingg Jewelry","id":73686,"publish-date":1683565586,"featured-image-url":"https:\/\/websitedemos.net\/wp-content\/uploads\/2023\/05\/blingg-jewelry-store-07.jpg","thumbnail-image-url":"https:\/\/websitedemos.net\/wp-content\/uploads\/2023\/05\/blingg-jewelry-store-07-600x2000.jpg","fullpage-thumbnail-image-url":"https:\/\/websitedemos.net\/wp-content\/uploads\/2023\/05\/blingg-jewelry-store-07-400x1333.jpg","astra-site-url":"\/\/websitedemos.net\/blingg-jewelry-store-07","astra-site-parent-id":3195,"astra-sites-tag":{"496":"ecommerce","1817":"ecommerce-store","2912":"jewellery","2382":"jewellery-store","731":"jewelry","2529":"jewelry-store","2383":"online-jewellery-store","383":"online-store","967":"product-store","2913":"ring","749":"store","1024":"woocommerce"},"astra-sites-type":"premium","astra-site-category":{"27":"business"},"astra-sites-template-category":{"2769":"ecommerce","2838":"jewellery","2857":"online-shopping"},"astra-site-page-builder":"gutenberg","categories":{"2495":"ecommerce"},"required-plugins":[{"slug":"astra-addon","init":"astra-addon\/astra-addon.php","name":"Astra Pro"},{"slug":"ultimate-addons-for-gutenberg","init":"ultimate-addons-for-gutenberg\/ultimate-addons-for-gutenberg.php","name":"Spectra"},{"slug":"woocommerce","init":"woocommerce\/woocommerce.php","name":"WooCommerce"}],"post-status":"publish","post-content":"","post-excerpt":"","pages":{"id-73687":{"title":"About","featured-image-url":"https:\/\/websitedemos.net\/wp-content\/uploads\/2023\/05\/blingg-jewelry-store-07-about.jpg","thumbnail-image-url":"https:\/\/websitedemos.net\/wp-content\/uploads\/2023\/05\/blingg-jewelry-store-07-about-600x1473.jpg","astra-page-api-url":"https:\/\/websitedemos.net\/blingg-jewelry-store-07\/wp-json\/wp\/v2\/pages\/469","dynamic-page":"no","astra-page-url":"\/\/websitedemos.net\/blingg-jewelry-store-07\/about\/","astra-sites-tag":{"352":"about"},"site-pages-type":"premium","site-pages-page-builder":"gutenberg","site-pages-category":[],"site-pages-parent-category":{"60":"business"},"required-plugins":[{"slug":"astra-addon","init":"astra-addon\/astra-addon.php","name":"Astra Pro"},{"slug":"ultimate-addons-for-gutenberg","init":"ultimate-addons-for-gutenberg\/ultimate-addons-for-gutenberg.php","name":"Spectra"}]},"id-73688":{"title":"Contact","featured-image-url":"https:\/\/websitedemos.net\/wp-content\/uploads\/2023\/05\/blingg-jewelry-store-07-contact.jpg","thumbnail-image-url":"https:\/\/websitedemos.net\/wp-content\/uploads\/2023\/05\/blingg-jewelry-store-07-contact-600x902.jpg","astra-page-api-url":"https:\/\/websitedemos.net\/blingg-jewelry-store-07\/wp-json\/wp\/v2\/pages\/470","dynamic-page":"no","astra-page-url":"\/\/websitedemos.net\/blingg-jewelry-store-07\/contact\/","astra-sites-tag":{"415":"contact"},"site-pages-type":"premium","site-pages-page-builder":"gutenberg","site-pages-category":[],"site-pages-parent-category":{"60":"business"},"required-plugins":[{"slug":"astra-addon","init":"astra-addon\/astra-addon.php","name":"Astra Pro"},{"slug":"ultimate-addons-for-gutenberg","init":"ultimate-addons-for-gutenberg\/ultimate-addons-for-gutenberg.php","name":"Spectra"}]},"id-73689":{"title":"Home","featured-image-url":"https:\/\/websitedemos.net\/wp-content\/uploads\/2023\/05\/blingg-jewelry-store-07.jpg","thumbnail-image-url":"https:\/\/websitedemos.net\/wp-content\/uploads\/2023\/05\/blingg-jewelry-store-07-600x2000.jpg","astra-page-api-url":"https:\/\/websitedemos.net\/blingg-jewelry-store-07\/wp-json\/wp\/v2\/pages\/2","dynamic-page":"yes","astra-page-url":"\/\/websitedemos.net\/blingg-jewelry-store-07\/","astra-sites-tag":{"423":"home"},"site-pages-type":"premium","site-pages-page-builder":"gutenberg","site-pages-category":[],"site-pages-parent-category":{"60":"business"},"required-plugins":[{"slug":"astra-addon","init":"astra-addon\/astra-addon.php","name":"Astra Pro"},{"slug":"ultimate-addons-for-gutenberg","init":"ultimate-addons-for-gutenberg\/ultimate-addons-for-gutenberg.php","name":"Spectra"},{"slug":"woocommerce","init":"woocommerce\/woocommerce.php","name":"WooCommerce"}]}},"related-bb-template":"","related-elementor-template":"","related-gutenberg-template":"","related_ecommerce_template":"","ecommerce_parent_template":""},"id-73637":{"title":"Game Dev Studio","id":73637,"publish-date":1683560696,"featured-image-url":"https:\/\/websitedemos.net\/wp-content\/uploads\/2023\/05\/game-dev-studio-07.jpg","thumbnail-image-url":"https:\/\/websitedemos.net\/wp-content\/uploads\/2023\/05\/game-dev-studio-07-600x2839.jpg","fullpage-thumbnail-image-url":"https:\/\/websitedemos.net\/wp-content\/uploads\/2023\/05\/game-dev-studio-07-400x1892.jpg","astra-site-url":"\/\/websitedemos.net\/game-dev-studio-07","astra-site-parent-id":3192,"astra-sites-tag":{"652":"game","3073":"game-development","3077":"gamedesign","3074":"gamedev","3075":"gamedeveloper","3072":"gaming","1510":"studio","3076":"videogames"},"astra-sites-type":"premium","astra-site-category":{"27":"business"},"astra-sites-template-category":{"2777":"business","2791":"creative","2768":"portfolio","2779":"software-company"},"astra-site-page-builder":"gutenberg","categories":{"2499":"technology"},"required-plugins":[{"slug":"ultimate-addons-for-gutenberg","init":"ultimate-addons-for-gutenberg\/ultimate-addons-for-gutenberg.php","name":"Spectra"}],"post-status":"publish","post-content":"","post-excerpt":"","pages":{"id-73641":{"title":"Projects","featured-image-url":"https:\/\/websitedemos.net\/wp-content\/uploads\/2023\/05\/game-dev-studio-07-projects.jpg","thumbnail-image-url":"https:\/\/websitedemos.net\/wp-content\/uploads\/2023\/05\/game-dev-studio-07-projects-600x1421.jpg","astra-page-api-url":"https:\/\/websitedemos.net\/game-dev-studio-07\/wp-json\/wp\/v2\/pages\/647","dynamic-page":"no","astra-page-url":"\/\/websitedemos.net\/game-dev-studio-07\/projects\/","astra-sites-tag":{"1613":"projects"},"site-pages-type":"premium","site-pages-page-builder":"gutenberg","site-pages-category":[],"site-pages-parent-category":{"60":"business"},"required-plugins":[{"slug":"ultimate-addons-for-gutenberg","init":"ultimate-addons-for-gutenberg\/ultimate-addons-for-gutenberg.php","name":"Spectra"}]},"id-73638":{"title":"About","featured-image-url":"https:\/\/websitedemos.net\/wp-content\/uploads\/2023\/05\/game-dev-studio-07-about.jpg","thumbnail-image-url":"https:\/\/websitedemos.net\/wp-content\/uploads\/2023\/05\/game-dev-studio-07-about-600x2598.jpg","astra-page-api-url":"https:\/\/websitedemos.net\/game-dev-studio-07\/wp-json\/wp\/v2\/pages\/645","dynamic-page":"no","astra-page-url":"\/\/websitedemos.net\/game-dev-studio-07\/about\/","astra-sites-tag":{"352":"about"},"site-pages-type":"premium","site-pages-page-builder":"gutenberg","site-pages-category":[],"site-pages-parent-category":{"60":"business"},"required-plugins":[{"slug":"ultimate-addons-for-gutenberg","init":"ultimate-addons-for-gutenberg\/ultimate-addons-for-gutenberg.php","name":"Spectra"}]},"id-73639":{"title":"Contact","featured-image-url":"https:\/\/websitedemos.net\/wp-content\/uploads\/2023\/05\/game-dev-studio-07-contact.jpg","thumbnail-image-url":"https:\/\/websitedemos.net\/wp-content\/uploads\/2023\/05\/game-dev-studio-07-contact-600x905.jpg","astra-page-api-url":"https:\/\/websitedemos.net\/game-dev-studio-07\/wp-json\/wp\/v2\/pages\/649","dynamic-page":"no","astra-page-url":"\/\/websitedemos.net\/game-dev-studio-07\/contact\/","astra-sites-tag":{"415":"contact"},"site-pages-type":"premium","site-pages-page-builder":"gutenberg","site-pages-category":[],"site-pages-parent-category":{"60":"business"},"required-plugins":[{"slug":"ultimate-addons-for-gutenberg","init":"ultimate-addons-for-gutenberg\/ultimate-addons-for-gutenberg.php","name":"Spectra"}]},"id-73640":{"title":"Home","featured-image-url":"https:\/\/websitedemos.net\/wp-content\/uploads\/2023\/05\/game-dev-studio-07.jpg","thumbnail-image-url":"https:\/\/websitedemos.net\/wp-content\/uploads\/2023\/05\/game-dev-studio-07-600x2839.jpg","astra-page-api-url":"https:\/\/websitedemos.net\/game-dev-studio-07\/wp-json\/wp\/v2\/pages\/642","dynamic-page":"no","astra-page-url":"\/\/websitedemos.net\/game-dev-studio-07\/","astra-sites-tag":{"423":"home"},"site-pages-type":"premium","site-pages-page-builder":"gutenberg","site-pages-category":[],"site-pages-parent-category":{"60":"business"},"required-plugins":[{"slug":"ultimate-addons-for-gutenberg","init":"ultimate-addons-for-gutenberg\/ultimate-addons-for-gutenberg.php","name":"Spectra"}]}},"related-bb-template":"","related-elementor-template":"","related-gutenberg-template":"","related_ecommerce_template":"","ecommerce_parent_template":""},"id-73669":{"title":"The Pizzeria","id":73669,"publish-date":1683564886,"featured-image-url":"https:\/\/websitedemos.net\/wp-content\/uploads\/2023\/05\/pizzeria-07.jpg","thumbnail-image-url":"https:\/\/websitedemos.net\/wp-content\/uploads\/2023\/05\/pizzeria-07-600x3273.jpg","fullpage-thumbnail-image-url":"https:\/\/websitedemos.net\/wp-content\/uploads\/2023\/05\/pizzeria-07-400x2182.jpg","astra-site-url":"\/\/websitedemos.net\/pizzeria-07","astra-site-parent-id":3194,"astra-sites-tag":{"2011":"fast-food-chain","2013":"fast-food-restaurant","2018":"fast-food-service","350":"hotel","563":"italian-restaurant","1975":"pasta","1971":"pizza","2012":"pizza-house","1977":"pizzeria","335":"restaurant"},"astra-sites-type":"premium","astra-site-category":{"27":"business"},"astra-sites-template-category":{"2777":"business","2785":"food","2876":"food-ordering","2776":"restaurant"},"astra-site-page-builder":"gutenberg","categories":{"2496":"restaurant-food"},"required-plugins":[{"slug":"ultimate-addons-for-gutenberg","init":"ultimate-addons-for-gutenberg\/ultimate-addons-for-gutenberg.php","name":"Spectra"}],"post-status":"publish","post-content":"","post-excerpt":"","pages":{"id-73670":{"title":"About","featured-image-url":"https:\/\/websitedemos.net\/wp-content\/uploads\/2023\/05\/pizzeria-07-about.jpg","thumbnail-image-url":"https:\/\/websitedemos.net\/wp-content\/uploads\/2023\/05\/pizzeria-07-about-600x1915.jpg","astra-page-api-url":"https:\/\/websitedemos.net\/pizzeria-07\/wp-json\/wp\/v2\/pages\/1297","dynamic-page":"no","astra-page-url":"\/\/websitedemos.net\/pizzeria-07\/about\/","astra-sites-tag":{"352":"about"},"site-pages-type":"premium","site-pages-page-builder":"gutenberg","site-pages-category":[],"site-pages-parent-category":{"60":"business"},"required-plugins":[{"slug":"ultimate-addons-for-gutenberg","init":"ultimate-addons-for-gutenberg\/ultimate-addons-for-gutenberg.php","name":"Spectra"}]},"id-73671":{"title":"Contact","featured-image-url":"https:\/\/websitedemos.net\/wp-content\/uploads\/2023\/05\/pizzeria-07-contact.jpg","thumbnail-image-url":"https:\/\/websitedemos.net\/wp-content\/uploads\/2023\/05\/pizzeria-07-contact-600x1580.jpg","astra-page-api-url":"https:\/\/websitedemos.net\/pizzeria-07\/wp-json\/wp\/v2\/pages\/1299","dynamic-page":"no","astra-page-url":"\/\/websitedemos.net\/pizzeria-07\/contact\/","astra-sites-tag":{"415":"contact"},"site-pages-type":"premium","site-pages-page-builder":"gutenberg","site-pages-category":[],"site-pages-parent-category":{"60":"business"},"required-plugins":[{"slug":"ultimate-addons-for-gutenberg","init":"ultimate-addons-for-gutenberg\/ultimate-addons-for-gutenberg.php","name":"Spectra"}]},"id-73672":{"title":"Home","featured-image-url":"https:\/\/websitedemos.net\/wp-content\/uploads\/2023\/05\/pizzeria-07.jpg","thumbnail-image-url":"https:\/\/websitedemos.net\/wp-content\/uploads\/2023\/05\/pizzeria-07-600x3273.jpg","astra-page-api-url":"https:\/\/websitedemos.net\/pizzeria-07\/wp-json\/wp\/v2\/pages\/1294","dynamic-page":"no","astra-page-url":"\/\/websitedemos.net\/pizzeria-07\/","astra-sites-tag":{"423":"home"},"site-pages-type":"premium","site-pages-page-builder":"gutenberg","site-pages-category":[],"site-pages-parent-category":{"60":"business"},"required-plugins":[{"slug":"ultimate-addons-for-gutenberg","init":"ultimate-addons-for-gutenberg\/ultimate-addons-for-gutenberg.php","name":"Spectra"}]},"id-73673":{"title":"Offers","featured-image-url":"https:\/\/websitedemos.net\/wp-content\/uploads\/2023\/05\/pizzeria-07-offers.jpg","thumbnail-image-url":"https:\/\/websitedemos.net\/wp-content\/uploads\/2023\/05\/pizzeria-07-offers-600x1934.jpg","astra-page-api-url":"https:\/\/websitedemos.net\/pizzeria-07\/wp-json\/wp\/v2\/pages\/1298","dynamic-page":"no","astra-page-url":"\/\/websitedemos.net\/pizzeria-07\/offers\/","astra-sites-tag":{"1969":"offers"},"site-pages-type":"premium","site-pages-page-builder":"gutenberg","site-pages-category":[],"site-pages-parent-category":{"60":"business"},"required-plugins":[{"slug":"ultimate-addons-for-gutenberg","init":"ultimate-addons-for-gutenberg\/ultimate-addons-for-gutenberg.php","name":"Spectra"}]},"id-73674":{"title":"Our Menu","featured-image-url":"https:\/\/websitedemos.net\/wp-content\/uploads\/2023\/05\/pizzeria-07-our-menu.jpg","thumbnail-image-url":"https:\/\/websitedemos.net\/wp-content\/uploads\/2023\/05\/pizzeria-07-our-menu-600x2784.jpg","astra-page-api-url":"https:\/\/websitedemos.net\/pizzeria-07\/wp-json\/wp\/v2\/pages\/1296","dynamic-page":"no","astra-page-url":"\/\/websitedemos.net\/pizzeria-07\/our-menu\/","astra-sites-tag":{"1578":"our-menu"},"site-pages-type":"premium","site-pages-page-builder":"gutenberg","site-pages-category":[],"site-pages-parent-category":{"60":"business"},"required-plugins":[{"slug":"ultimate-addons-for-gutenberg","init":"ultimate-addons-for-gutenberg\/ultimate-addons-for-gutenberg.php","name":"Spectra"}]}},"related-bb-template":"","related-elementor-template":"","related-gutenberg-template":"","related_ecommerce_template":"","ecommerce_parent_template":""},"id-73390":{"title":"Food &amp; Drinks Blogger","id":73390,"publish-date":1704285762,"featured-image-url":"https:\/\/websitedemos.net\/wp-content\/uploads\/2024\/01\/food-drinks-blog-07.jpg","thumbnail-image-url":"https:\/\/websitedemos.net\/wp-content\/uploads\/2024\/01\/food-drinks-blog-07-600x2577.jpg","fullpage-thumbnail-image-url":"https:\/\/websitedemos.net\/wp-content\/uploads\/2024\/01\/food-drinks-blog-07-400x1718.jpg","astra-site-url":"\/\/websitedemos.net\/food-drinks-blog-07","astra-site-parent-id":3139,"astra-sites-tag":{"1652":"blogger","1654":"content-creator","2263":"food-drinks-blogger","2171":"food-drinks-influencer","2172":"food-drinks-vlogger","890":"food-blogger","1547":"influencer","2163":"social-media-influencer","1837":"vlogger","1024":"woocommerce"},"astra-sites-type":"agency-mini","astra-site-category":{"37":"blog"},"astra-sites-template-category":{"2828":"blog","2785":"food","2770":"personal","2776":"restaurant"},"astra-site-page-builder":"gutenberg","categories":{"2497":"blog","2926":"video"},"required-plugins":[{"slug":"ultimate-addons-for-gutenberg","init":"ultimate-addons-for-gutenberg\/ultimate-addons-for-gutenberg.php","name":"Spectra"}],"post-status":"publish","post-content":"","post-excerpt":"","pages":{"id-73391":{"title":"About","featured-image-url":"https:\/\/websitedemos.net\/wp-content\/uploads\/2024\/01\/food-drinks-blog-07-about.jpg","thumbnail-image-url":"https:\/\/websitedemos.net\/wp-content\/uploads\/2024\/01\/food-drinks-blog-07-about-600x1774.jpg","astra-page-api-url":"https:\/\/websitedemos.net\/food-drinks-blog-07\/wp-json\/wp\/v2\/pages\/9","dynamic-page":"no","astra-page-url":"\/\/websitedemos.net\/food-drinks-blog-07\/about\/","astra-sites-tag":{"352":"about"},"site-pages-type":"agency-mini","site-pages-page-builder":"gutenberg","site-pages-category":[],"site-pages-parent-category":{"74":"blog"},"required-plugins":[{"slug":"ultimate-addons-for-gutenberg","init":"ultimate-addons-for-gutenberg\/ultimate-addons-for-gutenberg.php","name":"Spectra"}]},"id-73392":{"title":"Home","featured-image-url":"https:\/\/websitedemos.net\/wp-content\/uploads\/2024\/01\/food-drinks-blog-07.jpg","thumbnail-image-url":"https:\/\/websitedemos.net\/wp-content\/uploads\/2024\/01\/food-drinks-blog-07-600x2577.jpg","astra-page-api-url":"https:\/\/websitedemos.net\/food-drinks-blog-07\/wp-json\/wp\/v2\/pages\/6","dynamic-page":"yes","astra-page-url":"\/\/websitedemos.net\/food-drinks-blog-07\/","astra-sites-tag":{"423":"home"},"site-pages-type":"agency-mini","site-pages-page-builder":"gutenberg","site-pages-category":[],"site-pages-parent-category":{"74":"blog"},"required-plugins":[{"slug":"ultimate-addons-for-gutenberg","init":"ultimate-addons-for-gutenberg\/ultimate-addons-for-gutenberg.php","name":"Spectra"}]},"id-73393":{"title":"Work With Me","featured-image-url":"https:\/\/websitedemos.net\/wp-content\/uploads\/2024\/01\/food-drinks-blog-07-work-with-me.jpg","thumbnail-image-url":"https:\/\/websitedemos.net\/wp-content\/uploads\/2024\/01\/food-drinks-blog-07-work-with-me-600x668.jpg","astra-page-api-url":"https:\/\/websitedemos.net\/food-drinks-blog-07\/wp-json\/wp\/v2\/pages\/11","dynamic-page":"no","astra-page-url":"\/\/websitedemos.net\/food-drinks-blog-07\/work-with-me\/","astra-sites-tag":{"784":"work-with-me"},"site-pages-type":"agency-mini","site-pages-page-builder":"gutenberg","site-pages-category":[],"site-pages-parent-category":{"74":"blog"},"required-plugins":[{"slug":"ultimate-addons-for-gutenberg","init":"ultimate-addons-for-gutenberg\/ultimate-addons-for-gutenberg.php","name":"Spectra"}]}},"related-bb-template":"","related-elementor-template":"","related-gutenberg-template":"","related_ecommerce_template":"","ecommerce_parent_template":""},"id-73652":{"title":"Media Agency","id":73652,"publish-date":1683561623,"featured-image-url":"https:\/\/websitedemos.net\/wp-content\/uploads\/2023\/05\/media-agency-07.jpg","thumbnail-image-url":"https:\/\/websitedemos.net\/wp-content\/uploads\/2023\/05\/media-agency-07-600x2450.jpg","fullpage-thumbnail-image-url":"https:\/\/websitedemos.net\/wp-content\/uploads\/2023\/05\/media-agency-07-400x1633.jpg","astra-site-url":"\/\/websitedemos.net\/media-agency-07","astra-site-parent-id":3193,"astra-sites-tag":{"1587":"advertising-agency","2232":"advertising-company","2229":"advertising-firm","663":"agency","979":"company","1588":"marketing-agency","2233":"marketing-company","2228":"marketing-firm","2237":"media-agency","2230":"press-agency","2227":"promotion-firm","2231":"publicity-firm","2234":"publicity-services"},"astra-sites-type":"premium","astra-site-category":{"27":"business"},"astra-sites-template-category":{"2777":"business","2812":"digital-agency","2796":"digital-marketing","2768":"portfolio"},"astra-site-page-builder":"gutenberg","categories":{"2487":"agency"},"required-plugins":[{"slug":"ultimate-addons-for-gutenberg","init":"ultimate-addons-for-gutenberg\/ultimate-addons-for-gutenberg.php","name":"Spectra"}],"post-status":"publish","post-content":"","post-excerpt":"","pages":{"id-73655":{"title":"Home","featured-image-url":"https:\/\/websitedemos.net\/wp-content\/uploads\/2023\/05\/media-agency-07.jpg","thumbnail-image-url":"https:\/\/websitedemos.net\/wp-content\/uploads\/2023\/05\/media-agency-07-600x2450.jpg","astra-page-api-url":"https:\/\/websitedemos.net\/media-agency-07\/wp-json\/wp\/v2\/pages\/469","dynamic-page":"no","astra-page-url":"\/\/websitedemos.net\/media-agency-07\/","astra-sites-tag":{"423":"home"},"site-pages-type":"premium","site-pages-page-builder":"gutenberg","site-pages-category":[],"site-pages-parent-category":{"60":"business"},"required-plugins":[{"slug":"ultimate-addons-for-gutenberg","init":"ultimate-addons-for-gutenberg\/ultimate-addons-for-gutenberg.php","name":"Spectra"}]},"id-73656":{"title":"Portfolio","featured-image-url":"https:\/\/websitedemos.net\/wp-content\/uploads\/2023\/05\/media-agency-07-portfolio.jpg","thumbnail-image-url":"https:\/\/websitedemos.net\/wp-content\/uploads\/2023\/05\/media-agency-07-portfolio-600x1194.jpg","astra-page-api-url":"https:\/\/websitedemos.net\/media-agency-07\/wp-json\/wp\/v2\/pages\/472","dynamic-page":"no","astra-page-url":"\/\/websitedemos.net\/media-agency-07\/portfolio\/","astra-sites-tag":{"444":"portfolio"},"site-pages-type":"premium","site-pages-page-builder":"gutenberg","site-pages-category":[],"site-pages-parent-category":{"60":"business"},"required-plugins":[{"slug":"ultimate-addons-for-gutenberg","init":"ultimate-addons-for-gutenberg\/ultimate-addons-for-gutenberg.php","name":"Spectra"}]},"id-73657":{"title":"Services","featured-image-url":"https:\/\/websitedemos.net\/wp-content\/uploads\/2023\/05\/media-agency-07-services.jpg","thumbnail-image-url":"https:\/\/websitedemos.net\/wp-content\/uploads\/2023\/05\/media-agency-07-services-600x1962.jpg","astra-page-api-url":"https:\/\/websitedemos.net\/media-agency-07\/wp-json\/wp\/v2\/pages\/471","dynamic-page":"no","astra-page-url":"\/\/websitedemos.net\/media-agency-07\/services\/","astra-sites-tag":{"425":"services"},"site-pages-type":"premium","site-pages-page-builder":"gutenberg","site-pages-category":[],"site-pages-parent-category":{"60":"business"},"required-plugins":[{"slug":"ultimate-addons-for-gutenberg","init":"ultimate-addons-for-gutenberg\/ultimate-addons-for-gutenberg.php","name":"Spectra"}]},"id-73653":{"title":"About","featured-image-url":"https:\/\/websitedemos.net\/wp-content\/uploads\/2023\/05\/media-agency-07-about.jpg","thumbnail-image-url":"https:\/\/websitedemos.net\/wp-content\/uploads\/2023\/05\/media-agency-07-about-600x1750.jpg","astra-page-api-url":"https:\/\/websitedemos.net\/media-agency-07\/wp-json\/wp\/v2\/pages\/470","dynamic-page":"no","astra-page-url":"\/\/websitedemos.net\/media-agency-07\/about\/","astra-sites-tag":{"352":"about"},"site-pages-type":"premium","site-pages-page-builder":"gutenberg","site-pages-category":[],"site-pages-parent-category":{"60":"business"},"required-plugins":[{"slug":"ultimate-addons-for-gutenberg","init":"ultimate-addons-for-gutenberg\/ultimate-addons-for-gutenberg.php","name":"Spectra"}]},"id-73654":{"title":"Contact","featured-image-url":"https:\/\/websitedemos.net\/wp-content\/uploads\/2023\/05\/media-agency-07-contact.jpg","thumbnail-image-url":"https:\/\/websitedemos.net\/wp-content\/uploads\/2023\/05\/media-agency-07-contact-600x1213.jpg","astra-page-api-url":"https:\/\/websitedemos.net\/media-agency-07\/wp-json\/wp\/v2\/pages\/473","dynamic-page":"no","astra-page-url":"\/\/websitedemos.net\/media-agency-07\/contact\/","astra-sites-tag":{"415":"contact"},"site-pages-type":"premium","site-pages-page-builder":"gutenberg","site-pages-category":[],"site-pages-parent-category":{"60":"business"},"required-plugins":[{"slug":"ultimate-addons-for-gutenberg","init":"ultimate-addons-for-gutenberg\/ultimate-addons-for-gutenberg.php","name":"Spectra"}]}},"related-bb-template":"","related-elementor-template":"","related-gutenberg-template":"","related_ecommerce_template":"","ecommerce_parent_template":""},"id-58716":{"title":"Love Nature","id":58716,"publish-date":1637954772,"featured-image-url":"https:\/\/websitedemos.net\/wp-content\/uploads\/2021\/11\/ove-nature-02.jpg","thumbnail-image-url":"https:\/\/websitedemos.net\/wp-content\/uploads\/2021\/11\/ove-nature-02.jpg","fullpage-thumbnail-image-url":"https:\/\/websitedemos.net\/wp-content\/uploads\/2021\/11\/ove-nature-02.jpg","astra-site-url":"\/\/websitedemos.net\/love-nature-02","astra-site-parent-id":2470,"astra-sites-tag":{"3416":"elementor","538":"forest","2456":"generic","2493":"multipurpose","537":"national-park","535":"nature","534":"nature-park","539":"sanctuary","536":"wilderness"},"astra-sites-type":"free","astra-site-category":{"27":"business","39":"free"},"astra-sites-template-category":{"2777":"business","2860":"multipurpose","2830":"nature","2831":"service","2797":"simple-minimal"},"astra-site-page-builder":"elementor","categories":{"3427":"default","3428":"free","2500":"multipurpose"},"required-plugins":[{"slug":"elementor","init":"elementor\/elementor.php","name":"Elementor"},{"slug":"wpforms-lite","init":"wpforms-lite\/wpforms.php","name":"WPForms Lite"}],"post-status":"publish","post-content":"<!-- wp:paragraph -->\n<p>Looking for a flexible multipurpose website template? Look no further. This serene and tranquil design features elegant graphics and a professional layout. It's perfect for those looking to create a website that offers an escape from the hustle and bustle of everyday life.<\/p>\n<!-- \/wp:paragraph -->\n\n<!-- wp:paragraph -->\n<p>The template features a natural color palette with pops of green and blue, which will be sure to make your website feel like a tranquil escape. The template has been carefully crafted to exhibit your services in the most elegant way possible.<\/p>\n<!-- \/wp:paragraph -->\n\n<!-- wp:heading -->\n<h2>Key features of the Love Nature template<\/h2>\n<!-- \/wp:heading -->\n\n<!-- wp:list -->\n<ul><!-- wp:list-item -->\n<li>Well-designed multipurpose template<\/li>\n<!-- \/wp:list-item -->\n\n<!-- wp:list-item -->\n<li>Elegant and serene design<\/li>\n<!-- \/wp:list-item -->\n\n<!-- wp:list-item -->\n<li>Natural color palette with customization options<\/li>\n<!-- \/wp:list-item -->\n\n<!-- wp:list-item -->\n<li>Professional and flexible layout<\/li>\n<!-- \/wp:list-item -->\n\n<!-- wp:list-item -->\n<li>Compatible with popular page builders<\/li>\n<!-- \/wp:list-item --><\/ul>\n<!-- \/wp:list -->","post-excerpt":"Elegant and serene multipurpose design to build any type of website","pages":{"id-58732":{"title":"Home","featured-image-url":"https:\/\/websitedemos.net\/wp-content\/uploads\/2021\/11\/ove-nature-02.jpg","thumbnail-image-url":"https:\/\/websitedemos.net\/wp-content\/uploads\/2021\/11\/ove-nature-02.jpg","astra-page-api-url":"https:\/\/websitedemos.net\/love-nature-02\/wp-json\/wp\/v2\/pages\/11","dynamic-page":"no","astra-page-url":"\/\/websitedemos.net\/love-nature-02\/","astra-sites-tag":{"423":"home"},"site-pages-type":"free","site-pages-page-builder":"elementor","site-pages-category":[],"site-pages-parent-category":{"60":"business","61":"free"},"required-plugins":[{"slug":"elementor","init":"elementor\/elementor.php","name":"Elementor"}]},"id-69724":{"title":"About","featured-image-url":"https:\/\/websitedemos.net\/wp-content\/uploads\/2021\/11\/love-nature-02-about-1.jpg","thumbnail-image-url":"https:\/\/websitedemos.net\/wp-content\/uploads\/2021\/11\/love-nature-02-about-1.jpg","astra-page-api-url":"https:\/\/websitedemos.net\/love-nature-02\/wp-json\/wp\/v2\/pages\/14","dynamic-page":"no","astra-page-url":"\/\/websitedemos.net\/love-nature-02\/about\/","astra-sites-tag":{"352":"about"},"site-pages-type":"free","site-pages-page-builder":"elementor","site-pages-category":[],"site-pages-parent-category":{"60":"business","61":"free"},"required-plugins":[{"slug":"elementor","init":"elementor\/elementor.php","name":"Elementor"}]},"id-69725":{"title":"Contact","featured-image-url":"https:\/\/websitedemos.net\/wp-content\/uploads\/2021\/11\/love-nature-02-contact-2.jpg","thumbnail-image-url":"https:\/\/websitedemos.net\/wp-content\/uploads\/2021\/11\/love-nature-02-contact-2.jpg","astra-page-api-url":"https:\/\/websitedemos.net\/love-nature-02\/wp-json\/wp\/v2\/pages\/16","dynamic-page":"no","astra-page-url":"\/\/websitedemos.net\/love-nature-02\/contact\/","astra-sites-tag":{"415":"contact"},"site-pages-type":"free","site-pages-page-builder":"elementor","site-pages-category":[],"site-pages-parent-category":{"60":"business","61":"free"},"required-plugins":[{"slug":"elementor","init":"elementor\/elementor.php","name":"Elementor"},{"slug":"wpforms-lite","init":"wpforms-lite\/wpforms.php","name":"WPForms Lite"}]},"id-69726":{"title":"Services","featured-image-url":"https:\/\/websitedemos.net\/wp-content\/uploads\/2021\/11\/love-nature-02-services-1.jpg","thumbnail-image-url":"https:\/\/websitedemos.net\/wp-content\/uploads\/2021\/11\/love-nature-02-services-1.jpg","astra-page-api-url":"https:\/\/websitedemos.net\/love-nature-02\/wp-json\/wp\/v2\/pages\/15","dynamic-page":"no","astra-page-url":"\/\/websitedemos.net\/love-nature-02\/services\/","astra-sites-tag":{"425":"services"},"site-pages-type":"free","site-pages-page-builder":"elementor","site-pages-category":[],"site-pages-parent-category":{"60":"business","61":"free"},"required-plugins":[{"slug":"elementor","init":"elementor\/elementor.php","name":"Elementor"}]}},"related-bb-template":"","related-elementor-template":"","related-gutenberg-template":"","related_ecommerce_template":"","ecommerce_parent_template":""},"id-19808":{"title":"Outdoor Adventure","id":19808,"publish-date":1543500721,"featured-image-url":"https:\/\/websitedemos.net\/wp-content\/uploads\/2019\/07\/outdoor-adventure-02-home.jpg","thumbnail-image-url":"https:\/\/websitedemos.net\/wp-content\/uploads\/2019\/07\/outdoor-adventure-02-home.jpg","fullpage-thumbnail-image-url":"https:\/\/websitedemos.net\/wp-content\/uploads\/2019\/07\/outdoor-adventure-02-home.jpg","astra-site-url":"\/\/websitedemos.net\/outdoor-adventure-02","astra-site-parent-id":186,"astra-sites-tag":{"544":"adventure","545":"camping","3416":"elementor","543":"extreme-sports","541":"mountains","542":"park","546":"sports"},"astra-sites-type":"free","astra-site-category":{"27":"business","39":"free"},"astra-sites-template-category":{"2860":"multipurpose","2797":"simple-minimal","2826":"sports","2775":"travel-tourism"},"astra-site-page-builder":"elementor","categories":{"3427":"default","3428":"free","2500":"multipurpose"},"required-plugins":[{"slug":"elementor","init":"elementor\/elementor.php","name":"Elementor"},{"slug":"wpforms-lite","init":"wpforms-lite\/wpforms.php","name":"WPForms Lite"}],"post-status":"publish","post-content":"<!-- wp:paragraph -->\n<p>If you're looking for a multipurpose website template that will be the perfect match for your business, this is it. This outdoor adventure website template is perfect for those who&nbsp; want to share their passion with the world.<\/p>\n<!-- \/wp:paragraph -->\n\n<!-- wp:paragraph -->\n<p>A clean and professional design delivers the foundations of an amazing website. A variety of pages and features will help you create an informative, interactive, and visually stunning site that is sure to capture your audience's attention.<\/p>\n<!-- \/wp:paragraph -->\n\n<!-- wp:heading {\"UAGDay\":[]} -->\n<h2 class=\"wp-block-heading\">Key features of the Outdoor Adventure template<\/h2>\n<!-- \/wp:heading -->\n\n<!-- wp:list -->\n<ul><!-- wp:list-item -->\n<li>Professionally designed multipurpose template<\/li>\n<!-- \/wp:list-item -->\n\n<!-- wp:list-item -->\n<li>Attractive design that\u2019s visually appealing<\/li>\n<!-- \/wp:list-item -->\n\n<!-- wp:list-item -->\n<li>Fully customizable and flexible layout<\/li>\n<!-- \/wp:list-item -->\n\n<!-- wp:list-item -->\n<li>Includes all the correct elements to build an engaging site<\/li>\n<!-- \/wp:list-item -->\n\n<!-- wp:list-item -->\n<li>Page builder ready<\/li>\n<!-- \/wp:list-item --><\/ul>\n<!-- \/wp:list -->","post-excerpt":"Multipurpose template perfect for anyone looking to build a stylish website","pages":{"id-23830":{"title":"Home","featured-image-url":"https:\/\/websitedemos.net\/wp-content\/uploads\/2019\/07\/outdoor-adventure-02-home.jpg","thumbnail-image-url":"https:\/\/websitedemos.net\/wp-content\/uploads\/2019\/07\/outdoor-adventure-02-home.jpg","astra-page-api-url":"https:\/\/websitedemos.net\/outdoor-adventure-02\/wp-json\/wp\/v2\/pages\/4","dynamic-page":"no","astra-page-url":"\/\/websitedemos.net\/outdoor-adventure-02\/","astra-sites-tag":{"423":"home"},"site-pages-type":"free","site-pages-page-builder":"elementor","site-pages-category":[],"site-pages-parent-category":{"60":"business","61":"free"},"required-plugins":[{"slug":"elementor","init":"elementor\/elementor.php","name":"Elementor"}]},"id-23827":{"title":"About","featured-image-url":"https:\/\/websitedemos.net\/wp-content\/uploads\/2019\/07\/outdoor-adventure-02-about.jpg","thumbnail-image-url":"https:\/\/websitedemos.net\/wp-content\/uploads\/2019\/07\/outdoor-adventure-02-about.jpg","astra-page-api-url":"https:\/\/websitedemos.net\/outdoor-adventure-02\/wp-json\/wp\/v2\/pages\/5","dynamic-page":"no","astra-page-url":"\/\/websitedemos.net\/outdoor-adventure-02\/about\/","astra-sites-tag":{"352":"about"},"site-pages-type":"free","site-pages-page-builder":"elementor","site-pages-category":[],"site-pages-parent-category":{"60":"business","61":"free"},"required-plugins":[{"slug":"elementor","init":"elementor\/elementor.php","name":"Elementor"}]},"id-23832":{"title":"Services","featured-image-url":"https:\/\/websitedemos.net\/wp-content\/uploads\/2019\/07\/outdoor-adventure-02-services.jpg","thumbnail-image-url":"https:\/\/websitedemos.net\/wp-content\/uploads\/2019\/07\/outdoor-adventure-02-services.jpg","astra-page-api-url":"https:\/\/websitedemos.net\/outdoor-adventure-02\/wp-json\/wp\/v2\/pages\/6","dynamic-page":"no","astra-page-url":"\/\/websitedemos.net\/outdoor-adventure-02\/services\/","astra-sites-tag":{"425":"services"},"site-pages-type":"free","site-pages-page-builder":"elementor","site-pages-category":[],"site-pages-parent-category":{"60":"business","61":"free"},"required-plugins":[{"slug":"elementor","init":"elementor\/elementor.php","name":"Elementor"}]},"id-23831":{"title":"Projects","featured-image-url":"https:\/\/websitedemos.net\/wp-content\/uploads\/2019\/07\/outdoor-adventure-02-our-projects.jpg","thumbnail-image-url":"https:\/\/websitedemos.net\/wp-content\/uploads\/2019\/07\/outdoor-adventure-02-our-projects.jpg","astra-page-api-url":"https:\/\/websitedemos.net\/outdoor-adventure-02\/wp-json\/wp\/v2\/pages\/7","dynamic-page":"no","astra-page-url":"\/\/websitedemos.net\/outdoor-adventure-02\/projects\/","astra-sites-tag":{"424":"project"},"site-pages-type":"free","site-pages-page-builder":"elementor","site-pages-category":[],"site-pages-parent-category":{"60":"business","61":"free"},"required-plugins":[{"slug":"elementor","init":"elementor\/elementor.php","name":"Elementor"}]},"id-23829":{"title":"Contact","featured-image-url":"https:\/\/websitedemos.net\/wp-content\/uploads\/2019\/07\/outdoor-adventure-02-contact.jpg","thumbnail-image-url":"https:\/\/websitedemos.net\/wp-content\/uploads\/2019\/07\/id-23829-outdoor-adventure-contact-resize.jpg","astra-page-api-url":"https:\/\/websitedemos.net\/outdoor-adventure-02\/wp-json\/wp\/v2\/pages\/8","dynamic-page":"no","astra-page-url":"\/\/websitedemos.net\/outdoor-adventure-02\/contact\/","astra-sites-tag":{"415":"contact"},"site-pages-type":"free","site-pages-page-builder":"elementor","site-pages-category":[],"site-pages-parent-category":{"60":"business","61":"free"},"required-plugins":[{"slug":"elementor","init":"elementor\/elementor.php","name":"Elementor"},{"slug":"wpforms-lite","init":"wpforms-lite\/wpforms.php","name":"WPForms Lite"}]}},"related-bb-template":19884,"related-elementor-template":19808,"related-gutenberg-template":48078,"related_ecommerce_template":"","ecommerce_parent_template":""}}