{"id-86286":{"title":"Fitness Trainer","id":86286,"publish-date":1707743567,"featured-image-url":"https:\/\/websitedemos.net\/wp-content\/uploads\/2024\/02\/fitness-trainer-07.jpg","thumbnail-image-url":"https:\/\/websitedemos.net\/wp-content\/uploads\/2024\/02\/fitness-trainer-07-600x3726.jpg","fullpage-thumbnail-image-url":"https:\/\/websitedemos.net\/wp-content\/uploads\/2024\/02\/fitness-trainer-07-400x2484.jpg","astra-site-url":"\/\/websitedemos.net\/fitness-trainer-07","astra-site-parent-id":3485,"astra-sites-tag":{"845":"blue","502":"exercise","499":"fitness","505":"fitness-trainer","506":"functional-training","500":"gym","976":"gym-instructor","504":"gym-trainer","399":"one-page","1020":"personal","1844":"premium","463":"single-page","503":"trainer","501":"work-out"},"astra-sites-type":"agency-mini","astra-site-category":{"27":"business"},"astra-sites-template-category":{"2777":"business","2787":"gym-fitness","2771":"one-page","2770":"personal"},"astra-site-page-builder":"gutenberg","categories":{"2480":"fitness-wellness","2927":"one-page"},"required-plugins":[{"slug":"ultimate-addons-for-gutenberg","init":"ultimate-addons-for-gutenberg\/ultimate-addons-for-gutenberg.php","name":"Spectra"}],"post-status":"publish","post-content":"","post-excerpt":"","pages":{"id-86287":{"title":"Home","featured-image-url":"https:\/\/websitedemos.net\/wp-content\/uploads\/2024\/02\/fitness-trainer-07.jpg","thumbnail-image-url":"https:\/\/websitedemos.net\/wp-content\/uploads\/2024\/02\/fitness-trainer-07-600x3726.jpg","astra-page-api-url":"https:\/\/websitedemos.net\/fitness-trainer-07\/wp-json\/wp\/v2\/pages\/2","dynamic-page":"no","astra-page-url":"\/\/websitedemos.net\/fitness-trainer-07\/","astra-sites-tag":{"423":"home"},"site-pages-type":"agency-mini","site-pages-page-builder":"gutenberg","site-pages-category":[],"site-pages-parent-category":{"60":"business"},"required-plugins":[{"slug":"ultimate-addons-for-gutenberg","init":"ultimate-addons-for-gutenberg\/ultimate-addons-for-gutenberg.php","name":"Spectra"}]}},"related-bb-template":"","related-elementor-template":"","related-gutenberg-template":"","related_ecommerce_template":"","ecommerce_parent_template":""},"id-59557":{"title":"Guitarist","id":59557,"publish-date":1675438131,"featured-image-url":"https:\/\/websitedemos.net\/wp-content\/uploads\/2023\/02\/guitarist-08.jpg","thumbnail-image-url":"https:\/\/websitedemos.net\/wp-content\/uploads\/2023\/02\/guitarist-08-600x3032.jpg","fullpage-thumbnail-image-url":"https:\/\/websitedemos.net\/wp-content\/uploads\/2023\/02\/guitarist-08-400x2021.jpg","astra-site-url":"\/\/websitedemos.net\/guitarist-08","astra-site-parent-id":2637,"astra-sites-tag":{"2612":"guitar-cello","2611":"guitar-player","2610":"guitarist","1571":"singer","1573":"vocalist"},"astra-sites-type":"free","astra-site-category":{"27":"business","39":"free"},"astra-sites-template-category":{"2802":"artist","2781":"music","2868":"musician-singer"},"astra-site-page-builder":"gutenberg","categories":{"2486":"art-music"},"required-plugins":[{"slug":"ultimate-addons-for-gutenberg","init":"ultimate-addons-for-gutenberg\/ultimate-addons-for-gutenberg.php","name":"Spectra"}],"post-status":"publish","post-content":"","post-excerpt":"","pages":{"id-59558":{"title":"About","featured-image-url":"https:\/\/websitedemos.net\/wp-content\/uploads\/2023\/02\/guitarist-08-about.jpg","thumbnail-image-url":"https:\/\/websitedemos.net\/wp-content\/uploads\/2023\/02\/guitarist-08-about-600x2350.jpg","astra-page-api-url":"https:\/\/websitedemos.net\/guitarist-08\/wp-json\/wp\/v2\/pages\/774","dynamic-page":"no","astra-page-url":"\/\/websitedemos.net\/guitarist-08\/about\/","astra-sites-tag":{"352":"about"},"site-pages-type":"free","site-pages-page-builder":"gutenberg","site-pages-category":[],"site-pages-parent-category":{"60":"business","61":"free"},"required-plugins":[{"slug":"ultimate-addons-for-gutenberg","init":"ultimate-addons-for-gutenberg\/ultimate-addons-for-gutenberg.php","name":"Spectra"}]},"id-59559":{"title":"Contact","featured-image-url":"https:\/\/websitedemos.net\/wp-content\/uploads\/2023\/02\/guitarist-08-contact.jpg","thumbnail-image-url":"https:\/\/websitedemos.net\/wp-content\/uploads\/2023\/02\/guitarist-08-contact-600x921.jpg","astra-page-api-url":"https:\/\/websitedemos.net\/guitarist-08\/wp-json\/wp\/v2\/pages\/780","dynamic-page":"no","astra-page-url":"\/\/websitedemos.net\/guitarist-08\/contact\/","astra-sites-tag":{"415":"contact"},"site-pages-type":"free","site-pages-page-builder":"gutenberg","site-pages-category":[],"site-pages-parent-category":{"60":"business","61":"free"},"required-plugins":[{"slug":"ultimate-addons-for-gutenberg","init":"ultimate-addons-for-gutenberg\/ultimate-addons-for-gutenberg.php","name":"Spectra"}]},"id-59560":{"title":"Home","featured-image-url":"https:\/\/websitedemos.net\/wp-content\/uploads\/2023\/02\/guitarist-08.jpg","thumbnail-image-url":"https:\/\/websitedemos.net\/wp-content\/uploads\/2023\/02\/guitarist-08-600x3032.jpg","astra-page-api-url":"https:\/\/websitedemos.net\/guitarist-08\/wp-json\/wp\/v2\/pages\/772","dynamic-page":"no","astra-page-url":"\/\/websitedemos.net\/guitarist-08\/","astra-sites-tag":{"423":"home"},"site-pages-type":"free","site-pages-page-builder":"gutenberg","site-pages-category":[],"site-pages-parent-category":{"60":"business","61":"free"},"required-plugins":[{"slug":"ultimate-addons-for-gutenberg","init":"ultimate-addons-for-gutenberg\/ultimate-addons-for-gutenberg.php","name":"Spectra"}]},"id-59561":{"title":"Lessons","featured-image-url":"https:\/\/websitedemos.net\/wp-content\/uploads\/2023\/02\/guitarist-08-lessons.jpg","thumbnail-image-url":"https:\/\/websitedemos.net\/wp-content\/uploads\/2023\/02\/guitarist-08-lessons-600x1434.jpg","astra-page-api-url":"https:\/\/websitedemos.net\/guitarist-08\/wp-json\/wp\/v2\/pages\/776","dynamic-page":"no","astra-page-url":"\/\/websitedemos.net\/guitarist-08\/lessons\/","astra-sites-tag":{"747":"lessons"},"site-pages-type":"free","site-pages-page-builder":"gutenberg","site-pages-category":[],"site-pages-parent-category":{"60":"business","61":"free"},"required-plugins":[{"slug":"ultimate-addons-for-gutenberg","init":"ultimate-addons-for-gutenberg\/ultimate-addons-for-gutenberg.php","name":"Spectra"}]},"id-59562":{"title":"Shows","featured-image-url":"https:\/\/websitedemos.net\/wp-content\/uploads\/2023\/02\/guitarist-08-shows.jpg","thumbnail-image-url":"https:\/\/websitedemos.net\/wp-content\/uploads\/2023\/02\/guitarist-08-shows-600x1090.jpg","astra-page-api-url":"https:\/\/websitedemos.net\/guitarist-08\/wp-json\/wp\/v2\/pages\/778","dynamic-page":"no","astra-page-url":"\/\/websitedemos.net\/guitarist-08\/shows\/","astra-sites-tag":{"1568":"shows"},"site-pages-type":"free","site-pages-page-builder":"gutenberg","site-pages-category":[],"site-pages-parent-category":{"60":"business","61":"free"},"required-plugins":[{"slug":"ultimate-addons-for-gutenberg","init":"ultimate-addons-for-gutenberg\/ultimate-addons-for-gutenberg.php","name":"Spectra"}]}},"related-bb-template":"","related-elementor-template":"","related-gutenberg-template":"","related_ecommerce_template":"","ecommerce_parent_template":""},"id-86088":{"title":"Courier &amp; Delivery Services","id":86088,"publish-date":1707735705,"featured-image-url":"https:\/\/websitedemos.net\/wp-content\/uploads\/2024\/02\/courier-07.jpg","thumbnail-image-url":"https:\/\/websitedemos.net\/wp-content\/uploads\/2024\/02\/courier-07-600x2060.jpg","fullpage-thumbnail-image-url":"https:\/\/websitedemos.net\/wp-content\/uploads\/2024\/02\/courier-07-400x1373.jpg","astra-site-url":"\/\/websitedemos.net\/courier-07","astra-site-parent-id":3472,"astra-sites-tag":{"1498":"bearer","1493":"carrier","1494":"courier","1497":"delivery","1495":"express","1500":"messager","1496":"parcel"},"astra-sites-type":"agency-mini","astra-site-category":{"27":"business"},"astra-sites-template-category":{"2777":"business","2854":"courier","2831":"service","2806":"transportation"},"astra-site-page-builder":"gutenberg","categories":{"2473":"transport"},"required-plugins":[{"slug":"ultimate-addons-for-gutenberg","init":"ultimate-addons-for-gutenberg\/ultimate-addons-for-gutenberg.php","name":"Spectra"}],"post-status":"publish","post-content":"","post-excerpt":"","pages":{"id-86094":{"title":"Testimonials","featured-image-url":"https:\/\/websitedemos.net\/wp-content\/uploads\/2024\/02\/courier-07-testimonials.jpg","thumbnail-image-url":"https:\/\/websitedemos.net\/wp-content\/uploads\/2024\/02\/courier-07-testimonials-600x1286.jpg","astra-page-api-url":"https:\/\/websitedemos.net\/courier-07\/wp-json\/wp\/v2\/pages\/436","dynamic-page":"no","astra-page-url":"\/\/websitedemos.net\/courier-07\/testimonials\/","astra-sites-tag":{"433":"testimonials"},"site-pages-type":"agency-mini","site-pages-page-builder":"gutenberg","site-pages-category":[],"site-pages-parent-category":{"60":"business"},"required-plugins":[{"slug":"ultimate-addons-for-gutenberg","init":"ultimate-addons-for-gutenberg\/ultimate-addons-for-gutenberg.php","name":"Spectra"}]},"id-86089":{"title":"About","featured-image-url":"https:\/\/websitedemos.net\/wp-content\/uploads\/2024\/02\/courier-07-about-us.jpg","thumbnail-image-url":"https:\/\/websitedemos.net\/wp-content\/uploads\/2024\/02\/courier-07-about-us-600x1400.jpg","astra-page-api-url":"https:\/\/websitedemos.net\/courier-07\/wp-json\/wp\/v2\/pages\/434","dynamic-page":"no","astra-page-url":"\/\/websitedemos.net\/courier-07\/about\/","astra-sites-tag":{"352":"about"},"site-pages-type":"agency-mini","site-pages-page-builder":"gutenberg","site-pages-category":[],"site-pages-parent-category":{"60":"business"},"required-plugins":[{"slug":"ultimate-addons-for-gutenberg","init":"ultimate-addons-for-gutenberg\/ultimate-addons-for-gutenberg.php","name":"Spectra"}]},"id-86090":{"title":"Contact","featured-image-url":"https:\/\/websitedemos.net\/wp-content\/uploads\/2024\/02\/courier-07-contact-us.jpg","thumbnail-image-url":"https:\/\/websitedemos.net\/wp-content\/uploads\/2024\/02\/courier-07-contact-us-600x1229.jpg","astra-page-api-url":"https:\/\/websitedemos.net\/courier-07\/wp-json\/wp\/v2\/pages\/437","dynamic-page":"no","astra-page-url":"\/\/websitedemos.net\/courier-07\/contact\/","astra-sites-tag":{"415":"contact"},"site-pages-type":"agency-mini","site-pages-page-builder":"gutenberg","site-pages-category":[],"site-pages-parent-category":{"60":"business"},"required-plugins":[{"slug":"ultimate-addons-for-gutenberg","init":"ultimate-addons-for-gutenberg\/ultimate-addons-for-gutenberg.php","name":"Spectra"}]},"id-86091":{"title":"Home","featured-image-url":"https:\/\/websitedemos.net\/wp-content\/uploads\/2024\/02\/courier-07.jpg","thumbnail-image-url":"https:\/\/websitedemos.net\/wp-content\/uploads\/2024\/02\/courier-07-600x2060.jpg","astra-page-api-url":"https:\/\/websitedemos.net\/courier-07\/wp-json\/wp\/v2\/pages\/432","dynamic-page":"no","astra-page-url":"\/\/websitedemos.net\/courier-07\/","astra-sites-tag":{"423":"home"},"site-pages-type":"agency-mini","site-pages-page-builder":"gutenberg","site-pages-category":[],"site-pages-parent-category":{"60":"business"},"required-plugins":[{"slug":"ultimate-addons-for-gutenberg","init":"ultimate-addons-for-gutenberg\/ultimate-addons-for-gutenberg.php","name":"Spectra"}]},"id-86092":{"title":"Prices","featured-image-url":"https:\/\/websitedemos.net\/wp-content\/uploads\/2024\/02\/courier-07-prices.jpg","thumbnail-image-url":"https:\/\/websitedemos.net\/wp-content\/uploads\/2024\/02\/courier-07-prices-600x1210.jpg","astra-page-api-url":"https:\/\/websitedemos.net\/courier-07\/wp-json\/wp\/v2\/pages\/435","dynamic-page":"no","astra-page-url":"\/\/websitedemos.net\/courier-07\/prices\/","astra-sites-tag":{"815":"price"},"site-pages-type":"agency-mini","site-pages-page-builder":"gutenberg","site-pages-category":[],"site-pages-parent-category":{"60":"business"},"required-plugins":[{"slug":"ultimate-addons-for-gutenberg","init":"ultimate-addons-for-gutenberg\/ultimate-addons-for-gutenberg.php","name":"Spectra"}]},"id-86093":{"title":"Services","featured-image-url":"https:\/\/websitedemos.net\/wp-content\/uploads\/2024\/02\/courier-07-services.jpg","thumbnail-image-url":"https:\/\/websitedemos.net\/wp-content\/uploads\/2024\/02\/courier-07-services-600x1670.jpg","astra-page-api-url":"https:\/\/websitedemos.net\/courier-07\/wp-json\/wp\/v2\/pages\/433","dynamic-page":"no","astra-page-url":"\/\/websitedemos.net\/courier-07\/services\/","astra-sites-tag":{"425":"services"},"site-pages-type":"agency-mini","site-pages-page-builder":"gutenberg","site-pages-category":[],"site-pages-parent-category":{"60":"business"},"required-plugins":[{"slug":"ultimate-addons-for-gutenberg","init":"ultimate-addons-for-gutenberg\/ultimate-addons-for-gutenberg.php","name":"Spectra"}]}},"related-bb-template":"","related-elementor-template":"","related-gutenberg-template":"","related_ecommerce_template":"","ecommerce_parent_template":""},"id-56593":{"title":"Meditation Courses","id":56593,"publish-date":1632945042,"featured-image-url":"https:\/\/websitedemos.net\/wp-content\/uploads\/2021\/09\/learn-meditation-08.jpg","thumbnail-image-url":"https:\/\/websitedemos.net\/wp-content\/uploads\/2021\/09\/learn-meditation-08-600x2660.jpg","fullpage-thumbnail-image-url":"https:\/\/websitedemos.net\/wp-content\/uploads\/2021\/09\/learn-meditation-08-400x1773.jpg","astra-site-url":"\/\/websitedemos.net\/learn-meditation-08","astra-site-parent-id":2242,"astra-sites-tag":{"462":"courses","467":"learndash","1850":"meditation","975":"online-learning","720":"tutorials"},"astra-sites-type":"free","astra-site-category":{"27":"business","39":"free"},"astra-sites-template-category":[],"astra-site-page-builder":"gutenberg","categories":{"2494":"elearning","2480":"fitness-wellness"},"required-plugins":[{"slug":"ultimate-addons-for-gutenberg","init":"ultimate-addons-for-gutenberg\/ultimate-addons-for-gutenberg.php","name":"Spectra"},{"slug":"sfwd-lms","init":"sfwd-lms\/sfwd_lms.php","name":"LearnDash LMS"},{"slug":"learndash-course-grid","init":"learndash-course-grid\/learndash_course_grid.php","name":"LearnDash LMS - Course Grid"}],"post-status":"publish","post-content":"","post-excerpt":"","pages":{"id-56595":{"title":"Classes","featured-image-url":"https:\/\/websitedemos.net\/wp-content\/uploads\/2021\/09\/learn-meditation-08-classes.jpg","thumbnail-image-url":"https:\/\/websitedemos.net\/wp-content\/uploads\/2021\/09\/learn-meditation-08-classes-600x976.jpg","astra-page-api-url":"https:\/\/websitedemos.net\/learn-meditation-08\/wp-json\/wp\/v2\/pages\/607","dynamic-page":"yes","astra-page-url":"\/\/websitedemos.net\/learn-meditation-08\/classes\/","astra-sites-tag":{"557":"classes"},"site-pages-type":"free","site-pages-page-builder":"gutenberg","site-pages-category":[],"site-pages-parent-category":{"60":"business","61":"free"},"required-plugins":[{"slug":"sfwd-lms","init":"sfwd-lms\/sfwd_lms.php","name":"LearnDash LMS"},{"slug":"learndash-course-grid","init":"learndash-course-grid\/learndash_course_grid.php","name":"LearnDash LMS - Course Grid"},{"slug":"ultimate-addons-for-gutenberg","init":"ultimate-addons-for-gutenberg\/ultimate-addons-for-gutenberg.php","name":"Spectra"}]},"id-56596":{"title":"Contact","featured-image-url":"https:\/\/websitedemos.net\/wp-content\/uploads\/2021\/09\/learn-meditation-08-contact.jpg","thumbnail-image-url":"https:\/\/websitedemos.net\/wp-content\/uploads\/2021\/09\/learn-meditation-08-contact-600x855.jpg","astra-page-api-url":"https:\/\/websitedemos.net\/learn-meditation-08\/wp-json\/wp\/v2\/pages\/617","dynamic-page":"no","astra-page-url":"\/\/websitedemos.net\/learn-meditation-08\/contact\/","astra-sites-tag":{"415":"contact"},"site-pages-type":"free","site-pages-page-builder":"gutenberg","site-pages-category":[],"site-pages-parent-category":{"60":"business","61":"free"},"required-plugins":[{"slug":"wpforms-lite","init":"wpforms-lite\/wpforms.php","name":"WPForms Lite"}]},"id-56594":{"title":"About","featured-image-url":"https:\/\/websitedemos.net\/wp-content\/uploads\/2021\/09\/learn-meditation-08-about.jpg","thumbnail-image-url":"https:\/\/websitedemos.net\/wp-content\/uploads\/2021\/09\/learn-meditation-08-about-600x1259.jpg","astra-page-api-url":"https:\/\/websitedemos.net\/learn-meditation-08\/wp-json\/wp\/v2\/pages\/612","dynamic-page":"no","astra-page-url":"\/\/websitedemos.net\/learn-meditation-08\/about\/","astra-sites-tag":{"352":"about"},"site-pages-type":"free","site-pages-page-builder":"gutenberg","site-pages-category":[],"site-pages-parent-category":{"60":"business","61":"free"},"required-plugins":[{"slug":"ultimate-addons-for-gutenberg","init":"ultimate-addons-for-gutenberg\/ultimate-addons-for-gutenberg.php","name":"Spectra"}]},"id-56597":{"title":"Home","featured-image-url":"https:\/\/websitedemos.net\/wp-content\/uploads\/2021\/09\/learn-meditation-08.jpg","thumbnail-image-url":"https:\/\/websitedemos.net\/wp-content\/uploads\/2021\/09\/learn-meditation-08-600x2660.jpg","astra-page-api-url":"https:\/\/websitedemos.net\/learn-meditation-08\/wp-json\/wp\/v2\/pages\/572","dynamic-page":"no","astra-page-url":"\/\/websitedemos.net\/learn-meditation-08\/","astra-sites-tag":{"814":"homepage"},"site-pages-type":"free","site-pages-page-builder":"gutenberg","site-pages-category":[],"site-pages-parent-category":{"60":"business","61":"free"},"required-plugins":[{"slug":"ultimate-addons-for-gutenberg","init":"ultimate-addons-for-gutenberg\/ultimate-addons-for-gutenberg.php","name":"Spectra"}]}},"related-bb-template":"","related-elementor-template":"","related-gutenberg-template":"","related_ecommerce_template":"","ecommerce_parent_template":""},"id-86341":{"title":"Christmas Party","id":86341,"publish-date":1708706637,"featured-image-url":"https:\/\/websitedemos.net\/wp-content\/uploads\/2024\/02\/christmas-party-07.jpg","thumbnail-image-url":"https:\/\/websitedemos.net\/wp-content\/uploads\/2024\/02\/christmas-party-07-600x2430.jpg","fullpage-thumbnail-image-url":"https:\/\/websitedemos.net\/wp-content\/uploads\/2024\/02\/christmas-party-07-400x1620.jpg","astra-site-url":"\/\/websitedemos.net\/christmas-party-07","astra-site-parent-id":3491,"astra-sites-tag":{"3021":"christmas","3029":"christmascheer","3024":"christmasfun","3025":"christmasmood","3022":"christmasparty","3032":"christmaspartyhopping","3026":"christmasspirit","3023":"christmastime","3030":"christmasvibes","3028":"chrstmasparty","3027":"dance","406":"dj","882":"drinks","3031":"holidayparty","407":"music"},"astra-sites-type":"agency-mini","astra-site-category":{"27":"business"},"astra-sites-template-category":{"2869":"dj","2784":"event","2781":"music","2868":"musician-singer"},"astra-site-page-builder":"gutenberg","categories":{"3430":"dark","2489":"event-invitation"},"required-plugins":[{"slug":"ultimate-addons-for-gutenberg","init":"ultimate-addons-for-gutenberg\/ultimate-addons-for-gutenberg.php","name":"Spectra"}],"post-status":"publish","post-content":"","post-excerpt":"","pages":{"id-86342":{"title":"Contact","featured-image-url":"https:\/\/websitedemos.net\/wp-content\/uploads\/2024\/02\/christmas-party-07-contact.jpg","thumbnail-image-url":"https:\/\/websitedemos.net\/wp-content\/uploads\/2024\/02\/christmas-party-07-contact-600x700.jpg","astra-page-api-url":"https:\/\/websitedemos.net\/christmas-party-07\/wp-json\/wp\/v2\/pages\/2109","dynamic-page":"no","astra-page-url":"\/\/websitedemos.net\/christmas-party-07\/contact\/","astra-sites-tag":{"415":"contact"},"site-pages-type":"agency-mini","site-pages-page-builder":"gutenberg","site-pages-category":[],"site-pages-parent-category":{"60":"business"},"required-plugins":[{"slug":"ultimate-addons-for-gutenberg","init":"ultimate-addons-for-gutenberg\/ultimate-addons-for-gutenberg.php","name":"Spectra"}]},"id-86343":{"title":"Home","featured-image-url":"https:\/\/websitedemos.net\/wp-content\/uploads\/2024\/02\/christmas-party-07.jpg","thumbnail-image-url":"https:\/\/websitedemos.net\/wp-content\/uploads\/2024\/02\/christmas-party-07-600x2430.jpg","astra-page-api-url":"https:\/\/websitedemos.net\/christmas-party-07\/wp-json\/wp\/v2\/pages\/2106","dynamic-page":"no","astra-page-url":"\/\/websitedemos.net\/christmas-party-07\/","astra-sites-tag":{"423":"home"},"site-pages-type":"agency-mini","site-pages-page-builder":"gutenberg","site-pages-category":[],"site-pages-parent-category":{"60":"business"},"required-plugins":[{"slug":"ultimate-addons-for-gutenberg","init":"ultimate-addons-for-gutenberg\/ultimate-addons-for-gutenberg.php","name":"Spectra"}]},"id-86344":{"title":"Program","featured-image-url":"https:\/\/websitedemos.net\/wp-content\/uploads\/2024\/02\/christmas-party-07-program.jpg","thumbnail-image-url":"https:\/\/websitedemos.net\/wp-content\/uploads\/2024\/02\/christmas-party-07-program-600x1710.jpg","astra-page-api-url":"https:\/\/websitedemos.net\/christmas-party-07\/wp-json\/wp\/v2\/pages\/2108","dynamic-page":"no","astra-page-url":"\/\/websitedemos.net\/christmas-party-07\/program\/","astra-sites-tag":{"2684":"program"},"site-pages-type":"agency-mini","site-pages-page-builder":"gutenberg","site-pages-category":[],"site-pages-parent-category":{"60":"business"},"required-plugins":[{"slug":"ultimate-addons-for-gutenberg","init":"ultimate-addons-for-gutenberg\/ultimate-addons-for-gutenberg.php","name":"Spectra"}]},"id-86345":{"title":"Tickets","featured-image-url":"https:\/\/websitedemos.net\/wp-content\/uploads\/2024\/02\/christmas-party-07-ticket.jpg","thumbnail-image-url":"https:\/\/websitedemos.net\/wp-content\/uploads\/2024\/02\/christmas-party-07-ticket-600x1000.jpg","astra-page-api-url":"https:\/\/websitedemos.net\/christmas-party-07\/wp-json\/wp\/v2\/pages\/2107","dynamic-page":"no","astra-page-url":"\/\/websitedemos.net\/christmas-party-07\/tickets\/","astra-sites-tag":{"2954":"tickets"},"site-pages-type":"agency-mini","site-pages-page-builder":"gutenberg","site-pages-category":[],"site-pages-parent-category":{"60":"business"},"required-plugins":[{"slug":"ultimate-addons-for-gutenberg","init":"ultimate-addons-for-gutenberg\/ultimate-addons-for-gutenberg.php","name":"Spectra"}]}},"related-bb-template":"","related-elementor-template":"","related-gutenberg-template":"","related_ecommerce_template":"","ecommerce_parent_template":""},"id-47984":{"title":"LearnDash Academy","id":47984,"publish-date":1603828903,"featured-image-url":"https:\/\/websitedemos.net\/wp-content\/uploads\/2020\/10\/learndash-academy-08.jpg","thumbnail-image-url":"https:\/\/websitedemos.net\/wp-content\/uploads\/2020\/10\/learndash-academy-08-600x1847.jpg","fullpage-thumbnail-image-url":"https:\/\/websitedemos.net\/wp-content\/uploads\/2020\/10\/learndash-academy-08-400x1231.jpg","astra-site-url":"\/\/websitedemos.net\/learndash-academy-08","astra-site-parent-id":1691,"astra-sites-tag":{"462":"courses","468":"elearning","467":"learndash","460":"learning","466":"online-courses"},"astra-sites-type":"free","astra-site-category":{"27":"business","39":"free"},"astra-sites-template-category":[],"astra-site-page-builder":"gutenberg","categories":{"2494":"elearning"},"required-plugins":[{"slug":"ultimate-addons-for-gutenberg","init":"ultimate-addons-for-gutenberg\/ultimate-addons-for-gutenberg.php","name":"Spectra"},{"slug":"sfwd-lms","init":"sfwd-lms\/sfwd_lms.php","name":"LearnDash LMS"},{"slug":"learndash-course-grid","init":"learndash-course-grid\/learndash_course_grid.php","name":"LearnDash LMS - Course Grid"},{"slug":"presto-player","init":"presto-player\/presto-player.php","name":"Presto Player"}],"post-status":"publish","post-content":"","post-excerpt":"","pages":{"id-47988":{"title":"Home","featured-image-url":"https:\/\/websitedemos.net\/wp-content\/uploads\/2020\/10\/learndash-academy-08.jpg","thumbnail-image-url":"https:\/\/websitedemos.net\/wp-content\/uploads\/2020\/10\/learndash-academy-08-600x1847.jpg","astra-page-api-url":"https:\/\/websitedemos.net\/learndash-academy-08\/wp-json\/wp\/v2\/pages\/25407","dynamic-page":"yes","astra-page-url":"\/\/websitedemos.net\/learndash-academy-08\/","astra-sites-tag":{"423":"home","814":"homepage"},"site-pages-type":"free","site-pages-page-builder":"gutenberg","site-pages-category":[],"site-pages-parent-category":{"60":"business","61":"free"},"required-plugins":[{"slug":"sfwd-lms","init":"sfwd-lms\/sfwd_lms.php","name":"LearnDash LMS"},{"slug":"learndash-course-grid","init":"learndash-course-grid\/learndash_course_grid.php","name":"LearnDash LMS - Course Grid"},{"slug":"presto-player","init":"presto-player\/presto-player.php","name":"Presto Player"},{"slug":"ultimate-addons-for-gutenberg","init":"ultimate-addons-for-gutenberg\/ultimate-addons-for-gutenberg.php","name":"Spectra"}]},"id-47986":{"title":"All Courses","featured-image-url":"https:\/\/websitedemos.net\/wp-content\/uploads\/2020\/10\/learndash-academy-08-all-courses.jpg","thumbnail-image-url":"https:\/\/websitedemos.net\/wp-content\/uploads\/2020\/10\/learndash-academy-08-all-courses-600x966.jpg","astra-page-api-url":"https:\/\/websitedemos.net\/learndash-academy-08\/wp-json\/wp\/v2\/pages\/25403","dynamic-page":"yes","astra-page-url":"\/\/websitedemos.net\/learndash-academy-08\/all-courses\/","astra-sites-tag":{"1692":"all-courses","462":"courses"},"site-pages-type":"free","site-pages-page-builder":"gutenberg","site-pages-category":[],"site-pages-parent-category":{"60":"business","61":"free"},"required-plugins":[{"slug":"sfwd-lms","init":"sfwd-lms\/sfwd_lms.php","name":"LearnDash LMS"},{"slug":"learndash-course-grid","init":"learndash-course-grid\/learndash_course_grid.php","name":"LearnDash LMS - Course Grid"},{"slug":"ultimate-addons-for-gutenberg","init":"ultimate-addons-for-gutenberg\/ultimate-addons-for-gutenberg.php","name":"Spectra"}]},"id-47985":{"title":"About","featured-image-url":"https:\/\/websitedemos.net\/wp-content\/uploads\/2020\/10\/learndash-academy-08-about-2.jpg","thumbnail-image-url":"https:\/\/websitedemos.net\/wp-content\/uploads\/2020\/10\/learndash-academy-08-about-2-600x1582.jpg","astra-page-api-url":"https:\/\/websitedemos.net\/learndash-academy-08\/wp-json\/wp\/v2\/pages\/25401","dynamic-page":"no","astra-page-url":"\/\/websitedemos.net\/learndash-academy-08\/about\/","astra-sites-tag":{"352":"about","455":"about-us"},"site-pages-type":"free","site-pages-page-builder":"gutenberg","site-pages-category":[],"site-pages-parent-category":{"60":"business","61":"free"},"required-plugins":[{"slug":"ultimate-addons-for-gutenberg","init":"ultimate-addons-for-gutenberg\/ultimate-addons-for-gutenberg.php","name":"Spectra"}]},"id-47987":{"title":"Contact","featured-image-url":"https:\/\/websitedemos.net\/wp-content\/uploads\/2020\/10\/learndash-academy-08-contact-2.jpg","thumbnail-image-url":"https:\/\/websitedemos.net\/wp-content\/uploads\/2020\/10\/learndash-academy-08-contact-2-600x1274.jpg","astra-page-api-url":"https:\/\/websitedemos.net\/learndash-academy-08\/wp-json\/wp\/v2\/pages\/25405","dynamic-page":"no","astra-page-url":"\/\/websitedemos.net\/learndash-academy-08\/contact\/","astra-sites-tag":{"415":"contact","454":"contact-us"},"site-pages-type":"free","site-pages-page-builder":"gutenberg","site-pages-category":[],"site-pages-parent-category":{"60":"business","61":"free"},"required-plugins":[{"slug":"ultimate-addons-for-gutenberg","init":"ultimate-addons-for-gutenberg\/ultimate-addons-for-gutenberg.php","name":"Spectra"}]}},"related-bb-template":"","related-elementor-template":"","related-gutenberg-template":"","related_ecommerce_template":"","ecommerce_parent_template":""},"id-86333":{"title":"Martial Arts School","id":86333,"publish-date":1708616948,"featured-image-url":"https:\/\/websitedemos.net\/wp-content\/uploads\/2024\/02\/martial-arts-07.jpg","thumbnail-image-url":"https:\/\/websitedemos.net\/wp-content\/uploads\/2024\/02\/martial-arts-07-600x2920.jpg","fullpage-thumbnail-image-url":"https:\/\/websitedemos.net\/wp-content\/uploads\/2024\/02\/martial-arts-07-400x1947.jpg","astra-site-url":"\/\/websitedemos.net\/martial-arts-07","astra-site-parent-id":3490,"astra-sites-tag":{"3420":"black","3419":"dark","1804":"karate","1803":"kung-fu","1801":"martial-arts","1805":"mixed-martial-arts","3418":"mobile-friendly","1844":"premium","3417":"responsive","1802":"self-defence"},"astra-sites-type":"agency-mini","astra-site-category":{"27":"business"},"astra-sites-template-category":{"2825":"coaching","2772":"education","2782":"school","2873":"tutor"},"astra-site-page-builder":"gutenberg","categories":[],"required-plugins":[{"slug":"ultimate-addons-for-gutenberg","init":"ultimate-addons-for-gutenberg\/ultimate-addons-for-gutenberg.php","name":"Spectra"}],"post-status":"publish","post-content":"","post-excerpt":"","pages":{"id-86334":{"title":"About Us","featured-image-url":"https:\/\/websitedemos.net\/wp-content\/uploads\/2024\/02\/martial-arts-07-about-us.jpg","thumbnail-image-url":"https:\/\/websitedemos.net\/wp-content\/uploads\/2024\/02\/martial-arts-07-about-us-600x2342.jpg","astra-page-api-url":"https:\/\/websitedemos.net\/martial-arts-07\/wp-json\/wp\/v2\/pages\/248","dynamic-page":"no","astra-page-url":"\/\/websitedemos.net\/martial-arts-07\/about-us\/","astra-sites-tag":{"352":"about"},"site-pages-type":"agency-mini","site-pages-page-builder":"gutenberg","site-pages-category":[],"site-pages-parent-category":{"60":"business"},"required-plugins":[{"slug":"ultimate-addons-for-gutenberg","init":"ultimate-addons-for-gutenberg\/ultimate-addons-for-gutenberg.php","name":"Spectra"}]},"id-86335":{"title":"Contact Us","featured-image-url":"https:\/\/websitedemos.net\/wp-content\/uploads\/2024\/02\/martial-arts-07-contact-us.jpg","thumbnail-image-url":"https:\/\/websitedemos.net\/wp-content\/uploads\/2024\/02\/martial-arts-07-contact-us-600x1218.jpg","astra-page-api-url":"https:\/\/websitedemos.net\/martial-arts-07\/wp-json\/wp\/v2\/pages\/251","dynamic-page":"no","astra-page-url":"\/\/websitedemos.net\/martial-arts-07\/contact-us\/","astra-sites-tag":{"415":"contact"},"site-pages-type":"agency-mini","site-pages-page-builder":"gutenberg","site-pages-category":[],"site-pages-parent-category":{"60":"business"},"required-plugins":[{"slug":"ultimate-addons-for-gutenberg","init":"ultimate-addons-for-gutenberg\/ultimate-addons-for-gutenberg.php","name":"Spectra"}]},"id-86336":{"title":"Home","featured-image-url":"https:\/\/websitedemos.net\/wp-content\/uploads\/2024\/02\/martial-arts-07.jpg","thumbnail-image-url":"https:\/\/websitedemos.net\/wp-content\/uploads\/2024\/02\/martial-arts-07-600x2920.jpg","astra-page-api-url":"https:\/\/websitedemos.net\/martial-arts-07\/wp-json\/wp\/v2\/pages\/247","dynamic-page":"no","astra-page-url":"\/\/websitedemos.net\/martial-arts-07\/","astra-sites-tag":{"423":"home"},"site-pages-type":"agency-mini","site-pages-page-builder":"gutenberg","site-pages-category":[],"site-pages-parent-category":{"60":"business"},"required-plugins":[{"slug":"ultimate-addons-for-gutenberg","init":"ultimate-addons-for-gutenberg\/ultimate-addons-for-gutenberg.php","name":"Spectra"}]},"id-86337":{"title":"Programs","featured-image-url":"https:\/\/websitedemos.net\/wp-content\/uploads\/2024\/02\/martial-arts-07-programs.jpg","thumbnail-image-url":"https:\/\/websitedemos.net\/wp-content\/uploads\/2024\/02\/martial-arts-07-programs-600x1810.jpg","astra-page-api-url":"https:\/\/websitedemos.net\/martial-arts-07\/wp-json\/wp\/v2\/pages\/249","dynamic-page":"no","astra-page-url":"\/\/websitedemos.net\/martial-arts-07\/programs\/","astra-sites-tag":{"989":"programs"},"site-pages-type":"agency-mini","site-pages-page-builder":"gutenberg","site-pages-category":[],"site-pages-parent-category":{"60":"business"},"required-plugins":[{"slug":"ultimate-addons-for-gutenberg","init":"ultimate-addons-for-gutenberg\/ultimate-addons-for-gutenberg.php","name":"Spectra"}]},"id-86338":{"title":"Testimonials","featured-image-url":"https:\/\/websitedemos.net\/wp-content\/uploads\/2024\/02\/martial-arts-07-testimonials.jpg","thumbnail-image-url":"https:\/\/websitedemos.net\/wp-content\/uploads\/2024\/02\/martial-arts-07-testimonials-600x1408.jpg","astra-page-api-url":"https:\/\/websitedemos.net\/martial-arts-07\/wp-json\/wp\/v2\/pages\/250","dynamic-page":"no","astra-page-url":"\/\/websitedemos.net\/martial-arts-07\/testimonials\/","astra-sites-tag":{"433":"testimonials"},"site-pages-type":"agency-mini","site-pages-page-builder":"gutenberg","site-pages-category":[],"site-pages-parent-category":{"60":"business"},"required-plugins":[{"slug":"ultimate-addons-for-gutenberg","init":"ultimate-addons-for-gutenberg\/ultimate-addons-for-gutenberg.php","name":"Spectra"}]}},"related-bb-template":"","related-elementor-template":"","related-gutenberg-template":"","related_ecommerce_template":"","ecommerce_parent_template":""},"id-47932":{"title":"Online Health Coach","id":47932,"publish-date":1603823106,"featured-image-url":"https:\/\/websitedemos.net\/wp-content\/uploads\/2020\/10\/online-health-08.jpg","thumbnail-image-url":"https:\/\/websitedemos.net\/wp-content\/uploads\/2020\/10\/online-health-08-600x1990.jpg","fullpage-thumbnail-image-url":"https:\/\/websitedemos.net\/wp-content\/uploads\/2020\/10\/online-health-08-400x1327.jpg","astra-site-url":"\/\/websitedemos.net\/online-health-coach-08","astra-site-parent-id":1684,"astra-sites-tag":{"462":"courses","469":"ecourse","468":"elearning","518":"health-coach","467":"learndash","460":"learning","466":"online-courses","975":"online-learning"},"astra-sites-type":"free","astra-site-category":{"27":"business","39":"free"},"astra-sites-template-category":[],"astra-site-page-builder":"gutenberg","categories":{"2494":"elearning"},"required-plugins":[{"slug":"ultimate-addons-for-gutenberg","init":"ultimate-addons-for-gutenberg\/ultimate-addons-for-gutenberg.php","name":"Spectra"},{"slug":"sfwd-lms","init":"sfwd-lms\/sfwd_lms.php","name":"LearnDash LMS"},{"slug":"learndash-course-grid","init":"learndash-course-grid\/learndash_course_grid.php","name":"LearnDash LMS - Course Grid"},{"slug":"presto-player","init":"presto-player\/presto-player.php","name":"Presto Player"}],"post-status":"publish","post-content":"","post-excerpt":"","pages":{"id-47941":{"title":"Home","featured-image-url":"https:\/\/websitedemos.net\/wp-content\/uploads\/2020\/10\/online-health-08.jpg","thumbnail-image-url":"https:\/\/websitedemos.net\/wp-content\/uploads\/2020\/10\/online-health-08-600x1990.jpg","astra-page-api-url":"https:\/\/websitedemos.net\/online-health-coach-08\/wp-json\/wp\/v2\/pages\/24365","dynamic-page":"no","astra-page-url":"\/\/websitedemos.net\/online-health-coach-08\/","astra-sites-tag":{"423":"home"},"site-pages-type":"free","site-pages-page-builder":"gutenberg","site-pages-category":[],"site-pages-parent-category":{"60":"business","61":"free"},"required-plugins":[{"slug":"ultimate-addons-for-gutenberg","init":"ultimate-addons-for-gutenberg\/ultimate-addons-for-gutenberg.php","name":"Spectra"}]},"id-47939":{"title":"All Courses","featured-image-url":"https:\/\/websitedemos.net\/wp-content\/uploads\/2020\/10\/online-health-08-courses.jpg","thumbnail-image-url":"https:\/\/websitedemos.net\/wp-content\/uploads\/2020\/10\/online-health-08-courses-600x954.jpg","astra-page-api-url":"https:\/\/websitedemos.net\/online-health-coach-08\/wp-json\/wp\/v2\/pages\/24366","dynamic-page":"yes","astra-page-url":"\/\/websitedemos.net\/online-health-coach-08\/all-courses\/","astra-sites-tag":{"462":"courses"},"site-pages-type":"free","site-pages-page-builder":"gutenberg","site-pages-category":[],"site-pages-parent-category":{"60":"business","61":"free"},"required-plugins":[{"slug":"sfwd-lms","init":"sfwd-lms\/sfwd_lms.php","name":"LearnDash LMS"},{"slug":"learndash-course-grid","init":"learndash-course-grid\/learndash_course_grid.php","name":"LearnDash LMS - Course Grid"},{"slug":"ultimate-addons-for-gutenberg","init":"ultimate-addons-for-gutenberg\/ultimate-addons-for-gutenberg.php","name":"Spectra"}]},"id-47938":{"title":"About","featured-image-url":"https:\/\/websitedemos.net\/wp-content\/uploads\/2020\/10\/online-health-08-about.jpg","thumbnail-image-url":"https:\/\/websitedemos.net\/wp-content\/uploads\/2020\/10\/online-health-08-about-600x1541.jpg","astra-page-api-url":"https:\/\/websitedemos.net\/online-health-coach-08\/wp-json\/wp\/v2\/pages\/24368","dynamic-page":"no","astra-page-url":"\/\/websitedemos.net\/online-health-coach-08\/about\/","astra-sites-tag":{"352":"about"},"site-pages-type":"free","site-pages-page-builder":"gutenberg","site-pages-category":[],"site-pages-parent-category":{"60":"business","61":"free"},"required-plugins":[{"slug":"ultimate-addons-for-gutenberg","init":"ultimate-addons-for-gutenberg\/ultimate-addons-for-gutenberg.php","name":"Spectra"}]},"id-47940":{"title":"Contact","featured-image-url":"https:\/\/websitedemos.net\/wp-content\/uploads\/2020\/10\/online-health-08-contact.jpg","thumbnail-image-url":"https:\/\/websitedemos.net\/wp-content\/uploads\/2020\/10\/online-health-08-contact-600x734.jpg","astra-page-api-url":"https:\/\/websitedemos.net\/online-health-coach-08\/wp-json\/wp\/v2\/pages\/24369","dynamic-page":"no","astra-page-url":"\/\/websitedemos.net\/online-health-coach-08\/contact\/","astra-sites-tag":{"415":"contact"},"site-pages-type":"free","site-pages-page-builder":"gutenberg","site-pages-category":[],"site-pages-parent-category":{"60":"business","61":"free"},"required-plugins":[{"slug":"ultimate-addons-for-gutenberg","init":"ultimate-addons-for-gutenberg\/ultimate-addons-for-gutenberg.php","name":"Spectra"}]}},"related-bb-template":"","related-elementor-template":"","related-gutenberg-template":"","related_ecommerce_template":"","ecommerce_parent_template":""},"id-86325":{"title":"University","id":86325,"publish-date":1708606400,"featured-image-url":"https:\/\/websitedemos.net\/wp-content\/uploads\/2024\/02\/university-07.jpg","thumbnail-image-url":"https:\/\/websitedemos.net\/wp-content\/uploads\/2024\/02\/university-07-600x2465.jpg","fullpage-thumbnail-image-url":"https:\/\/websitedemos.net\/wp-content\/uploads\/2024\/02\/university-07-400x1643.jpg","astra-site-url":"\/\/websitedemos.net\/university-07","astra-site-parent-id":3489,"astra-sites-tag":{"457":"college","459":"education","460":"learning","1844":"premium","456":"school","458":"university"},"astra-sites-type":"agency-mini","astra-site-category":{"27":"business"},"astra-sites-template-category":{"2840":"college-university","2772":"education","2782":"school"},"astra-site-page-builder":"gutenberg","categories":{"2491":"educational-institutes"},"required-plugins":[{"slug":"ultimate-addons-for-gutenberg","init":"ultimate-addons-for-gutenberg\/ultimate-addons-for-gutenberg.php","name":"Spectra"}],"post-status":"publish","post-content":"","post-excerpt":"","pages":{"id-86326":{"title":"About","featured-image-url":"https:\/\/websitedemos.net\/wp-content\/uploads\/2024\/02\/university-07-about.jpg","thumbnail-image-url":"https:\/\/websitedemos.net\/wp-content\/uploads\/2024\/02\/university-07-about-600x2351.jpg","astra-page-api-url":"https:\/\/websitedemos.net\/university-07\/wp-json\/wp\/v2\/pages\/506","dynamic-page":"no","astra-page-url":"\/\/websitedemos.net\/university-07\/about\/","astra-sites-tag":{"352":"about"},"site-pages-type":"agency-mini","site-pages-page-builder":"gutenberg","site-pages-category":[],"site-pages-parent-category":{"60":"business"},"required-plugins":[{"slug":"ultimate-addons-for-gutenberg","init":"ultimate-addons-for-gutenberg\/ultimate-addons-for-gutenberg.php","name":"Spectra"}]},"id-86327":{"title":"Contact","featured-image-url":"https:\/\/websitedemos.net\/wp-content\/uploads\/2024\/02\/university-07-contact.jpg","thumbnail-image-url":"https:\/\/websitedemos.net\/wp-content\/uploads\/2024\/02\/university-07-contact-600x1090.jpg","astra-page-api-url":"https:\/\/websitedemos.net\/university-07\/wp-json\/wp\/v2\/pages\/515","dynamic-page":"no","astra-page-url":"\/\/websitedemos.net\/university-07\/contact\/","astra-sites-tag":{"415":"contact"},"site-pages-type":"agency-mini","site-pages-page-builder":"gutenberg","site-pages-category":[],"site-pages-parent-category":{"60":"business"},"required-plugins":[{"slug":"ultimate-addons-for-gutenberg","init":"ultimate-addons-for-gutenberg\/ultimate-addons-for-gutenberg.php","name":"Spectra"}]},"id-86328":{"title":"Courses","featured-image-url":"https:\/\/websitedemos.net\/wp-content\/uploads\/2024\/02\/university-07-course.jpg","thumbnail-image-url":"https:\/\/websitedemos.net\/wp-content\/uploads\/2024\/02\/university-07-course-600x1703.jpg","astra-page-api-url":"https:\/\/websitedemos.net\/university-07\/wp-json\/wp\/v2\/pages\/509","dynamic-page":"no","astra-page-url":"\/\/websitedemos.net\/university-07\/courses\/","astra-sites-tag":{"462":"courses"},"site-pages-type":"agency-mini","site-pages-page-builder":"gutenberg","site-pages-category":[],"site-pages-parent-category":{"60":"business"},"required-plugins":[{"slug":"ultimate-addons-for-gutenberg","init":"ultimate-addons-for-gutenberg\/ultimate-addons-for-gutenberg.php","name":"Spectra"}]},"id-86329":{"title":"Gallery","featured-image-url":"https:\/\/websitedemos.net\/wp-content\/uploads\/2024\/02\/university-07-gallery.jpg","thumbnail-image-url":"https:\/\/websitedemos.net\/wp-content\/uploads\/2024\/02\/university-07-gallery-600x1407.jpg","astra-page-api-url":"https:\/\/websitedemos.net\/university-07\/wp-json\/wp\/v2\/pages\/513","dynamic-page":"no","astra-page-url":"\/\/websitedemos.net\/university-07\/gallery\/","astra-sites-tag":{"461":"gallery"},"site-pages-type":"agency-mini","site-pages-page-builder":"gutenberg","site-pages-category":[],"site-pages-parent-category":{"60":"business"},"required-plugins":[{"slug":"ultimate-addons-for-gutenberg","init":"ultimate-addons-for-gutenberg\/ultimate-addons-for-gutenberg.php","name":"Spectra"}]},"id-86330":{"title":"Home","featured-image-url":"https:\/\/websitedemos.net\/wp-content\/uploads\/2024\/02\/university-07.jpg","thumbnail-image-url":"https:\/\/websitedemos.net\/wp-content\/uploads\/2024\/02\/university-07-600x2465.jpg","astra-page-api-url":"https:\/\/websitedemos.net\/university-07\/wp-json\/wp\/v2\/pages\/503","dynamic-page":"no","astra-page-url":"\/\/websitedemos.net\/university-07\/","astra-sites-tag":{"423":"home"},"site-pages-type":"agency-mini","site-pages-page-builder":"gutenberg","site-pages-category":[],"site-pages-parent-category":{"60":"business"},"required-plugins":[{"slug":"ultimate-addons-for-gutenberg","init":"ultimate-addons-for-gutenberg\/ultimate-addons-for-gutenberg.php","name":"Spectra"}]},"id-86331":{"title":"Teachers","featured-image-url":"https:\/\/websitedemos.net\/wp-content\/uploads\/2024\/02\/university-07-teachers.jpg","thumbnail-image-url":"https:\/\/websitedemos.net\/wp-content\/uploads\/2024\/02\/university-07-teachers-600x1262.jpg","astra-page-api-url":"https:\/\/websitedemos.net\/university-07\/wp-json\/wp\/v2\/pages\/511","dynamic-page":"no","astra-page-url":"\/\/websitedemos.net\/university-07\/teachers\/","astra-sites-tag":{"2750":"teachers"},"site-pages-type":"agency-mini","site-pages-page-builder":"gutenberg","site-pages-category":[],"site-pages-parent-category":{"60":"business"},"required-plugins":[{"slug":"ultimate-addons-for-gutenberg","init":"ultimate-addons-for-gutenberg\/ultimate-addons-for-gutenberg.php","name":"Spectra"}]}},"related-bb-template":"","related-elementor-template":"","related-gutenberg-template":"","related_ecommerce_template":"","ecommerce_parent_template":""},"id-48431":{"title":"Simply Natural","id":48431,"publish-date":1603963839,"featured-image-url":"https:\/\/websitedemos.net\/wp-content\/uploads\/2020\/10\/plant-store-08.jpg","thumbnail-image-url":"https:\/\/websitedemos.net\/wp-content\/uploads\/2020\/10\/plant-store-08-600x2263.jpg","fullpage-thumbnail-image-url":"https:\/\/websitedemos.net\/wp-content\/uploads\/2020\/10\/plant-store-08-400x1508.jpg","astra-site-url":"\/\/websitedemos.net\/plant-store-08","astra-site-parent-id":1732,"astra-sites-tag":{"2418":"commerce","1017":"e-commerce","496":"ecommerce","2419":"eshopping","535":"nature","2422":"online-market","2420":"online-shopping","383":"online-store","497":"plant-store","495":"plants","2421":"purchases","2417":"reseller","733":"shop","2416":"shopping","749":"store","1024":"woocommerce"},"astra-sites-type":"free","astra-site-category":{"38":"ecommerce","39":"free"},"astra-sites-template-category":[],"astra-site-page-builder":"gutenberg","categories":{"2500":"multipurpose"},"required-plugins":[{"slug":"astra-widgets","init":"astra-widgets\/astra-widgets.php","name":"Astra Widgets"},{"slug":"checkout-plugins-stripe-woo","init":"checkout-plugins-stripe-woo\/checkout-plugins-stripe-woo.php","name":"Checkout Plugins - Stripe for WooCommerce"},{"slug":"woocommerce","init":"woocommerce\/woocommerce.php","name":"WooCommerce"},{"slug":"woo-cart-abandonment-recovery","init":"woo-cart-abandonment-recovery\/woo-cart-abandonment-recovery.php","name":"WooCommerce Cart Abandonment Recovery"},{"slug":"ultimate-addons-for-gutenberg","init":"ultimate-addons-for-gutenberg\/ultimate-addons-for-gutenberg.php","name":"Spectra"},{"slug":"variation-swatches-woo","init":"variation-swatches-woo\/variation-swatches-woo.php","name":"Variation Swatches for WooCommerce"}],"post-status":"publish","post-content":"","post-excerpt":"","pages":{"id-68346":{"title":"Store","featured-image-url":"https:\/\/websitedemos.net\/wp-content\/uploads\/2020\/10\/plant-store-08-store.jpg","thumbnail-image-url":"https:\/\/websitedemos.net\/wp-content\/uploads\/2020\/10\/plant-store-08-store-600x1973.jpg","astra-page-api-url":"https:\/\/websitedemos.net\/plant-store-08\/wp-json\/wp\/v2\/pages\/118","dynamic-page":"no","astra-page-url":"\/\/websitedemos.net\/plant-store-08\/store\/","astra-sites-tag":[],"site-pages-type":"free","site-pages-page-builder":"gutenberg","site-pages-category":[],"site-pages-parent-category":{"64":"ecommerce","61":"free"},"required-plugins":[{"slug":"astra-widgets","init":"astra-widgets\/astra-widgets.php","name":"Astra Widgets"},{"slug":"ultimate-addons-for-gutenberg","init":"ultimate-addons-for-gutenberg\/ultimate-addons-for-gutenberg.php","name":"Spectra"}]},"id-48432":{"title":"About Us","featured-image-url":"https:\/\/websitedemos.net\/wp-content\/uploads\/2020\/10\/plant-store-08-about-us.jpg","thumbnail-image-url":"https:\/\/websitedemos.net\/wp-content\/uploads\/2020\/10\/plant-store-08-about-us-600x1926.jpg","astra-page-api-url":"https:\/\/websitedemos.net\/plant-store-08\/wp-json\/wp\/v2\/pages\/119","dynamic-page":"no","astra-page-url":"\/\/websitedemos.net\/plant-store-08\/about-us\/","astra-sites-tag":{"352":"about"},"site-pages-type":"free","site-pages-page-builder":"gutenberg","site-pages-category":[],"site-pages-parent-category":{"64":"ecommerce","61":"free"},"required-plugins":[{"slug":"astra-widgets","init":"astra-widgets\/astra-widgets.php","name":"Astra Widgets"},{"slug":"ultimate-addons-for-gutenberg","init":"ultimate-addons-for-gutenberg\/ultimate-addons-for-gutenberg.php","name":"Spectra"}]},"id-48433":{"title":"Contact Us","featured-image-url":"https:\/\/websitedemos.net\/wp-content\/uploads\/2020\/10\/plant-store-08-contact-us.jpg","thumbnail-image-url":"https:\/\/websitedemos.net\/wp-content\/uploads\/2020\/10\/plant-store-08-contact-us-600x886.jpg","astra-page-api-url":"https:\/\/websitedemos.net\/plant-store-08\/wp-json\/wp\/v2\/pages\/120","dynamic-page":"no","astra-page-url":"\/\/websitedemos.net\/plant-store-08\/contact-us\/","astra-sites-tag":{"415":"contact"},"site-pages-type":"free","site-pages-page-builder":"gutenberg","site-pages-category":[],"site-pages-parent-category":{"64":"ecommerce","61":"free"},"required-plugins":[{"slug":"astra-widgets","init":"astra-widgets\/astra-widgets.php","name":"Astra Widgets"},{"slug":"ultimate-addons-for-gutenberg","init":"ultimate-addons-for-gutenberg\/ultimate-addons-for-gutenberg.php","name":"Spectra"}]},"id-48434":{"title":"Home","featured-image-url":"https:\/\/websitedemos.net\/wp-content\/uploads\/2020\/10\/plant-store-08.jpg","thumbnail-image-url":"https:\/\/websitedemos.net\/wp-content\/uploads\/2020\/10\/plant-store-08-600x2263.jpg","astra-page-api-url":"https:\/\/websitedemos.net\/plant-store-08\/wp-json\/wp\/v2\/pages\/15","dynamic-page":"yes","astra-page-url":"\/\/websitedemos.net\/plant-store-08\/","astra-sites-tag":{"814":"homepage"},"site-pages-type":"free","site-pages-page-builder":"gutenberg","site-pages-category":[],"site-pages-parent-category":{"64":"ecommerce","61":"free"},"required-plugins":[{"slug":"astra-widgets","init":"astra-widgets\/astra-widgets.php","name":"Astra Widgets"},{"slug":"checkout-plugins-stripe-woo","init":"checkout-plugins-stripe-woo\/checkout-plugins-stripe-woo.php","name":"Checkout Plugins - Stripe for WooCommerce"},{"slug":"ultimate-addons-for-gutenberg","init":"ultimate-addons-for-gutenberg\/ultimate-addons-for-gutenberg.php","name":"Spectra"},{"slug":"variation-swatches-woo","init":"variation-swatches-woo\/variation-swatches-woo.php","name":"Variation Swatches for WooCommerce"},{"slug":"woocommerce","init":"woocommerce\/woocommerce.php","name":"WooCommerce"},{"slug":"woo-cart-abandonment-recovery","init":"woo-cart-abandonment-recovery\/woo-cart-abandonment-recovery.php","name":"WooCommerce Cart Abandonment Recovery"}]}},"related-bb-template":"","related-elementor-template":"","related-gutenberg-template":"","related_ecommerce_template":75439,"ecommerce_parent_template":""},"id-86304":{"title":"Transport Services","id":86304,"publish-date":1707499299,"featured-image-url":"https:\/\/websitedemos.net\/wp-content\/uploads\/2024\/02\/transport-services-07.jpg","thumbnail-image-url":"https:\/\/websitedemos.net\/wp-content\/uploads\/2024\/02\/transport-services-07-600x2842.jpg","fullpage-thumbnail-image-url":"https:\/\/websitedemos.net\/wp-content\/uploads\/2024\/02\/transport-services-07-400x1895.jpg","astra-site-url":"\/\/websitedemos.net\/transport-services-07","astra-site-parent-id":3486,"astra-sites-tag":{"394":"air-cargo","845":"blue","391":"cargo-services","392":"freight-services","388":"good-carrier","389":"logistics","399":"one-page","846":"red","393":"road-transport","390":"shipping","366":"transport","387":"trucking"},"astra-sites-type":"agency-mini","astra-site-category":{"27":"business"},"astra-sites-template-category":{"2777":"business","2771":"one-page","2831":"service","2806":"transportation"},"astra-site-page-builder":"gutenberg","categories":{"3430":"dark","2927":"one-page","2473":"transport"},"required-plugins":[{"slug":"ultimate-addons-for-gutenberg","init":"ultimate-addons-for-gutenberg\/ultimate-addons-for-gutenberg.php","name":"Spectra"}],"post-status":"publish","post-content":"","post-excerpt":"","pages":{"id-86305":{"title":"One Page Website","featured-image-url":"https:\/\/websitedemos.net\/wp-content\/uploads\/2024\/02\/transport-services-07.jpg","thumbnail-image-url":"https:\/\/websitedemos.net\/wp-content\/uploads\/2024\/02\/transport-services-07-600x2842.jpg","astra-page-api-url":"https:\/\/websitedemos.net\/transport-services-07\/wp-json\/wp\/v2\/pages\/297","dynamic-page":"no","astra-page-url":"\/\/websitedemos.net\/transport-services-07\/","astra-sites-tag":{"850":"landing-page"},"site-pages-type":"agency-mini","site-pages-page-builder":"gutenberg","site-pages-category":[],"site-pages-parent-category":{"60":"business"},"required-plugins":[{"slug":"ultimate-addons-for-gutenberg","init":"ultimate-addons-for-gutenberg\/ultimate-addons-for-gutenberg.php","name":"Spectra"}]}},"related-bb-template":"","related-elementor-template":"","related-gutenberg-template":"","related_ecommerce_template":"","ecommerce_parent_template":""},"id-59540":{"title":"Library Cafe","id":59540,"publish-date":1646329876,"featured-image-url":"https:\/\/websitedemos.net\/wp-content\/uploads\/2022\/03\/cafe-library-08.jpg","thumbnail-image-url":"https:\/\/websitedemos.net\/wp-content\/uploads\/2022\/03\/cafe-library-08-600x2416.jpg","fullpage-thumbnail-image-url":"https:\/\/websitedemos.net\/wp-content\/uploads\/2022\/03\/cafe-library-08-400x1610.jpg","astra-site-url":"\/\/websitedemos.net\/cafe-library-08","astra-site-parent-id":2636,"astra-sites-tag":{"2607":"book-house","1740":"books","2606":"books-room","1527":"cafeteria","2603":"coffee-bar","2604":"library","2605":"library-cafe"},"astra-sites-type":"free","astra-site-category":{"27":"business","39":"free"},"astra-sites-template-category":[],"astra-site-page-builder":"gutenberg","categories":{"2496":"restaurant-food"},"required-plugins":[{"slug":"ultimate-addons-for-gutenberg","init":"ultimate-addons-for-gutenberg\/ultimate-addons-for-gutenberg.php","name":"Spectra"}],"post-status":"publish","post-content":"","post-excerpt":"","pages":{"id-59541":{"title":"About","featured-image-url":"https:\/\/websitedemos.net\/wp-content\/uploads\/2022\/03\/cafe-library-08-about.jpg","thumbnail-image-url":"https:\/\/websitedemos.net\/wp-content\/uploads\/2022\/03\/cafe-library-08-about-600x1438.jpg","astra-page-api-url":"https:\/\/websitedemos.net\/cafe-library-08\/wp-json\/wp\/v2\/pages\/710","dynamic-page":"no","astra-page-url":"\/\/websitedemos.net\/cafe-library-08\/about\/","astra-sites-tag":{"352":"about"},"site-pages-type":"free","site-pages-page-builder":"gutenberg","site-pages-category":[],"site-pages-parent-category":{"60":"business","61":"free"},"required-plugins":[{"slug":"ultimate-addons-for-gutenberg","init":"ultimate-addons-for-gutenberg\/ultimate-addons-for-gutenberg.php","name":"Spectra"}]},"id-59542":{"title":"Contact","featured-image-url":"https:\/\/websitedemos.net\/wp-content\/uploads\/2022\/03\/cafe-library-08-contact.jpg","thumbnail-image-url":"https:\/\/websitedemos.net\/wp-content\/uploads\/2022\/03\/cafe-library-08-contact-600x939.jpg","astra-page-api-url":"https:\/\/websitedemos.net\/cafe-library-08\/wp-json\/wp\/v2\/pages\/712","dynamic-page":"no","astra-page-url":"\/\/websitedemos.net\/cafe-library-08\/contact\/","astra-sites-tag":{"415":"contact"},"site-pages-type":"free","site-pages-page-builder":"gutenberg","site-pages-category":[],"site-pages-parent-category":{"60":"business","61":"free"},"required-plugins":[{"slug":"ultimate-addons-for-gutenberg","init":"ultimate-addons-for-gutenberg\/ultimate-addons-for-gutenberg.php","name":"Spectra"}]},"id-59543":{"title":"Home","featured-image-url":"https:\/\/websitedemos.net\/wp-content\/uploads\/2022\/03\/cafe-library-08.jpg","thumbnail-image-url":"https:\/\/websitedemos.net\/wp-content\/uploads\/2022\/03\/cafe-library-08-600x2416.jpg","astra-page-api-url":"https:\/\/websitedemos.net\/cafe-library-08\/wp-json\/wp\/v2\/pages\/704","dynamic-page":"no","astra-page-url":"\/\/websitedemos.net\/cafe-library-08\/","astra-sites-tag":{"423":"home"},"site-pages-type":"free","site-pages-page-builder":"gutenberg","site-pages-category":[],"site-pages-parent-category":{"60":"business","61":"free"},"required-plugins":[{"slug":"ultimate-addons-for-gutenberg","init":"ultimate-addons-for-gutenberg\/ultimate-addons-for-gutenberg.php","name":"Spectra"}]},"id-59544":{"title":"Menu","featured-image-url":"https:\/\/websitedemos.net\/wp-content\/uploads\/2022\/03\/cafe-library-08-menu.jpg","thumbnail-image-url":"https:\/\/websitedemos.net\/wp-content\/uploads\/2022\/03\/cafe-library-08-menu-600x1081.jpg","astra-page-api-url":"https:\/\/websitedemos.net\/cafe-library-08\/wp-json\/wp\/v2\/pages\/706","dynamic-page":"no","astra-page-url":"\/\/websitedemos.net\/cafe-library-08\/menu\/","astra-sites-tag":{"565":"menu"},"site-pages-type":"free","site-pages-page-builder":"gutenberg","site-pages-category":[],"site-pages-parent-category":{"60":"business","61":"free"},"required-plugins":[{"slug":"ultimate-addons-for-gutenberg","init":"ultimate-addons-for-gutenberg\/ultimate-addons-for-gutenberg.php","name":"Spectra"}]},"id-59545":{"title":"Reviews","featured-image-url":"https:\/\/websitedemos.net\/wp-content\/uploads\/2022\/03\/cafe-library-08-reviews.jpg","thumbnail-image-url":"https:\/\/websitedemos.net\/wp-content\/uploads\/2022\/03\/cafe-library-08-reviews-600x1040.jpg","astra-page-api-url":"https:\/\/websitedemos.net\/cafe-library-08\/wp-json\/wp\/v2\/pages\/708","dynamic-page":"no","astra-page-url":"\/\/websitedemos.net\/cafe-library-08\/reviews\/","astra-sites-tag":{"432":"review"},"site-pages-type":"free","site-pages-page-builder":"gutenberg","site-pages-category":[],"site-pages-parent-category":{"60":"business","61":"free"},"required-plugins":[{"slug":"ultimate-addons-for-gutenberg","init":"ultimate-addons-for-gutenberg\/ultimate-addons-for-gutenberg.php","name":"Spectra"}]}},"related-bb-template":"","related-elementor-template":"","related-gutenberg-template":"","related_ecommerce_template":"","ecommerce_parent_template":""},"id-86059":{"title":"Tanz Tech","id":86059,"publish-date":1707493975,"featured-image-url":"https:\/\/websitedemos.net\/wp-content\/uploads\/2024\/02\/saas-07.jpg","thumbnail-image-url":"https:\/\/websitedemos.net\/wp-content\/uploads\/2024\/02\/saas-07-600x3455.jpg","fullpage-thumbnail-image-url":"https:\/\/websitedemos.net\/wp-content\/uploads\/2024\/02\/saas-07-400x2303.jpg","astra-site-url":"\/\/websitedemos.net\/saas-07","astra-site-parent-id":3469,"astra-sites-tag":{"2712":"analytics","3131":"automation","692":"business","3132":"business-operations","2708":"saas","3130":"tech","3129":"technology"},"astra-sites-type":"agency-mini","astra-site-category":{"27":"business"},"astra-sites-template-category":{"2777":"business","2831":"service","2817":"technology"},"astra-site-page-builder":"gutenberg","categories":{"2487":"agency","2499":"technology"},"required-plugins":[{"slug":"ultimate-addons-for-gutenberg","init":"ultimate-addons-for-gutenberg\/ultimate-addons-for-gutenberg.php","name":"Spectra"}],"post-status":"publish","post-content":"","post-excerpt":"","pages":{"id-86060":{"title":"About","featured-image-url":"https:\/\/websitedemos.net\/wp-content\/uploads\/2024\/02\/saas-07-about.jpg","thumbnail-image-url":"https:\/\/websitedemos.net\/wp-content\/uploads\/2024\/02\/saas-07-about-600x2361.jpg","astra-page-api-url":"https:\/\/websitedemos.net\/saas-07\/wp-json\/wp\/v2\/pages\/766","dynamic-page":"no","astra-page-url":"\/\/websitedemos.net\/saas-07\/about\/","astra-sites-tag":{"352":"about"},"site-pages-type":"agency-mini","site-pages-page-builder":"gutenberg","site-pages-category":[],"site-pages-parent-category":{"60":"business"},"required-plugins":[{"slug":"ultimate-addons-for-gutenberg","init":"ultimate-addons-for-gutenberg\/ultimate-addons-for-gutenberg.php","name":"Spectra"}]},"id-86061":{"title":"Contact","featured-image-url":"https:\/\/websitedemos.net\/wp-content\/uploads\/2024\/02\/saas-07-contact.jpg","thumbnail-image-url":"https:\/\/websitedemos.net\/wp-content\/uploads\/2024\/02\/saas-07-contact-600x1070.jpg","astra-page-api-url":"https:\/\/websitedemos.net\/saas-07\/wp-json\/wp\/v2\/pages\/770","dynamic-page":"no","astra-page-url":"\/\/websitedemos.net\/saas-07\/contact\/","astra-sites-tag":{"415":"contact"},"site-pages-type":"agency-mini","site-pages-page-builder":"gutenberg","site-pages-category":[],"site-pages-parent-category":{"60":"business"},"required-plugins":[{"slug":"ultimate-addons-for-gutenberg","init":"ultimate-addons-for-gutenberg\/ultimate-addons-for-gutenberg.php","name":"Spectra"}]},"id-86062":{"title":"Features","featured-image-url":"https:\/\/websitedemos.net\/wp-content\/uploads\/2024\/02\/saas-07-features.jpg","thumbnail-image-url":"https:\/\/websitedemos.net\/wp-content\/uploads\/2024\/02\/saas-07-features-600x2288.jpg","astra-page-api-url":"https:\/\/websitedemos.net\/saas-07\/wp-json\/wp\/v2\/pages\/764","dynamic-page":"no","astra-page-url":"\/\/websitedemos.net\/saas-07\/features\/","astra-sites-tag":{"453":"features"},"site-pages-type":"agency-mini","site-pages-page-builder":"gutenberg","site-pages-category":[],"site-pages-parent-category":{"60":"business"},"required-plugins":[{"slug":"ultimate-addons-for-gutenberg","init":"ultimate-addons-for-gutenberg\/ultimate-addons-for-gutenberg.php","name":"Spectra"}]},"id-86063":{"title":"Home","featured-image-url":"https:\/\/websitedemos.net\/wp-content\/uploads\/2024\/02\/saas-07.jpg","thumbnail-image-url":"https:\/\/websitedemos.net\/wp-content\/uploads\/2024\/02\/saas-07-600x3455.jpg","astra-page-api-url":"https:\/\/websitedemos.net\/saas-07\/wp-json\/wp\/v2\/pages\/761","dynamic-page":"no","astra-page-url":"\/\/websitedemos.net\/saas-07\/","astra-sites-tag":{"423":"home"},"site-pages-type":"agency-mini","site-pages-page-builder":"gutenberg","site-pages-category":[],"site-pages-parent-category":{"60":"business"},"required-plugins":[{"slug":"ultimate-addons-for-gutenberg","init":"ultimate-addons-for-gutenberg\/ultimate-addons-for-gutenberg.php","name":"Spectra"}]},"id-86064":{"title":"Pricing","featured-image-url":"https:\/\/websitedemos.net\/wp-content\/uploads\/2024\/02\/saas-07-pricing.jpg","thumbnail-image-url":"https:\/\/websitedemos.net\/wp-content\/uploads\/2024\/02\/saas-07-pricing-600x1451.jpg","astra-page-api-url":"https:\/\/websitedemos.net\/saas-07\/wp-json\/wp\/v2\/pages\/768","dynamic-page":"no","astra-page-url":"\/\/websitedemos.net\/saas-07\/pricing\/","astra-sites-tag":{"585":"pricing"},"site-pages-type":"agency-mini","site-pages-page-builder":"gutenberg","site-pages-category":[],"site-pages-parent-category":{"60":"business"},"required-plugins":[{"slug":"ultimate-addons-for-gutenberg","init":"ultimate-addons-for-gutenberg\/ultimate-addons-for-gutenberg.php","name":"Spectra"}]}},"related-bb-template":"","related-elementor-template":"","related-gutenberg-template":"","related_ecommerce_template":"","ecommerce_parent_template":""},"id-54338":{"title":"Steak House","id":54338,"publish-date":1620833417,"featured-image-url":"https:\/\/websitedemos.net\/wp-content\/uploads\/2021\/05\/steak-house-08.jpg","thumbnail-image-url":"https:\/\/websitedemos.net\/wp-content\/uploads\/2021\/05\/steak-house-08-600x2370.jpg","fullpage-thumbnail-image-url":"https:\/\/websitedemos.net\/wp-content\/uploads\/2021\/05\/steak-house-08-400x1580.jpg","astra-site-url":"\/\/websitedemos.net\/steak-house-08","astra-site-parent-id":2025,"astra-sites-tag":{"2071":"chef-restaurant","336":"food","2068":"food-and-drinks","2067":"food-and-restaurant","2070":"food-house","350":"hotel","2069":"non-vegetarian-restaurant","335":"restaurant","2072":"steak-house"},"astra-sites-type":"free","astra-site-category":{"27":"business","39":"free"},"astra-sites-template-category":[],"astra-site-page-builder":"gutenberg","categories":{"2496":"restaurant-food"},"required-plugins":[{"slug":"ultimate-addons-for-gutenberg","init":"ultimate-addons-for-gutenberg\/ultimate-addons-for-gutenberg.php","name":"Spectra"}],"post-status":"publish","post-content":"","post-excerpt":"","pages":{"id-54341":{"title":"Home","featured-image-url":"https:\/\/websitedemos.net\/wp-content\/uploads\/2021\/05\/steak-house-08.jpg","thumbnail-image-url":"https:\/\/websitedemos.net\/wp-content\/uploads\/2021\/05\/steak-house-08-600x2370.jpg","astra-page-api-url":"https:\/\/websitedemos.net\/steak-house-08\/wp-json\/wp\/v2\/pages\/10","dynamic-page":"no","astra-page-url":"\/\/websitedemos.net\/steak-house-08\/","astra-sites-tag":{"423":"home"},"site-pages-type":"free","site-pages-page-builder":"gutenberg","site-pages-category":[],"site-pages-parent-category":{"60":"business","61":"free"},"required-plugins":[{"slug":"ultimate-addons-for-gutenberg","init":"ultimate-addons-for-gutenberg\/ultimate-addons-for-gutenberg.php","name":"Spectra"}]},"id-54339":{"title":"About","featured-image-url":"https:\/\/websitedemos.net\/wp-content\/uploads\/2021\/05\/steak-house-08-about-1.jpg","thumbnail-image-url":"https:\/\/websitedemos.net\/wp-content\/uploads\/2021\/05\/steak-house-08-about-1-600x1939.jpg","astra-page-api-url":"https:\/\/websitedemos.net\/steak-house-08\/wp-json\/wp\/v2\/pages\/12","dynamic-page":"no","astra-page-url":"\/\/websitedemos.net\/steak-house-08\/about\/","astra-sites-tag":{"352":"about"},"site-pages-type":"free","site-pages-page-builder":"gutenberg","site-pages-category":[],"site-pages-parent-category":{"60":"business","61":"free"},"required-plugins":[{"slug":"ultimate-addons-for-gutenberg","init":"ultimate-addons-for-gutenberg\/ultimate-addons-for-gutenberg.php","name":"Spectra"}]},"id-54340":{"title":"Contact","featured-image-url":"https:\/\/websitedemos.net\/wp-content\/uploads\/2021\/05\/steak-house-08-contact-1.jpg","thumbnail-image-url":"https:\/\/websitedemos.net\/wp-content\/uploads\/2021\/05\/steak-house-08-contact-1-600x1150.jpg","astra-page-api-url":"https:\/\/websitedemos.net\/steak-house-08\/wp-json\/wp\/v2\/pages\/14","dynamic-page":"no","astra-page-url":"\/\/websitedemos.net\/steak-house-08\/contact\/","astra-sites-tag":{"415":"contact"},"site-pages-type":"free","site-pages-page-builder":"gutenberg","site-pages-category":[],"site-pages-parent-category":{"60":"business","61":"free"},"required-plugins":[{"slug":"ultimate-addons-for-gutenberg","init":"ultimate-addons-for-gutenberg\/ultimate-addons-for-gutenberg.php","name":"Spectra"}]},"id-54342":{"title":"Menu","featured-image-url":"https:\/\/websitedemos.net\/wp-content\/uploads\/2021\/05\/steak-house-08-menu-1.jpg","thumbnail-image-url":"https:\/\/websitedemos.net\/wp-content\/uploads\/2021\/05\/steak-house-08-menu-1-600x1663.jpg","astra-page-api-url":"https:\/\/websitedemos.net\/steak-house-08\/wp-json\/wp\/v2\/pages\/13","dynamic-page":"no","astra-page-url":"\/\/websitedemos.net\/steak-house-08\/menu\/","astra-sites-tag":{"1579":"food-menu","565":"menu"},"site-pages-type":"free","site-pages-page-builder":"gutenberg","site-pages-category":[],"site-pages-parent-category":{"60":"business","61":"free"},"required-plugins":[{"slug":"ultimate-addons-for-gutenberg","init":"ultimate-addons-for-gutenberg\/ultimate-addons-for-gutenberg.php","name":"Spectra"}]}},"related-bb-template":"","related-elementor-template":"","related-gutenberg-template":"","related_ecommerce_template":"","ecommerce_parent_template":""},"id-86261":{"title":"Cleaning Agency","id":86261,"publish-date":1707479798,"featured-image-url":"https:\/\/websitedemos.net\/wp-content\/uploads\/2024\/02\/cleaning-agency-07.jpg","thumbnail-image-url":"https:\/\/websitedemos.net\/wp-content\/uploads\/2024\/02\/cleaning-agency-07-600x2473.jpg","fullpage-thumbnail-image-url":"https:\/\/websitedemos.net\/wp-content\/uploads\/2024\/02\/cleaning-agency-07-400x1649.jpg","astra-site-url":"\/\/websitedemos.net\/cleaning-agency-07","astra-site-parent-id":3484,"astra-sites-tag":{"680":"cleaning","679":"cleaning-services","673":"commercial-cleaning","674":"domestic-cleaning","1407":"house-keeping","676":"maintenance","677":"washing"},"astra-sites-type":"agency-mini","astra-site-category":{"27":"business"},"astra-sites-template-category":{"2777":"business","2819":"cleaning","2831":"service"},"astra-site-page-builder":"gutenberg","categories":{"2477":"home-services"},"required-plugins":[{"slug":"ultimate-addons-for-gutenberg","init":"ultimate-addons-for-gutenberg\/ultimate-addons-for-gutenberg.php","name":"Spectra"}],"post-status":"publish","post-content":"","post-excerpt":"","pages":{"id-86264":{"title":"Home","featured-image-url":"https:\/\/websitedemos.net\/wp-content\/uploads\/2024\/02\/cleaning-agency-07.jpg","thumbnail-image-url":"https:\/\/websitedemos.net\/wp-content\/uploads\/2024\/02\/cleaning-agency-07-600x2473.jpg","astra-page-api-url":"https:\/\/websitedemos.net\/cleaning-agency-07\/wp-json\/wp\/v2\/pages\/701","dynamic-page":"no","astra-page-url":"\/\/websitedemos.net\/cleaning-agency-07\/","astra-sites-tag":{"423":"home"},"site-pages-type":"agency-mini","site-pages-page-builder":"gutenberg","site-pages-category":[],"site-pages-parent-category":{"60":"business"},"required-plugins":[{"slug":"ultimate-addons-for-gutenberg","init":"ultimate-addons-for-gutenberg\/ultimate-addons-for-gutenberg.php","name":"Spectra"}]},"id-86265":{"title":"Reviews","featured-image-url":"https:\/\/websitedemos.net\/wp-content\/uploads\/2024\/02\/cleaning-agency-07-reviews.jpg","thumbnail-image-url":"https:\/\/websitedemos.net\/wp-content\/uploads\/2024\/02\/cleaning-agency-07-reviews-600x1193.jpg","astra-page-api-url":"https:\/\/websitedemos.net\/cleaning-agency-07\/wp-json\/wp\/v2\/pages\/710","dynamic-page":"no","astra-page-url":"\/\/websitedemos.net\/cleaning-agency-07\/reviews\/","astra-sites-tag":{"1615":"reviews"},"site-pages-type":"agency-mini","site-pages-page-builder":"gutenberg","site-pages-category":[],"site-pages-parent-category":{"60":"business"},"required-plugins":[{"slug":"ultimate-addons-for-gutenberg","init":"ultimate-addons-for-gutenberg\/ultimate-addons-for-gutenberg.php","name":"Spectra"}]},"id-86266":{"title":"Services","featured-image-url":"https:\/\/websitedemos.net\/wp-content\/uploads\/2024\/02\/cleaning-agency-07-services.jpg","thumbnail-image-url":"https:\/\/websitedemos.net\/wp-content\/uploads\/2024\/02\/cleaning-agency-07-services-600x2085.jpg","astra-page-api-url":"https:\/\/websitedemos.net\/cleaning-agency-07\/wp-json\/wp\/v2\/pages\/706","dynamic-page":"no","astra-page-url":"\/\/websitedemos.net\/cleaning-agency-07\/services\/","astra-sites-tag":{"425":"services"},"site-pages-type":"agency-mini","site-pages-page-builder":"gutenberg","site-pages-category":[],"site-pages-parent-category":{"60":"business"},"required-plugins":[{"slug":"ultimate-addons-for-gutenberg","init":"ultimate-addons-for-gutenberg\/ultimate-addons-for-gutenberg.php","name":"Spectra"}]},"id-86267":{"title":"Why Choose Us","featured-image-url":"https:\/\/websitedemos.net\/wp-content\/uploads\/2024\/02\/cleaning-agency-07-why-choose-us.jpg","thumbnail-image-url":"https:\/\/websitedemos.net\/wp-content\/uploads\/2024\/02\/cleaning-agency-07-why-choose-us-600x1421.jpg","astra-page-api-url":"https:\/\/websitedemos.net\/cleaning-agency-07\/wp-json\/wp\/v2\/pages\/708","dynamic-page":"no","astra-page-url":"\/\/websitedemos.net\/cleaning-agency-07\/why-choose-us\/","astra-sites-tag":{"760":"why-choose-us"},"site-pages-type":"agency-mini","site-pages-page-builder":"gutenberg","site-pages-category":[],"site-pages-parent-category":{"60":"business"},"required-plugins":[{"slug":"ultimate-addons-for-gutenberg","init":"ultimate-addons-for-gutenberg\/ultimate-addons-for-gutenberg.php","name":"Spectra"}]},"id-86262":{"title":"About","featured-image-url":"https:\/\/websitedemos.net\/wp-content\/uploads\/2024\/02\/cleaning-agency-07-about.jpg","thumbnail-image-url":"https:\/\/websitedemos.net\/wp-content\/uploads\/2024\/02\/cleaning-agency-07-about-600x1521.jpg","astra-page-api-url":"https:\/\/websitedemos.net\/cleaning-agency-07\/wp-json\/wp\/v2\/pages\/704","dynamic-page":"no","astra-page-url":"\/\/websitedemos.net\/cleaning-agency-07\/about\/","astra-sites-tag":{"352":"about"},"site-pages-type":"agency-mini","site-pages-page-builder":"gutenberg","site-pages-category":[],"site-pages-parent-category":{"60":"business"},"required-plugins":[{"slug":"ultimate-addons-for-gutenberg","init":"ultimate-addons-for-gutenberg\/ultimate-addons-for-gutenberg.php","name":"Spectra"}]},"id-86263":{"title":"Contact","featured-image-url":"https:\/\/websitedemos.net\/wp-content\/uploads\/2024\/02\/cleaning-agency-07-contact.jpg","thumbnail-image-url":"https:\/\/websitedemos.net\/wp-content\/uploads\/2024\/02\/cleaning-agency-07-contact-600x1159.jpg","astra-page-api-url":"https:\/\/websitedemos.net\/cleaning-agency-07\/wp-json\/wp\/v2\/pages\/712","dynamic-page":"no","astra-page-url":"\/\/websitedemos.net\/cleaning-agency-07\/contact\/","astra-sites-tag":{"415":"contact"},"site-pages-type":"agency-mini","site-pages-page-builder":"gutenberg","site-pages-category":[],"site-pages-parent-category":{"60":"business"},"required-plugins":[{"slug":"ultimate-addons-for-gutenberg","init":"ultimate-addons-for-gutenberg\/ultimate-addons-for-gutenberg.php","name":"Spectra"}]}},"related-bb-template":"","related-elementor-template":"","related-gutenberg-template":"","related_ecommerce_template":"","ecommerce_parent_template":""}}