{"id-53972":{"title":"Features 1","featured-image-url":"https:\/\/websitedemos.net\/wp-content\/uploads\/2021\/05\/feature-1-ele.jpg","thumbnail-image-url":"https:\/\/websitedemos.net\/wp-content\/uploads\/2021\/05\/feature-1-ele-400x150.jpg","url":"https:\/\/websitedemos.net\/astra-blocks\/features-1e\/","tag":{"920":"features"},"category":919,"page-builder":"elementor","filter":"light","required-plugins":[]},"id-53974":{"title":"Features 2","featured-image-url":"https:\/\/websitedemos.net\/wp-content\/uploads\/2021\/05\/feature-2-ele.jpg","thumbnail-image-url":"https:\/\/websitedemos.net\/wp-content\/uploads\/2021\/05\/feature-2-ele-400x103.jpg","url":"https:\/\/websitedemos.net\/astra-blocks\/features-2e\/","tag":{"920":"features"},"category":919,"page-builder":"elementor","filter":"light","required-plugins":[]},"id-53975":{"title":"Features 3","featured-image-url":"https:\/\/websitedemos.net\/wp-content\/uploads\/2021\/05\/feature-3-ele.jpg","thumbnail-image-url":"https:\/\/websitedemos.net\/wp-content\/uploads\/2021\/05\/feature-3-ele-400x256.jpg","url":"https:\/\/websitedemos.net\/astra-blocks\/features-3e\/","tag":{"920":"features"},"category":919,"page-builder":"elementor","filter":"light","required-plugins":[]},"id-53976":{"title":"Features 4","featured-image-url":"https:\/\/websitedemos.net\/wp-content\/uploads\/2021\/05\/feature-4el.jpg","thumbnail-image-url":"https:\/\/websitedemos.net\/wp-content\/uploads\/2021\/05\/feature-4el-400x196.jpg","url":"https:\/\/websitedemos.net\/astra-blocks\/features-4e\/","tag":{"920":"features"},"category":919,"page-builder":"elementor","filter":"light","required-plugins":[]},"id-53977":{"title":"Features 5","featured-image-url":"https:\/\/websitedemos.net\/wp-content\/uploads\/2021\/05\/feature-5-ele.jpg","thumbnail-image-url":"https:\/\/websitedemos.net\/wp-content\/uploads\/2021\/05\/feature-5-ele-400x190.jpg","url":"https:\/\/websitedemos.net\/astra-blocks\/features-5e\/","tag":{"920":"features"},"category":919,"page-builder":"elementor","filter":"light","required-plugins":[]},"id-53978":{"title":"Features 6","featured-image-url":"https:\/\/websitedemos.net\/wp-content\/uploads\/2021\/05\/feature-6-ele.jpg","thumbnail-image-url":"https:\/\/websitedemos.net\/wp-content\/uploads\/2021\/05\/feature-6-ele-400x232.jpg","url":"https:\/\/websitedemos.net\/astra-blocks\/features-6e\/","tag":{"920":"features"},"category":919,"page-builder":"elementor","filter":"light","required-plugins":[]},"id-53979":{"title":"Features 7","featured-image-url":"https:\/\/websitedemos.net\/wp-content\/uploads\/2021\/05\/feature-7-ele.jpg","thumbnail-image-url":"https:\/\/websitedemos.net\/wp-content\/uploads\/2021\/05\/feature-7-ele-400x278.jpg","url":"https:\/\/websitedemos.net\/astra-blocks\/features-7e\/","tag":{"920":"features"},"category":919,"page-builder":"elementor","filter":"light","required-plugins":[]},"id-53973":{"title":"Statistics 4","featured-image-url":"https:\/\/websitedemos.net\/wp-content\/uploads\/2021\/05\/statistics-1e.jpg","thumbnail-image-url":"https:\/\/websitedemos.net\/wp-content\/uploads\/2021\/05\/statistics-1e-400x70.jpg","url":"https:\/\/websitedemos.net\/astra-blocks\/statistics-4e\/","tag":{"924":"statistics"},"category":1096,"page-builder":"elementor","filter":"light","required-plugins":[]},"id-53971":{"title":"Statistics 3","featured-image-url":"https:\/\/websitedemos.net\/wp-content\/uploads\/2021\/05\/statistics-3e.jpg","thumbnail-image-url":"https:\/\/websitedemos.net\/wp-content\/uploads\/2021\/05\/statistics-3e-400x52.jpg","url":"https:\/\/websitedemos.net\/astra-blocks\/statistics-3e\/","tag":{"924":"statistics"},"category":1096,"page-builder":"elementor","filter":"light","required-plugins":[]},"id-53970":{"title":"Statistics 2","featured-image-url":"https:\/\/websitedemos.net\/wp-content\/uploads\/2021\/05\/statistics-2e.jpg","thumbnail-image-url":"https:\/\/websitedemos.net\/wp-content\/uploads\/2021\/05\/statistics-2e-400x117.jpg","url":"https:\/\/websitedemos.net\/astra-blocks\/statistics-2e\/","tag":{"924":"statistics"},"category":1096,"page-builder":"elementor","filter":"light","required-plugins":[]},"id-53969":{"title":"Statistics 1","featured-image-url":"https:\/\/websitedemos.net\/wp-content\/uploads\/2021\/05\/statistics-4e.jpg","thumbnail-image-url":"https:\/\/websitedemos.net\/wp-content\/uploads\/2021\/05\/statistics-4e-400x160.jpg","url":"https:\/\/websitedemos.net\/astra-blocks\/statistics-1e\/","tag":{"924":"statistics"},"category":1096,"page-builder":"elementor","filter":"","required-plugins":[]},"id-53931":{"title":"Team 1","featured-image-url":"https:\/\/websitedemos.net\/wp-content\/uploads\/2021\/05\/team-1el.jpg","thumbnail-image-url":"https:\/\/websitedemos.net\/wp-content\/uploads\/2021\/05\/team-1el-400x211.jpg","url":"https:\/\/websitedemos.net\/astra-blocks\/team-1e\/","tag":{"927":"team"},"category":829,"page-builder":"elementor","filter":"light","required-plugins":[]},"id-53932":{"title":"Team 2","featured-image-url":"https:\/\/websitedemos.net\/wp-content\/uploads\/2021\/05\/team-2-ele.jpg","thumbnail-image-url":"https:\/\/websitedemos.net\/wp-content\/uploads\/2021\/05\/team-2-ele-400x235.jpg","url":"https:\/\/websitedemos.net\/astra-blocks\/team-2e\/","tag":{"927":"team"},"category":829,"page-builder":"elementor","filter":"light","required-plugins":[]},"id-53933":{"title":"Team 3","featured-image-url":"https:\/\/websitedemos.net\/wp-content\/uploads\/2021\/05\/team-3el.jpg","thumbnail-image-url":"https:\/\/websitedemos.net\/wp-content\/uploads\/2021\/05\/team-3el-400x210.jpg","url":"https:\/\/websitedemos.net\/astra-blocks\/team-3e\/","tag":{"927":"team"},"category":829,"page-builder":"elementor","filter":"light","required-plugins":[]},"id-53934":{"title":"Team 4","featured-image-url":"https:\/\/websitedemos.net\/wp-content\/uploads\/2021\/05\/team-4el.jpg","thumbnail-image-url":"https:\/\/websitedemos.net\/wp-content\/uploads\/2021\/05\/team-4el-400x196.jpg","url":"https:\/\/websitedemos.net\/astra-blocks\/team-4e\/","tag":{"927":"team"},"category":829,"page-builder":"elementor","filter":"light","required-plugins":[]},"id-53926":{"title":"Clients 1","featured-image-url":"https:\/\/websitedemos.net\/wp-content\/uploads\/2021\/05\/clients-1e.jpg","thumbnail-image-url":"https:\/\/websitedemos.net\/wp-content\/uploads\/2021\/05\/clients-1e-400x99.jpg","url":"https:\/\/websitedemos.net\/astra-blocks\/clients-1e\/","tag":{"1090":"clients"},"category":1091,"page-builder":"elementor","filter":"","required-plugins":[]},"id-53927":{"title":"Clients 2","featured-image-url":"https:\/\/websitedemos.net\/wp-content\/uploads\/2021\/05\/clients-2e.jpg","thumbnail-image-url":"https:\/\/websitedemos.net\/wp-content\/uploads\/2021\/05\/clients-2e-400x92.jpg","url":"https:\/\/websitedemos.net\/astra-blocks\/clients-2e\/","tag":{"1090":"clients"},"category":1091,"page-builder":"elementor","filter":"","required-plugins":[]},"id-53928":{"title":"Clients 3","featured-image-url":"https:\/\/websitedemos.net\/wp-content\/uploads\/2021\/05\/clients-3e.jpg","thumbnail-image-url":"https:\/\/websitedemos.net\/wp-content\/uploads\/2021\/05\/clients-3e-400x69.jpg","url":"https:\/\/websitedemos.net\/astra-blocks\/clients-3e\/","tag":{"1090":"clients"},"category":1091,"page-builder":"elementor","filter":"","required-plugins":[]},"id-53929":{"title":"Clients 4","featured-image-url":"https:\/\/websitedemos.net\/wp-content\/uploads\/2021\/05\/clients-4e.jpg","thumbnail-image-url":"https:\/\/websitedemos.net\/wp-content\/uploads\/2021\/05\/clients-4e-400x232.jpg","url":"https:\/\/websitedemos.net\/astra-blocks\/clients-4e\/","tag":{"1090":"clients"},"category":1091,"page-builder":"elementor","filter":"","required-plugins":[]},"id-53846":{"title":"Testimonial 1","featured-image-url":"https:\/\/websitedemos.net\/wp-content\/uploads\/2021\/05\/teatimonial-1el.jpg","thumbnail-image-url":"https:\/\/websitedemos.net\/wp-content\/uploads\/2021\/05\/teatimonial-1el-400x240.jpg","url":"https:\/\/websitedemos.net\/astra-blocks\/testimonial-1e\/","tag":{"844":"testimonial"},"category":830,"page-builder":"elementor","filter":"light","required-plugins":[]},"id-53847":{"title":"Testimonial 2","featured-image-url":"https:\/\/websitedemos.net\/wp-content\/uploads\/2021\/05\/teatimonial-2-ele.jpg","thumbnail-image-url":"https:\/\/websitedemos.net\/wp-content\/uploads\/2021\/05\/teatimonial-2-ele-400x187.jpg","url":"https:\/\/websitedemos.net\/astra-blocks\/testimonial-2e\/","tag":{"844":"testimonial"},"category":830,"page-builder":"elementor","filter":"light","required-plugins":[]},"id-53848":{"title":"Testimonial 3","featured-image-url":"https:\/\/websitedemos.net\/wp-content\/uploads\/2021\/05\/teatimonial-3el.jpg","thumbnail-image-url":"https:\/\/websitedemos.net\/wp-content\/uploads\/2021\/05\/teatimonial-3el-400x143.jpg","url":"https:\/\/websitedemos.net\/astra-blocks\/testimonial-3e\/","tag":{"844":"testimonial"},"category":830,"page-builder":"elementor","filter":"light","required-plugins":[]},"id-53849":{"title":"Testimonial 4","featured-image-url":"https:\/\/websitedemos.net\/wp-content\/uploads\/2021\/05\/teatimonial-4-ele.jpg","thumbnail-image-url":"https:\/\/websitedemos.net\/wp-content\/uploads\/2021\/05\/teatimonial-4-ele-400x166.jpg","url":"https:\/\/websitedemos.net\/astra-blocks\/testimonial-4e\/","tag":{"844":"testimonial"},"category":830,"page-builder":"elementor","filter":"light","required-plugins":[]},"id-52865":{"title":"Contact Form 1","featured-image-url":"https:\/\/websitedemos.net\/wp-content\/uploads\/2021\/05\/contact-form-1e.jpg","thumbnail-image-url":"https:\/\/websitedemos.net\/wp-content\/uploads\/2021\/05\/contact-form-1e-400x210.jpg","url":"https:\/\/websitedemos.net\/astra-blocks\/contact-form-1e\/","tag":{"823":"contact","1955":"contact-form"},"category":1416,"page-builder":"elementor","filter":"light","required-plugins":[{"slug":"wpforms-lite","init":"wpforms-lite\/wpforms.php","name":"WPForms Lite"}]},"id-52866":{"title":"Contact Form 2","featured-image-url":"https:\/\/websitedemos.net\/wp-content\/uploads\/2021\/05\/contact-form-2e.jpg","thumbnail-image-url":"https:\/\/websitedemos.net\/wp-content\/uploads\/2021\/05\/contact-form-2e-400x206.jpg","url":"https:\/\/websitedemos.net\/astra-blocks\/contact-form-2e\/","tag":{"823":"contact","1955":"contact-form"},"category":1416,"page-builder":"elementor","filter":"light","required-plugins":[{"slug":"wpforms-lite","init":"wpforms-lite\/wpforms.php","name":"WPForms Lite"}]},"id-52867":{"title":"Contact Form 3","featured-image-url":"https:\/\/websitedemos.net\/wp-content\/uploads\/2021\/05\/contact-form-3e.jpg","thumbnail-image-url":"https:\/\/websitedemos.net\/wp-content\/uploads\/2021\/05\/contact-form-3e-400x218.jpg","url":"https:\/\/websitedemos.net\/astra-blocks\/contact-form-3e\/","tag":{"823":"contact","1955":"contact-form"},"category":1416,"page-builder":"elementor","filter":"light","required-plugins":[{"slug":"wpforms-lite","init":"wpforms-lite\/wpforms.php","name":"WPForms Lite"}]},"id-52868":{"title":"Contact Form 4","featured-image-url":"https:\/\/websitedemos.net\/wp-content\/uploads\/2021\/05\/contact-form-4e.jpg","thumbnail-image-url":"https:\/\/websitedemos.net\/wp-content\/uploads\/2021\/05\/contact-form-4e-400x174.jpg","url":"https:\/\/websitedemos.net\/astra-blocks\/contact-form-4e\/","tag":{"823":"contact","1955":"contact-form"},"category":1416,"page-builder":"elementor","filter":"light","required-plugins":[{"slug":"wpforms-lite","init":"wpforms-lite\/wpforms.php","name":"WPForms Lite"}]},"id-52857":{"title":"Subscribe Form 6","featured-image-url":"https:\/\/websitedemos.net\/wp-content\/uploads\/2021\/05\/subscribe-form-6el.jpg","thumbnail-image-url":"https:\/\/websitedemos.net\/wp-content\/uploads\/2021\/05\/subscribe-form-6el-400x150.jpg","url":"https:\/\/websitedemos.net\/astra-blocks\/subscribe-form-6e\/","tag":{"1956":"subscribe-form"},"category":1953,"page-builder":"elementor","filter":"light","required-plugins":[{"slug":"wpforms-lite","init":"wpforms-lite\/wpforms.php","name":"WPForms Lite"}]},"id-52808":{"title":"Subscribe Form 2","featured-image-url":"https:\/\/websitedemos.net\/wp-content\/uploads\/2021\/05\/subscribe-form-2el.jpg","thumbnail-image-url":"https:\/\/websitedemos.net\/wp-content\/uploads\/2021\/05\/subscribe-form-2el-400x180.jpg","url":"https:\/\/websitedemos.net\/astra-blocks\/subscribe-form-2e\/","tag":{"1956":"subscribe-form"},"category":1953,"page-builder":"elementor","filter":"light","required-plugins":[{"slug":"wpforms-lite","init":"wpforms-lite\/wpforms.php","name":"WPForms Lite"}]},"id-52809":{"title":"Subscribe Form 3","featured-image-url":"https:\/\/websitedemos.net\/wp-content\/uploads\/2021\/05\/subscribe-form-3el.jpg","thumbnail-image-url":"https:\/\/websitedemos.net\/wp-content\/uploads\/2021\/05\/subscribe-form-3el-400x179.jpg","url":"https:\/\/websitedemos.net\/astra-blocks\/subscribe-form-3e\/","tag":{"1956":"subscribe-form"},"category":1953,"page-builder":"elementor","filter":"light","required-plugins":[{"slug":"wpforms-lite","init":"wpforms-lite\/wpforms.php","name":"WPForms Lite"}]},"id-52810":{"title":"Subscribe Form 4","featured-image-url":"https:\/\/websitedemos.net\/wp-content\/uploads\/2021\/05\/subscribe-form-4e.jpg","thumbnail-image-url":"https:\/\/websitedemos.net\/wp-content\/uploads\/2021\/05\/subscribe-form-4e-400x155.jpg","url":"https:\/\/websitedemos.net\/astra-blocks\/subscribe-form-4e\/","tag":{"1956":"subscribe-form"},"category":1953,"page-builder":"elementor","filter":"light","required-plugins":[{"slug":"wpforms-lite","init":"wpforms-lite\/wpforms.php","name":"WPForms Lite"}]},"id-52811":{"title":"Subscribe Form 5","featured-image-url":"https:\/\/websitedemos.net\/wp-content\/uploads\/2021\/05\/subscribe-form-5e.jpg","thumbnail-image-url":"https:\/\/websitedemos.net\/wp-content\/uploads\/2021\/05\/subscribe-form-5e-400x80.jpg","url":"https:\/\/websitedemos.net\/astra-blocks\/subscribe-form-5e\/","tag":{"1956":"subscribe-form"},"category":1953,"page-builder":"elementor","filter":"light","required-plugins":[{"slug":"wpforms-lite","init":"wpforms-lite\/wpforms.php","name":"WPForms Lite"}]},"id-52797":{"title":"Subscribe Form 1","featured-image-url":"https:\/\/websitedemos.net\/wp-content\/uploads\/2021\/05\/subscribe-form-1e.jpg","thumbnail-image-url":"https:\/\/websitedemos.net\/wp-content\/uploads\/2021\/05\/subscribe-form-1e-400x122.jpg","url":"https:\/\/websitedemos.net\/astra-blocks\/subscribe-form-1e\/","tag":{"1956":"subscribe-form"},"category":1953,"page-builder":"elementor","filter":"light","required-plugins":[{"slug":"wpforms-lite","init":"wpforms-lite\/wpforms.php","name":"WPForms Lite"}]},"id-52796":{"title":"Call to Action 5","featured-image-url":"https:\/\/websitedemos.net\/wp-content\/uploads\/2021\/05\/call-to-action-5e.jpg","thumbnail-image-url":"https:\/\/websitedemos.net\/wp-content\/uploads\/2021\/05\/call-to-action-5e-400x71.jpg","url":"https:\/\/websitedemos.net\/astra-blocks\/call-to-action-5e\/","tag":{"819":"call-to-action"},"category":832,"page-builder":"elementor","filter":"light","required-plugins":[]},"id-52795":{"title":"Call to Action 4","featured-image-url":"https:\/\/websitedemos.net\/wp-content\/uploads\/2021\/05\/cta-4-ele.jpg","thumbnail-image-url":"https:\/\/websitedemos.net\/wp-content\/uploads\/2021\/05\/cta-4-ele-400x285.jpg","url":"https:\/\/websitedemos.net\/astra-blocks\/call-to-action-4e\/","tag":{"819":"call-to-action"},"category":832,"page-builder":"elementor","filter":"light","required-plugins":[]},"id-52794":{"title":"Call to Action 3","featured-image-url":"https:\/\/websitedemos.net\/wp-content\/uploads\/2021\/05\/cta-3-ele.jpg","thumbnail-image-url":"https:\/\/websitedemos.net\/wp-content\/uploads\/2021\/05\/cta-3-ele-400x232.jpg","url":"https:\/\/websitedemos.net\/astra-blocks\/call-to-action-3e\/","tag":{"819":"call-to-action"},"category":832,"page-builder":"elementor","filter":"light","required-plugins":[]},"id-52793":{"title":"Call to Action 2","featured-image-url":"https:\/\/websitedemos.net\/wp-content\/uploads\/2021\/05\/call-to-action-2e.jpg","thumbnail-image-url":"https:\/\/websitedemos.net\/wp-content\/uploads\/2021\/05\/call-to-action-2e-400x117.jpg","url":"https:\/\/websitedemos.net\/astra-blocks\/call-to-action-2e\/","tag":{"819":"call-to-action"},"category":832,"page-builder":"elementor","filter":"light","required-plugins":[]},"id-52792":{"title":"Call to Action 1","featured-image-url":"https:\/\/websitedemos.net\/wp-content\/uploads\/2021\/05\/call-to-action-1e.jpg","thumbnail-image-url":"https:\/\/websitedemos.net\/wp-content\/uploads\/2021\/05\/call-to-action-1e-400x100.jpg","url":"https:\/\/websitedemos.net\/astra-blocks\/call-to-action-1e\/","tag":{"819":"call-to-action"},"category":832,"page-builder":"elementor","filter":"light","required-plugins":[]},"id-52712":{"title":"FAQ 1","featured-image-url":"https:\/\/websitedemos.net\/wp-content\/uploads\/2021\/05\/faq-1e.jpg","thumbnail-image-url":"https:\/\/websitedemos.net\/wp-content\/uploads\/2021\/05\/faq-1e-400x140.jpg","url":"https:\/\/websitedemos.net\/astra-blocks\/faq-1e\/","tag":{"822":"faq","821":"frequently-asked-questions"},"category":1001,"page-builder":"elementor","filter":"light","required-plugins":[]},"id-52713":{"title":"FAQ 2","featured-image-url":"https:\/\/websitedemos.net\/wp-content\/uploads\/2021\/05\/faq-2e.jpg","thumbnail-image-url":"https:\/\/websitedemos.net\/wp-content\/uploads\/2021\/05\/faq-2e-400x167.jpg","url":"https:\/\/websitedemos.net\/astra-blocks\/faq-2e\/","tag":{"822":"faq","821":"frequently-asked-questions"},"category":1001,"page-builder":"elementor","filter":"light","required-plugins":[]},"id-52714":{"title":"FAQ 3","featured-image-url":"https:\/\/websitedemos.net\/wp-content\/uploads\/2021\/05\/faq-3e.jpg","thumbnail-image-url":"https:\/\/websitedemos.net\/wp-content\/uploads\/2021\/05\/faq-3e-400x174.jpg","url":"https:\/\/websitedemos.net\/astra-blocks\/faq-3e\/","tag":{"822":"faq","821":"frequently-asked-questions"},"category":1001,"page-builder":"elementor","filter":"light","required-plugins":[]},"id-52715":{"title":"FAQ 4","featured-image-url":"https:\/\/websitedemos.net\/wp-content\/uploads\/2021\/05\/faq-4e.jpg","thumbnail-image-url":"https:\/\/websitedemos.net\/wp-content\/uploads\/2021\/05\/faq-4e-400x191.jpg","url":"https:\/\/websitedemos.net\/astra-blocks\/faq-4e\/","tag":{"822":"faq","821":"frequently-asked-questions"},"category":1001,"page-builder":"elementor","filter":"light","required-plugins":[]},"id-52716":{"title":"FAQ 5","featured-image-url":"https:\/\/websitedemos.net\/wp-content\/uploads\/2021\/05\/faq-5-ele.jpg","thumbnail-image-url":"https:\/\/websitedemos.net\/wp-content\/uploads\/2021\/05\/faq-5-ele-400x185.jpg","url":"https:\/\/websitedemos.net\/astra-blocks\/faq-5e\/","tag":{"822":"faq","821":"frequently-asked-questions"},"category":1001,"page-builder":"elementor","filter":"light","required-plugins":[]},"id-52678":{"title":"Main Banner 9","featured-image-url":"https:\/\/websitedemos.net\/wp-content\/uploads\/2021\/05\/main-banner-9el.jpg","thumbnail-image-url":"https:\/\/websitedemos.net\/wp-content\/uploads\/2021\/05\/main-banner-9el-400x305.jpg","url":"https:\/\/websitedemos.net\/astra-blocks\/main-banner-9e\/","tag":{"1952":"main-banner"},"category":831,"page-builder":"elementor","filter":"light","required-plugins":[]},"id-52677":{"title":"Main Banner 8","featured-image-url":"https:\/\/websitedemos.net\/wp-content\/uploads\/2021\/05\/main-banner-8el.jpg","thumbnail-image-url":"https:\/\/websitedemos.net\/wp-content\/uploads\/2021\/05\/main-banner-8el-400x164.jpg","url":"https:\/\/websitedemos.net\/astra-blocks\/main-banner-8e\/","tag":{"1952":"main-banner"},"category":831,"page-builder":"elementor","filter":"light","required-plugins":[]},"id-52676":{"title":"Main Banner 7","featured-image-url":"https:\/\/websitedemos.net\/wp-content\/uploads\/2021\/05\/main-banner-7el.jpg","thumbnail-image-url":"https:\/\/websitedemos.net\/wp-content\/uploads\/2021\/05\/main-banner-7el-400x162.jpg","url":"https:\/\/websitedemos.net\/astra-blocks\/main-banner-7e\/","tag":{"1952":"main-banner"},"category":831,"page-builder":"elementor","filter":"light","required-plugins":[]},"id-52675":{"title":"Main Banner 6","featured-image-url":"https:\/\/websitedemos.net\/wp-content\/uploads\/2021\/05\/main-banner-6-ele.jpg","thumbnail-image-url":"https:\/\/websitedemos.net\/wp-content\/uploads\/2021\/05\/main-banner-6-ele-400x219.jpg","url":"https:\/\/websitedemos.net\/astra-blocks\/main-banner-6e\/","tag":{"1952":"main-banner"},"category":831,"page-builder":"elementor","filter":"light","required-plugins":[]},"id-52674":{"title":"Main Banner 5","featured-image-url":"https:\/\/websitedemos.net\/wp-content\/uploads\/2021\/05\/main-banner-5ele.jpg","thumbnail-image-url":"https:\/\/websitedemos.net\/wp-content\/uploads\/2021\/05\/main-banner-5ele-400x223.jpg","url":"https:\/\/websitedemos.net\/astra-blocks\/main-banner-5e\/","tag":{"1952":"main-banner"},"category":831,"page-builder":"elementor","filter":"light","required-plugins":[]},"id-52673":{"title":"Main Banner 4","featured-image-url":"https:\/\/websitedemos.net\/wp-content\/uploads\/2021\/05\/main-banner-4ele.jpg","thumbnail-image-url":"https:\/\/websitedemos.net\/wp-content\/uploads\/2021\/05\/main-banner-4ele-400x202.jpg","url":"https:\/\/websitedemos.net\/astra-blocks\/main-banner-4e\/","tag":{"1952":"main-banner"},"category":831,"page-builder":"elementor","filter":"light","required-plugins":[]},"id-52672":{"title":"Main Banner 3","featured-image-url":"https:\/\/websitedemos.net\/wp-content\/uploads\/2021\/05\/main-banner-3el.jpg","thumbnail-image-url":"https:\/\/websitedemos.net\/wp-content\/uploads\/2021\/05\/main-banner-3el-400x200.jpg","url":"https:\/\/websitedemos.net\/astra-blocks\/main-banner-3e\/","tag":{"1952":"main-banner"},"category":831,"page-builder":"elementor","filter":"light","required-plugins":[]},"id-52671":{"title":"Main Banner 2","featured-image-url":"https:\/\/websitedemos.net\/wp-content\/uploads\/2021\/05\/main-banner-2-ele.jpg","thumbnail-image-url":"https:\/\/websitedemos.net\/wp-content\/uploads\/2021\/05\/main-banner-2-ele-400x235.jpg","url":"https:\/\/websitedemos.net\/astra-blocks\/main-banner-2e\/","tag":{"1952":"main-banner"},"category":831,"page-builder":"elementor","filter":"light","required-plugins":[]},"id-52670":{"title":"Main Banner 1","featured-image-url":"https:\/\/websitedemos.net\/wp-content\/uploads\/2021\/05\/main-banner-1-ele.jpg","thumbnail-image-url":"https:\/\/websitedemos.net\/wp-content\/uploads\/2021\/05\/main-banner-1-ele-400x255.jpg","url":"https:\/\/websitedemos.net\/astra-blocks\/main-banner-1e\/","tag":{"1952":"main-banner"},"category":831,"page-builder":"elementor","filter":"light","required-plugins":[]},"id-52656":{"title":"Location And Hours 6","featured-image-url":"https:\/\/websitedemos.net\/wp-content\/uploads\/2021\/05\/location-and-hours-6e.jpg","thumbnail-image-url":"https:\/\/websitedemos.net\/wp-content\/uploads\/2021\/05\/location-and-hours-6e-400x158.jpg","url":"https:\/\/websitedemos.net\/astra-blocks\/location-and-hours-6e\/","tag":{"823":"contact","1957":"location-and-hours"},"category":1950,"page-builder":"elementor","filter":"","required-plugins":[]},"id-52655":{"title":"Location And Hours 5","featured-image-url":"https:\/\/websitedemos.net\/wp-content\/uploads\/2021\/05\/location-and-hours-5e.jpg","thumbnail-image-url":"https:\/\/websitedemos.net\/wp-content\/uploads\/2021\/05\/location-and-hours-5e-400x169.jpg","url":"https:\/\/websitedemos.net\/astra-blocks\/location-and-hours-5e\/","tag":{"823":"contact","1957":"location-and-hours"},"category":1950,"page-builder":"elementor","filter":"","required-plugins":[]},"id-52654":{"title":"Location And Hours 4","featured-image-url":"https:\/\/websitedemos.net\/wp-content\/uploads\/2021\/05\/location-and-hours-4e.jpg","thumbnail-image-url":"https:\/\/websitedemos.net\/wp-content\/uploads\/2021\/05\/location-and-hours-4e-400x164.jpg","url":"https:\/\/websitedemos.net\/astra-blocks\/location-and-hours-4e\/","tag":{"823":"contact","1957":"location-and-hours"},"category":1950,"page-builder":"elementor","filter":"","required-plugins":[]},"id-52653":{"title":"Location And Hours 3","featured-image-url":"https:\/\/websitedemos.net\/wp-content\/uploads\/2021\/05\/location-and-hours-3e.jpg","thumbnail-image-url":"https:\/\/websitedemos.net\/wp-content\/uploads\/2021\/05\/location-and-hours-3e-400x205.jpg","url":"https:\/\/websitedemos.net\/astra-blocks\/location-and-hours-3e\/","tag":{"823":"contact","1957":"location-and-hours"},"category":1950,"page-builder":"elementor","filter":"","required-plugins":[]},"id-52652":{"title":"Location And Hours 2","featured-image-url":"https:\/\/websitedemos.net\/wp-content\/uploads\/2021\/05\/location-and-hours-2e.jpg","thumbnail-image-url":"https:\/\/websitedemos.net\/wp-content\/uploads\/2021\/05\/location-and-hours-2e-400x235.jpg","url":"https:\/\/websitedemos.net\/astra-blocks\/location-and-hours-2e\/","tag":{"823":"contact","1957":"location-and-hours"},"category":1950,"page-builder":"elementor","filter":"","required-plugins":[]},"id-52651":{"title":"Location And Hours 1","featured-image-url":"https:\/\/websitedemos.net\/wp-content\/uploads\/2021\/05\/location-and-hours-1e.jpg","thumbnail-image-url":"https:\/\/websitedemos.net\/wp-content\/uploads\/2021\/05\/location-and-hours-1e-400x169.jpg","url":"https:\/\/websitedemos.net\/astra-blocks\/location-and-hours-1e\/","tag":{"823":"contact","1957":"location-and-hours"},"category":1950,"page-builder":"elementor","filter":"","required-plugins":[]},"id-52586":{"title":"Services 4","featured-image-url":"https:\/\/websitedemos.net\/wp-content\/uploads\/2021\/05\/services-4-ele.jpg","thumbnail-image-url":"https:\/\/websitedemos.net\/wp-content\/uploads\/2021\/05\/services-4-ele-400x192.jpg","url":"https:\/\/websitedemos.net\/astra-blocks\/services-4e\/","tag":{"953":"services"},"category":952,"page-builder":"elementor","filter":"light","required-plugins":[]},"id-52589":{"title":"Services 5","featured-image-url":"https:\/\/websitedemos.net\/wp-content\/uploads\/2021\/05\/services-5-ele.jpg","thumbnail-image-url":"https:\/\/websitedemos.net\/wp-content\/uploads\/2021\/05\/services-5-ele-400x165.jpg","url":"https:\/\/websitedemos.net\/astra-blocks\/services-5e\/","tag":{"953":"services"},"category":952,"page-builder":"elementor","filter":"light","required-plugins":[]},"id-52595":{"title":"About 8","featured-image-url":"https:\/\/websitedemos.net\/wp-content\/uploads\/2021\/05\/about-8e.jpg","thumbnail-image-url":"https:\/\/websitedemos.net\/wp-content\/uploads\/2021\/05\/about-8e-400x121.jpg","url":"https:\/\/websitedemos.net\/astra-blocks\/about-8e\/","tag":{"818":"about"},"category":825,"page-builder":"elementor","filter":"light","required-plugins":[]},"id-52585":{"title":"Services 3","featured-image-url":"https:\/\/websitedemos.net\/wp-content\/uploads\/2021\/05\/services-3-ele.jpg","thumbnail-image-url":"https:\/\/websitedemos.net\/wp-content\/uploads\/2021\/05\/services-3-ele-400x178.jpg","url":"https:\/\/websitedemos.net\/astra-blocks\/services-3e\/","tag":{"953":"services"},"category":952,"page-builder":"elementor","filter":"light","required-plugins":[]},"id-52594":{"title":"About 7","featured-image-url":"https:\/\/websitedemos.net\/wp-content\/uploads\/2021\/05\/about-7e.jpg","thumbnail-image-url":"https:\/\/websitedemos.net\/wp-content\/uploads\/2021\/05\/about-7e-400x117.jpg","url":"https:\/\/websitedemos.net\/astra-blocks\/about-7e\/","tag":{"818":"about"},"category":825,"page-builder":"elementor","filter":"light","required-plugins":[]},"id-52584":{"title":"Services 2","featured-image-url":"https:\/\/websitedemos.net\/wp-content\/uploads\/2021\/05\/services-2e.jpg","thumbnail-image-url":"https:\/\/websitedemos.net\/wp-content\/uploads\/2021\/05\/services-2e-400x135.jpg","url":"https:\/\/websitedemos.net\/astra-blocks\/services-2e\/","tag":{"953":"services"},"category":952,"page-builder":"elementor","filter":"light","required-plugins":[]},"id-52593":{"title":"About 6","featured-image-url":"https:\/\/websitedemos.net\/wp-content\/uploads\/2021\/05\/about-6e.jpg","thumbnail-image-url":"https:\/\/websitedemos.net\/wp-content\/uploads\/2021\/05\/about-6e-400x118.jpg","url":"https:\/\/websitedemos.net\/astra-blocks\/about-6e\/","tag":{"818":"about"},"category":825,"page-builder":"elementor","filter":"light","required-plugins":[]},"id-52592":{"title":"About 5","featured-image-url":"https:\/\/websitedemos.net\/wp-content\/uploads\/2021\/05\/about-5e.jpg","thumbnail-image-url":"https:\/\/websitedemos.net\/wp-content\/uploads\/2021\/05\/about-5e-400x119.jpg","url":"https:\/\/websitedemos.net\/astra-blocks\/about-5e\/","tag":{"818":"about"},"category":825,"page-builder":"elementor","filter":"light","required-plugins":[]},"id-52591":{"title":"About 4","featured-image-url":"https:\/\/websitedemos.net\/wp-content\/uploads\/2021\/05\/about-4e.jpg","thumbnail-image-url":"https:\/\/websitedemos.net\/wp-content\/uploads\/2021\/05\/about-4e-400x110.jpg","url":"https:\/\/websitedemos.net\/astra-blocks\/about-4e\/","tag":{"818":"about"},"category":825,"page-builder":"elementor","filter":"light","required-plugins":[]},"id-52583":{"title":"Services 1","featured-image-url":"https:\/\/websitedemos.net\/wp-content\/uploads\/2021\/05\/services-1e.jpg","thumbnail-image-url":"https:\/\/websitedemos.net\/wp-content\/uploads\/2021\/05\/services-1e-400x136.jpg","url":"https:\/\/websitedemos.net\/astra-blocks\/services-1e\/","tag":{"953":"services"},"category":952,"page-builder":"elementor","filter":"light","required-plugins":[]},"id-52590":{"title":"About 3","featured-image-url":"https:\/\/websitedemos.net\/wp-content\/uploads\/2021\/05\/about-3-ele.jpg","thumbnail-image-url":"https:\/\/websitedemos.net\/wp-content\/uploads\/2021\/05\/about-3-ele-400x243.jpg","url":"https:\/\/websitedemos.net\/astra-blocks\/about-3e\/","tag":{"818":"about"},"category":825,"page-builder":"elementor","filter":"light","required-plugins":[]},"id-52588":{"title":"About 2","featured-image-url":"https:\/\/websitedemos.net\/wp-content\/uploads\/2021\/05\/about-2-ele.jpg","thumbnail-image-url":"https:\/\/websitedemos.net\/wp-content\/uploads\/2021\/05\/about-2-ele-400x186.jpg","url":"https:\/\/websitedemos.net\/astra-blocks\/about-2e\/","tag":{"818":"about"},"category":825,"page-builder":"elementor","filter":"light","required-plugins":[]},"id-52587":{"title":"About 1","featured-image-url":"https:\/\/websitedemos.net\/wp-content\/uploads\/2021\/05\/about-1-ele.jpg","thumbnail-image-url":"https:\/\/websitedemos.net\/wp-content\/uploads\/2021\/05\/about-1-ele-400x184.jpg","url":"https:\/\/websitedemos.net\/astra-blocks\/about-1e\/","tag":{"818":"about"},"category":825,"page-builder":"elementor","filter":"light","required-plugins":[]},"id-52528":{"title":"Image and Text 10","featured-image-url":"https:\/\/websitedemos.net\/wp-content\/uploads\/2021\/05\/image-and-text-10ele.jpg","thumbnail-image-url":"https:\/\/websitedemos.net\/wp-content\/uploads\/2021\/05\/image-and-text-10ele-400x285.jpg","url":"https:\/\/websitedemos.net\/astra-blocks\/image-and-text-10e\/","tag":{"1949":"image-and-text"},"category":1948,"page-builder":"elementor","filter":"light","required-plugins":[]},"id-52529":{"title":"Image and Text 9","featured-image-url":"https:\/\/websitedemos.net\/wp-content\/uploads\/2021\/05\/image-and-text-9ele.jpg","thumbnail-image-url":"https:\/\/websitedemos.net\/wp-content\/uploads\/2021\/05\/image-and-text-9ele-400x299.jpg","url":"https:\/\/websitedemos.net\/astra-blocks\/image-and-text-9e\/","tag":{"1949":"image-and-text"},"category":1948,"page-builder":"elementor","filter":"light","required-plugins":[]},"id-52526":{"title":"Image and Text 8","featured-image-url":"https:\/\/websitedemos.net\/wp-content\/uploads\/2021\/05\/image-and-text-8el.jpg","thumbnail-image-url":"https:\/\/websitedemos.net\/wp-content\/uploads\/2021\/05\/image-and-text-8el-400x299.jpg","url":"https:\/\/websitedemos.net\/astra-blocks\/image-and-text-8e\/","tag":{"1949":"image-and-text"},"category":1948,"page-builder":"elementor","filter":"light","required-plugins":[]},"id-52524":{"title":"Image and Text 7","featured-image-url":"https:\/\/websitedemos.net\/wp-content\/uploads\/2021\/05\/image-and-text-7el.jpg","thumbnail-image-url":"https:\/\/websitedemos.net\/wp-content\/uploads\/2021\/05\/image-and-text-7el-400x175.jpg","url":"https:\/\/websitedemos.net\/astra-blocks\/image-and-text-7e\/","tag":{"1949":"image-and-text"},"category":1948,"page-builder":"elementor","filter":"light","required-plugins":[]},"id-52527":{"title":"Image and Text 6","featured-image-url":"https:\/\/websitedemos.net\/wp-content\/uploads\/2021\/05\/image-and-text-6el.jpg","thumbnail-image-url":"https:\/\/websitedemos.net\/wp-content\/uploads\/2021\/05\/image-and-text-6el-400x169.jpg","url":"https:\/\/websitedemos.net\/astra-blocks\/image-and-text-6e\/","tag":{"1949":"image-and-text"},"category":1948,"page-builder":"elementor","filter":"light","required-plugins":[]},"id-52525":{"title":"Image and Text 5","featured-image-url":"https:\/\/websitedemos.net\/wp-content\/uploads\/2021\/05\/image-and-text-5ele.jpg","thumbnail-image-url":"https:\/\/websitedemos.net\/wp-content\/uploads\/2021\/05\/image-and-text-5ele-400x179.jpg","url":"https:\/\/websitedemos.net\/astra-blocks\/image-and-text-5e\/","tag":{"1949":"image-and-text"},"category":1948,"page-builder":"elementor","filter":"light","required-plugins":[]},"id-52523":{"title":"Image and Text 4","featured-image-url":"https:\/\/websitedemos.net\/wp-content\/uploads\/2021\/05\/image-and-text-4-ele.jpg","thumbnail-image-url":"https:\/\/websitedemos.net\/wp-content\/uploads\/2021\/05\/image-and-text-4-ele-400x186.jpg","url":"https:\/\/websitedemos.net\/astra-blocks\/image-and-text-4e\/","tag":{"1949":"image-and-text"},"category":1948,"page-builder":"elementor","filter":"light","required-plugins":[]},"id-52530":{"title":"Image and Text 3","featured-image-url":"https:\/\/websitedemos.net\/wp-content\/uploads\/2021\/05\/image-and-text-3el.jpg","thumbnail-image-url":"https:\/\/websitedemos.net\/wp-content\/uploads\/2021\/05\/image-and-text-3el-400x257.jpg","url":"https:\/\/websitedemos.net\/astra-blocks\/image-and-text-3e\/","tag":{"1949":"image-and-text"},"category":1948,"page-builder":"elementor","filter":"light","required-plugins":[]},"id-52521":{"title":"Image and Text 2","featured-image-url":"https:\/\/websitedemos.net\/wp-content\/uploads\/2021\/05\/image-and-text-2-ele.jpg","thumbnail-image-url":"https:\/\/websitedemos.net\/wp-content\/uploads\/2021\/05\/image-and-text-2-ele-400x175.jpg","url":"https:\/\/websitedemos.net\/astra-blocks\/image-and-text-2e\/","tag":{"1949":"image-and-text"},"category":1948,"page-builder":"elementor","filter":"light","required-plugins":[]},"id-52519":{"title":"Image and Text 1","featured-image-url":"https:\/\/websitedemos.net\/wp-content\/uploads\/2021\/05\/image-and-text-1el.jpg","thumbnail-image-url":"https:\/\/websitedemos.net\/wp-content\/uploads\/2021\/05\/image-and-text-1el-400x179.jpg","url":"https:\/\/websitedemos.net\/astra-blocks\/image-and-text-1e\/","tag":{"1949":"image-and-text"},"category":1948,"page-builder":"elementor","filter":"light","required-plugins":[]},"id-52457":{"title":"Text 9","featured-image-url":"https:\/\/websitedemos.net\/wp-content\/uploads\/2021\/05\/text-9.jpg","thumbnail-image-url":"https:\/\/websitedemos.net\/wp-content\/uploads\/2021\/05\/text-9-400x141.jpg","url":"https:\/\/websitedemos.net\/astra-blocks\/text-9e\/","tag":{"1947":"text"},"category":1946,"page-builder":"elementor","filter":"light","required-plugins":[]},"id-52456":{"title":"Text 8","featured-image-url":"https:\/\/websitedemos.net\/wp-content\/uploads\/2021\/05\/text-8.jpg","thumbnail-image-url":"https:\/\/websitedemos.net\/wp-content\/uploads\/2021\/05\/text-8-400x109.jpg","url":"https:\/\/websitedemos.net\/astra-blocks\/text-8e\/","tag":{"1947":"text"},"category":1946,"page-builder":"elementor","filter":"light","required-plugins":[]},"id-52455":{"title":"Text 7","featured-image-url":"https:\/\/websitedemos.net\/wp-content\/uploads\/2021\/05\/text-7.jpg","thumbnail-image-url":"https:\/\/websitedemos.net\/wp-content\/uploads\/2021\/05\/text-7-400x142.jpg","url":"https:\/\/websitedemos.net\/astra-blocks\/text-7e\/","tag":{"1947":"text"},"category":1946,"page-builder":"elementor","filter":"light","required-plugins":[]},"id-52454":{"title":"Text 6","featured-image-url":"https:\/\/websitedemos.net\/wp-content\/uploads\/2021\/05\/text-6.jpg","thumbnail-image-url":"https:\/\/websitedemos.net\/wp-content\/uploads\/2021\/05\/text-6-400x96.jpg","url":"https:\/\/websitedemos.net\/astra-blocks\/text-6e\/","tag":{"1947":"text"},"category":1946,"page-builder":"elementor","filter":"light","required-plugins":[]},"id-52453":{"title":"Text 5","featured-image-url":"https:\/\/websitedemos.net\/wp-content\/uploads\/2021\/05\/text-5.jpg","thumbnail-image-url":"https:\/\/websitedemos.net\/wp-content\/uploads\/2021\/05\/text-5-400x107.jpg","url":"https:\/\/websitedemos.net\/astra-blocks\/text-5e\/","tag":{"1947":"text"},"category":1946,"page-builder":"elementor","filter":"light","required-plugins":[]},"id-52452":{"title":"Text 4","featured-image-url":"https:\/\/websitedemos.net\/wp-content\/uploads\/2021\/05\/text-4.jpg","thumbnail-image-url":"https:\/\/websitedemos.net\/wp-content\/uploads\/2021\/05\/text-4-400x95.jpg","url":"https:\/\/websitedemos.net\/astra-blocks\/text-4e\/","tag":{"1947":"text"},"category":1946,"page-builder":"elementor","filter":"light","required-plugins":[]},"id-52451":{"title":"Text 3","featured-image-url":"https:\/\/websitedemos.net\/wp-content\/uploads\/2021\/05\/text-3.jpg","thumbnail-image-url":"https:\/\/websitedemos.net\/wp-content\/uploads\/2021\/05\/text-3-400x95.jpg","url":"https:\/\/websitedemos.net\/astra-blocks\/text-3e\/","tag":{"1947":"text"},"category":1946,"page-builder":"elementor","filter":"light","required-plugins":[]},"id-52450":{"title":"Text 2","featured-image-url":"https:\/\/websitedemos.net\/wp-content\/uploads\/2021\/05\/text-2.jpg","thumbnail-image-url":"https:\/\/websitedemos.net\/wp-content\/uploads\/2021\/05\/text-2-400x95.jpg","url":"https:\/\/websitedemos.net\/astra-blocks\/text-2e\/","tag":{"1947":"text"},"category":1946,"page-builder":"elementor","filter":"light","required-plugins":[]},"id-52449":{"title":"Text 1","featured-image-url":"https:\/\/websitedemos.net\/wp-content\/uploads\/2021\/05\/text-1.jpg","thumbnail-image-url":"https:\/\/websitedemos.net\/wp-content\/uploads\/2021\/05\/text-1-400x103.jpg","url":"https:\/\/websitedemos.net\/astra-blocks\/text-1e\/","tag":{"1947":"text"},"category":1946,"page-builder":"elementor","filter":"light","required-plugins":[]},"id-45025":{"title":"Single Quote 3B","featured-image-url":"https:\/\/websitedemos.net\/wp-content\/uploads\/2020\/03\/single-quote-3b.jpg","thumbnail-image-url":"https:\/\/websitedemos.net\/wp-content\/uploads\/2020\/03\/single-quote-3b-400x145.jpg","url":"https:\/\/websitedemos.net\/astra-blocks\/single-quote-3b\/","tag":{"1423":"single-quote"},"category":1424,"page-builder":"elementor","filter":"dark","required-plugins":[]},"id-45020":{"title":"Single Quote 3W","featured-image-url":"https:\/\/websitedemos.net\/wp-content\/uploads\/2020\/03\/single-quote-3w.jpg","thumbnail-image-url":"https:\/\/websitedemos.net\/wp-content\/uploads\/2020\/03\/single-quote-3w-400x145.jpg","url":"https:\/\/websitedemos.net\/astra-blocks\/single-quote-3w\/","tag":{"1423":"single-quote"},"category":1424,"page-builder":"elementor","filter":"light","required-plugins":[]},"id-44974":{"title":"Portfolio 6B","featured-image-url":"https:\/\/websitedemos.net\/wp-content\/uploads\/2020\/02\/portfolio-6b.jpg","thumbnail-image-url":"https:\/\/websitedemos.net\/wp-content\/uploads\/2020\/02\/portfolio-6b-400x379.jpg","url":"https:\/\/websitedemos.net\/astra-blocks\/portfolio-6b\/","tag":{"1426":"portfolio"},"category":1425,"page-builder":"elementor","filter":"dark","required-plugins":[]},"id-44634":{"title":"Portfolio 6W","featured-image-url":"https:\/\/websitedemos.net\/wp-content\/uploads\/2020\/02\/portfolio-6w.jpg","thumbnail-image-url":"https:\/\/websitedemos.net\/wp-content\/uploads\/2020\/02\/portfolio-6w-400x379.jpg","url":"https:\/\/websitedemos.net\/astra-blocks\/portfolio-6w\/","tag":{"1426":"portfolio"},"category":1425,"page-builder":"elementor","filter":"light","required-plugins":[]},"id-41764":{"title":"Hero 9B","featured-image-url":"https:\/\/websitedemos.net\/wp-content\/uploads\/2020\/01\/hero-9b.jpg","thumbnail-image-url":"https:\/\/websitedemos.net\/wp-content\/uploads\/2020\/01\/hero-9b-400x190.jpg","url":"https:\/\/websitedemos.net\/astra-blocks\/hero-9b\/","tag":{"817":"hero"},"category":831,"page-builder":"elementor","filter":"dark","required-plugins":[]},"id-38906":{"title":"Hero 9W","featured-image-url":"https:\/\/websitedemos.net\/wp-content\/uploads\/2020\/01\/hero-9w.jpg","thumbnail-image-url":"https:\/\/websitedemos.net\/wp-content\/uploads\/2020\/01\/hero-9w-400x190.jpg","url":"https:\/\/websitedemos.net\/astra-blocks\/hero-9w\/","tag":{"817":"hero"},"category":831,"page-builder":"elementor","filter":"light","required-plugins":[]},"id-42229":{"title":"Services 8B","featured-image-url":"https:\/\/websitedemos.net\/wp-content\/uploads\/2020\/01\/services-8b.jpg","thumbnail-image-url":"https:\/\/websitedemos.net\/wp-content\/uploads\/2020\/01\/services-8b-400x230.jpg","url":"https:\/\/websitedemos.net\/astra-blocks\/services-8b\/","tag":{"953":"services"},"category":952,"page-builder":"elementor","filter":"dark","required-plugins":[]},"id-41045":{"title":"Services 8W","featured-image-url":"https:\/\/websitedemos.net\/wp-content\/uploads\/2020\/01\/services-8w.jpg","thumbnail-image-url":"https:\/\/websitedemos.net\/wp-content\/uploads\/2020\/01\/services-8w-400x230.jpg","url":"https:\/\/websitedemos.net\/astra-blocks\/services-8w\/","tag":{"953":"services"},"category":952,"page-builder":"elementor","filter":"light","required-plugins":[]},"id-43000":{"title":"Services 11B","featured-image-url":"https:\/\/websitedemos.net\/wp-content\/uploads\/2020\/01\/services-11b.jpg","thumbnail-image-url":"https:\/\/websitedemos.net\/wp-content\/uploads\/2020\/01\/services-11b-400x456.jpg","url":"https:\/\/websitedemos.net\/astra-blocks\/services-11b\/","tag":{"953":"services"},"category":952,"page-builder":"elementor","filter":"dark","required-plugins":[]},"id-42974":{"title":"Services 11W","featured-image-url":"https:\/\/websitedemos.net\/wp-content\/uploads\/2020\/01\/services-11w.jpg","thumbnail-image-url":"https:\/\/websitedemos.net\/wp-content\/uploads\/2020\/01\/services-11w-400x456.jpg","url":"https:\/\/websitedemos.net\/astra-blocks\/services-11w\/","tag":{"953":"services"},"category":952,"page-builder":"elementor","filter":"light","required-plugins":[]}}