{"id-86371":{"title":"Massage Therapist","id":86371,"publish-date":1708435959,"featured-image-url":"https:\/\/websitedemos.net\/wp-content\/uploads\/2024\/02\/massage-therapist-07.jpg","thumbnail-image-url":"https:\/\/websitedemos.net\/wp-content\/uploads\/2024\/02\/massage-therapist-07-600x2319.jpg","fullpage-thumbnail-image-url":"https:\/\/websitedemos.net\/wp-content\/uploads\/2024\/02\/massage-therapist-07-400x1546.jpg","astra-site-url":"\/\/websitedemos.net\/massage-therapist-07","astra-site-parent-id":3493,"astra-sites-tag":{"532":"acupressure","528":"massage","527":"massage-therapist","529":"physiotherapy","1844":"premium","531":"reflexology","533":"relaxation","530":"spa"},"astra-sites-type":"agency-mini","astra-site-category":{"27":"business"},"astra-sites-template-category":{"2777":"business","2822":"massage-therapy","2856":"spa","2833":"therapy-psychologist"},"astra-site-page-builder":"gutenberg","categories":{"2479":"beauty"},"required-plugins":[{"slug":"ultimate-addons-for-gutenberg","init":"ultimate-addons-for-gutenberg\/ultimate-addons-for-gutenberg.php","name":"Spectra"}],"post-status":"publish","post-content":"","post-excerpt":"","pages":{"id-86372":{"title":"About","featured-image-url":"https:\/\/websitedemos.net\/wp-content\/uploads\/2024\/02\/massage-therapist-07-about-me.jpg","thumbnail-image-url":"https:\/\/websitedemos.net\/wp-content\/uploads\/2024\/02\/massage-therapist-07-about-me-600x1442.jpg","astra-page-api-url":"https:\/\/websitedemos.net\/massage-therapist-07\/wp-json\/wp\/v2\/pages\/447","dynamic-page":"no","astra-page-url":"\/\/websitedemos.net\/massage-therapist-07\/about\/","astra-sites-tag":{"352":"about"},"site-pages-type":"agency-mini","site-pages-page-builder":"gutenberg","site-pages-category":[],"site-pages-parent-category":{"60":"business"},"required-plugins":[{"slug":"ultimate-addons-for-gutenberg","init":"ultimate-addons-for-gutenberg\/ultimate-addons-for-gutenberg.php","name":"Spectra"}]},"id-86373":{"title":"Contact","featured-image-url":"https:\/\/websitedemos.net\/wp-content\/uploads\/2024\/02\/massage-therapist-07-contact.jpg","thumbnail-image-url":"https:\/\/websitedemos.net\/wp-content\/uploads\/2024\/02\/massage-therapist-07-contact-600x1000.jpg","astra-page-api-url":"https:\/\/websitedemos.net\/massage-therapist-07\/wp-json\/wp\/v2\/pages\/453","dynamic-page":"no","astra-page-url":"\/\/websitedemos.net\/massage-therapist-07\/contact\/","astra-sites-tag":{"415":"contact"},"site-pages-type":"agency-mini","site-pages-page-builder":"gutenberg","site-pages-category":[],"site-pages-parent-category":{"60":"business"},"required-plugins":[{"slug":"ultimate-addons-for-gutenberg","init":"ultimate-addons-for-gutenberg\/ultimate-addons-for-gutenberg.php","name":"Spectra"}]},"id-86376":{"title":"Testimonials","featured-image-url":"https:\/\/websitedemos.net\/wp-content\/uploads\/2024\/02\/massage-therapist-07-testimonials.jpg","thumbnail-image-url":"https:\/\/websitedemos.net\/wp-content\/uploads\/2024\/02\/massage-therapist-07-testimonials-600x972.jpg","astra-page-api-url":"https:\/\/websitedemos.net\/massage-therapist-07\/wp-json\/wp\/v2\/pages\/451","dynamic-page":"no","astra-page-url":"\/\/websitedemos.net\/massage-therapist-07\/testimonials\/","astra-sites-tag":{"433":"testimonials"},"site-pages-type":"agency-mini","site-pages-page-builder":"gutenberg","site-pages-category":[],"site-pages-parent-category":{"60":"business"},"required-plugins":[{"slug":"ultimate-addons-for-gutenberg","init":"ultimate-addons-for-gutenberg\/ultimate-addons-for-gutenberg.php","name":"Spectra"}]},"id-86374":{"title":"Home","featured-image-url":"https:\/\/websitedemos.net\/wp-content\/uploads\/2024\/02\/massage-therapist-07.jpg","thumbnail-image-url":"https:\/\/websitedemos.net\/wp-content\/uploads\/2024\/02\/massage-therapist-07-600x2319.jpg","astra-page-api-url":"https:\/\/websitedemos.net\/massage-therapist-07\/wp-json\/wp\/v2\/pages\/444","dynamic-page":"no","astra-page-url":"\/\/websitedemos.net\/massage-therapist-07\/","astra-sites-tag":{"423":"home"},"site-pages-type":"agency-mini","site-pages-page-builder":"gutenberg","site-pages-category":[],"site-pages-parent-category":{"60":"business"},"required-plugins":[{"slug":"ultimate-addons-for-gutenberg","init":"ultimate-addons-for-gutenberg\/ultimate-addons-for-gutenberg.php","name":"Spectra"}]},"id-86375":{"title":"Massages","featured-image-url":"https:\/\/websitedemos.net\/wp-content\/uploads\/2024\/02\/massage-therapist-07-massages.jpg","thumbnail-image-url":"https:\/\/websitedemos.net\/wp-content\/uploads\/2024\/02\/massage-therapist-07-massages-600x1910.jpg","astra-page-api-url":"https:\/\/websitedemos.net\/massage-therapist-07\/wp-json\/wp\/v2\/pages\/449","dynamic-page":"no","astra-page-url":"\/\/websitedemos.net\/massage-therapist-07\/massages\/","astra-sites-tag":{"528":"massage"},"site-pages-type":"agency-mini","site-pages-page-builder":"gutenberg","site-pages-category":[],"site-pages-parent-category":{"60":"business"},"required-plugins":[{"slug":"ultimate-addons-for-gutenberg","init":"ultimate-addons-for-gutenberg\/ultimate-addons-for-gutenberg.php","name":"Spectra"}]}},"related-bb-template":"","related-elementor-template":"","related-gutenberg-template":"","related_ecommerce_template":"","ecommerce_parent_template":""},"id-70987":{"title":"Webinar","id":70987,"publish-date":1671644202,"featured-image-url":"https:\/\/websitedemos.net\/wp-content\/uploads\/2022\/12\/webinar-08.jpg","thumbnail-image-url":"https:\/\/websitedemos.net\/wp-content\/uploads\/2022\/12\/webinar-08-600x2107.jpg","fullpage-thumbnail-image-url":"https:\/\/websitedemos.net\/wp-content\/uploads\/2022\/12\/webinar-08-400x1405.jpg","astra-site-url":"\/\/websitedemos.net\/webinar-08","astra-site-parent-id":3043,"astra-sites-tag":{"850":"landing-page","1892":"webinar","1894":"webinar-registration-page"},"astra-sites-type":"free","astra-site-category":{"27":"business","39":"free"},"astra-sites-template-category":{"2777":"business","2811":"conference","2784":"event","2863":"landing-page","2771":"one-page","2801":"video","2870":"vlog"},"astra-site-page-builder":"gutenberg","categories":{"2489":"event-invitation","2927":"one-page"},"required-plugins":[{"slug":"ultimate-addons-for-gutenberg","init":"ultimate-addons-for-gutenberg\/ultimate-addons-for-gutenberg.php","name":"Spectra"}],"post-status":"publish","post-content":"","post-excerpt":"","pages":{"id-70988":{"title":"Home","featured-image-url":"https:\/\/websitedemos.net\/wp-content\/uploads\/2022\/12\/webinar-08.jpg","thumbnail-image-url":"https:\/\/websitedemos.net\/wp-content\/uploads\/2022\/12\/webinar-08-600x2107.jpg","astra-page-api-url":"https:\/\/websitedemos.net\/webinar-08\/wp-json\/wp\/v2\/pages\/592","dynamic-page":"no","astra-page-url":"\/\/websitedemos.net\/webinar-08\/","astra-sites-tag":{"423":"home"},"site-pages-type":"free","site-pages-page-builder":"gutenberg","site-pages-category":[],"site-pages-parent-category":{"60":"business","61":"free"},"required-plugins":[{"slug":"ultimate-addons-for-gutenberg","init":"ultimate-addons-for-gutenberg\/ultimate-addons-for-gutenberg.php","name":"Spectra"}]}},"related-bb-template":"","related-elementor-template":"","related-gutenberg-template":"","related_ecommerce_template":"","ecommerce_parent_template":""},"id-86396":{"title":"Charity","id":86396,"publish-date":1708428660,"featured-image-url":"https:\/\/websitedemos.net\/wp-content\/uploads\/2024\/02\/charity-07.jpg","thumbnail-image-url":"https:\/\/websitedemos.net\/wp-content\/uploads\/2024\/02\/charity-07-600x2205.jpg","fullpage-thumbnail-image-url":"https:\/\/websitedemos.net\/wp-content\/uploads\/2024\/02\/charity-07-400x1470.jpg","astra-site-url":"\/\/websitedemos.net\/charity-07","astra-site-parent-id":3494,"astra-sites-tag":{"625":"charity","3416":"elementor","624":"foundation","626":"giving","977":"non-profit","745":"organization","1844":"premium"},"astra-sites-type":"agency-mini","astra-site-category":{"36":"other"},"astra-sites-template-category":{"2786":"charity-nonprofit","2872":"donation-fundraiser","2871":"ngo"},"astra-site-page-builder":"gutenberg","categories":{"2492":"non-profit"},"required-plugins":[{"slug":"ultimate-addons-for-gutenberg","init":"ultimate-addons-for-gutenberg\/ultimate-addons-for-gutenberg.php","name":"Spectra"}],"post-status":"publish","post-content":"","post-excerpt":"","pages":{"id-86398":{"title":"Creating Impact","featured-image-url":"https:\/\/websitedemos.net\/wp-content\/uploads\/2024\/02\/charity-07-creating-impact.jpg","thumbnail-image-url":"https:\/\/websitedemos.net\/wp-content\/uploads\/2024\/02\/charity-07-creating-impact-600x1921.jpg","astra-page-api-url":"https:\/\/websitedemos.net\/charity-07\/wp-json\/wp\/v2\/pages\/1214","dynamic-page":"no","astra-page-url":"\/\/websitedemos.net\/charity-07\/creating-impact\/","astra-sites-tag":{"3511":"creating-impact"},"site-pages-type":"agency-mini","site-pages-page-builder":"gutenberg","site-pages-category":[],"site-pages-parent-category":{"139":"other"},"required-plugins":[{"slug":"ultimate-addons-for-gutenberg","init":"ultimate-addons-for-gutenberg\/ultimate-addons-for-gutenberg.php","name":"Spectra"}]},"id-86399":{"title":"Home","featured-image-url":"https:\/\/websitedemos.net\/wp-content\/uploads\/2024\/02\/charity-07.jpg","thumbnail-image-url":"https:\/\/websitedemos.net\/wp-content\/uploads\/2024\/02\/charity-07-600x2205.jpg","astra-page-api-url":"https:\/\/websitedemos.net\/charity-07\/wp-json\/wp\/v2\/pages\/1212","dynamic-page":"no","astra-page-url":"\/\/websitedemos.net\/charity-07\/","astra-sites-tag":{"423":"home"},"site-pages-type":"agency-mini","site-pages-page-builder":"gutenberg","site-pages-category":[],"site-pages-parent-category":{"139":"other"},"required-plugins":[{"slug":"ultimate-addons-for-gutenberg","init":"ultimate-addons-for-gutenberg\/ultimate-addons-for-gutenberg.php","name":"Spectra"}]},"id-86400":{"title":"What We Do","featured-image-url":"https:\/\/websitedemos.net\/wp-content\/uploads\/2024\/02\/charity-07-what-we-do.jpg","thumbnail-image-url":"https:\/\/websitedemos.net\/wp-content\/uploads\/2024\/02\/charity-07-what-we-do-600x2087.jpg","astra-page-api-url":"https:\/\/websitedemos.net\/charity-07\/wp-json\/wp\/v2\/pages\/1213","dynamic-page":"no","astra-page-url":"\/\/websitedemos.net\/charity-07\/what-we-do\/","astra-sites-tag":{"628":"what-we-do"},"site-pages-type":"agency-mini","site-pages-page-builder":"gutenberg","site-pages-category":[],"site-pages-parent-category":{"139":"other"},"required-plugins":[{"slug":"ultimate-addons-for-gutenberg","init":"ultimate-addons-for-gutenberg\/ultimate-addons-for-gutenberg.php","name":"Spectra"}]},"id-86397":{"title":"Contact Us","featured-image-url":"https:\/\/websitedemos.net\/wp-content\/uploads\/2024\/02\/charity-07-contact.jpg","thumbnail-image-url":"https:\/\/websitedemos.net\/wp-content\/uploads\/2024\/02\/charity-07-contact-600x933.jpg","astra-page-api-url":"https:\/\/websitedemos.net\/charity-07\/wp-json\/wp\/v2\/pages\/1215","dynamic-page":"no","astra-page-url":"\/\/websitedemos.net\/charity-07\/contact-us\/","astra-sites-tag":{"415":"contact"},"site-pages-type":"agency-mini","site-pages-page-builder":"gutenberg","site-pages-category":[],"site-pages-parent-category":{"139":"other"},"required-plugins":[{"slug":"ultimate-addons-for-gutenberg","init":"ultimate-addons-for-gutenberg\/ultimate-addons-for-gutenberg.php","name":"Spectra"}]}},"related-bb-template":"","related-elementor-template":"","related-gutenberg-template":"","related_ecommerce_template":"","ecommerce_parent_template":""},"id-69906":{"title":"Creative Blog","id":69906,"publish-date":1669231742,"featured-image-url":"https:\/\/websitedemos.net\/wp-content\/uploads\/2022\/11\/creative-blog-08.jpg","thumbnail-image-url":"https:\/\/websitedemos.net\/wp-content\/uploads\/2022\/11\/creative-blog-08-600x1491.jpg","fullpage-thumbnail-image-url":"https:\/\/websitedemos.net\/wp-content\/uploads\/2022\/11\/creative-blog-08-400x994.jpg","astra-site-url":"\/\/websitedemos.net\/creative-blog-08","astra-site-parent-id":2997,"astra-sites-tag":{"2209":"advertising","1652":"blogger","729":"blogging","2408":"creative-blog","2410":"design-blog","2646":"digital-blog","2412":"film-blog","509":"photography","2270":"podcasts","2165":"style-influencer"},"astra-sites-type":"free","astra-site-category":{"37":"blog","39":"free"},"astra-sites-template-category":{"2828":"blog","2791":"creative","2774":"magazine"},"astra-site-page-builder":"gutenberg","categories":{"2497":"blog"},"required-plugins":[{"slug":"ultimate-addons-for-gutenberg","init":"ultimate-addons-for-gutenberg\/ultimate-addons-for-gutenberg.php","name":"Spectra"}],"post-status":"publish","post-content":"","post-excerpt":"","pages":{"id-69908":{"title":"Contact","featured-image-url":"https:\/\/websitedemos.net\/wp-content\/uploads\/2022\/11\/creative-blog-08-contact.jpg","thumbnail-image-url":"https:\/\/websitedemos.net\/wp-content\/uploads\/2022\/11\/creative-blog-08-contact-600x856.jpg","astra-page-api-url":"https:\/\/websitedemos.net\/creative-blog-08\/wp-json\/wp\/v2\/pages\/1582","dynamic-page":"no","astra-page-url":"\/\/websitedemos.net\/creative-blog-08\/contact\/","astra-sites-tag":{"415":"contact"},"site-pages-type":"free","site-pages-page-builder":"gutenberg","site-pages-category":[],"site-pages-parent-category":{"74":"blog","61":"free"},"required-plugins":[{"slug":"ultimate-addons-for-gutenberg","init":"ultimate-addons-for-gutenberg\/ultimate-addons-for-gutenberg.php","name":"Spectra"}]},"id-69909":{"title":"Home","featured-image-url":"https:\/\/websitedemos.net\/wp-content\/uploads\/2022\/11\/creative-blog-08.jpg","thumbnail-image-url":"https:\/\/websitedemos.net\/wp-content\/uploads\/2022\/11\/creative-blog-08-600x1491.jpg","astra-page-api-url":"https:\/\/websitedemos.net\/creative-blog-08\/wp-json\/wp\/v2\/pages\/776","dynamic-page":"no","astra-page-url":"\/\/websitedemos.net\/creative-blog-08\/","astra-sites-tag":{"423":"home"},"site-pages-type":"free","site-pages-page-builder":"gutenberg","site-pages-category":[],"site-pages-parent-category":{"74":"blog","61":"free"},"required-plugins":[{"slug":"ultimate-addons-for-gutenberg","init":"ultimate-addons-for-gutenberg\/ultimate-addons-for-gutenberg.php","name":"Spectra"}]},"id-69910":{"title":"Podcasts","featured-image-url":"https:\/\/websitedemos.net\/wp-content\/uploads\/2022\/11\/creative-blog-08-podcast.jpg","thumbnail-image-url":"https:\/\/websitedemos.net\/wp-content\/uploads\/2022\/11\/creative-blog-08-podcast-600x896.jpg","astra-page-api-url":"https:\/\/websitedemos.net\/creative-blog-08\/wp-json\/wp\/v2\/pages\/1584","dynamic-page":"no","astra-page-url":"\/\/websitedemos.net\/creative-blog-08\/podcasts\/","astra-sites-tag":{"2270":"podcasts"},"site-pages-type":"free","site-pages-page-builder":"gutenberg","site-pages-category":[],"site-pages-parent-category":{"74":"blog","61":"free"},"required-plugins":[{"slug":"ultimate-addons-for-gutenberg","init":"ultimate-addons-for-gutenberg\/ultimate-addons-for-gutenberg.php","name":"Spectra"}]},"id-69907":{"title":"About","featured-image-url":"https:\/\/websitedemos.net\/wp-content\/uploads\/2022\/11\/creative-blog-08-about.jpg","thumbnail-image-url":"https:\/\/websitedemos.net\/wp-content\/uploads\/2022\/11\/creative-blog-08-about-600x1282.jpg","astra-page-api-url":"https:\/\/websitedemos.net\/creative-blog-08\/wp-json\/wp\/v2\/pages\/1578","dynamic-page":"no","astra-page-url":"\/\/websitedemos.net\/creative-blog-08\/about\/","astra-sites-tag":{"352":"about"},"site-pages-type":"free","site-pages-page-builder":"gutenberg","site-pages-category":[],"site-pages-parent-category":{"74":"blog","61":"free"},"required-plugins":[{"slug":"ultimate-addons-for-gutenberg","init":"ultimate-addons-for-gutenberg\/ultimate-addons-for-gutenberg.php","name":"Spectra"}]}},"related-bb-template":"","related-elementor-template":"","related-gutenberg-template":"","related_ecommerce_template":"","ecommerce_parent_template":""},"id-86310":{"title":"Cleaning Services","id":86310,"publish-date":1708367276,"featured-image-url":"https:\/\/websitedemos.net\/wp-content\/uploads\/2024\/02\/cleaning-services-07.jpg","thumbnail-image-url":"https:\/\/websitedemos.net\/wp-content\/uploads\/2024\/02\/cleaning-services-07-600x2429.jpg","fullpage-thumbnail-image-url":"https:\/\/websitedemos.net\/wp-content\/uploads\/2024\/02\/cleaning-services-07-400x1619.jpg","astra-site-url":"\/\/websitedemos.net\/cleaning-services-07","astra-site-parent-id":3487,"astra-sites-tag":{"680":"cleaning","679":"cleaning-services","673":"commercial-cleaning","674":"domestic-cleaning","1407":"house-keeping","676":"maintenance","1022":"professional","677":"washing"},"astra-sites-type":"agency-mini","astra-site-category":{"27":"business"},"astra-sites-template-category":{"2777":"business","2819":"cleaning","2831":"service"},"astra-site-page-builder":"gutenberg","categories":{"3430":"dark","2477":"home-services"},"required-plugins":[{"slug":"astra-addon","init":"astra-addon\/astra-addon.php","name":"Astra Pro"},{"slug":"ultimate-addons-for-gutenberg","init":"ultimate-addons-for-gutenberg\/ultimate-addons-for-gutenberg.php","name":"Spectra"}],"post-status":"publish","post-content":"","post-excerpt":"","pages":{"id-86314":{"title":"Reviews","featured-image-url":"https:\/\/websitedemos.net\/wp-content\/uploads\/2024\/02\/cleaning-services-07-reviews.jpg","thumbnail-image-url":"https:\/\/websitedemos.net\/wp-content\/uploads\/2024\/02\/cleaning-services-07-reviews-600x917.jpg","astra-page-api-url":"https:\/\/websitedemos.net\/cleaning-services-07\/wp-json\/wp\/v2\/pages\/19","dynamic-page":"no","astra-page-url":"\/\/websitedemos.net\/cleaning-services-07\/reviews\/","astra-sites-tag":{"1615":"reviews"},"site-pages-type":"agency-mini","site-pages-page-builder":"gutenberg","site-pages-category":[],"site-pages-parent-category":{"60":"business"},"required-plugins":[{"slug":"astra-addon","init":"astra-addon\/astra-addon.php","name":"Astra Pro"},{"slug":"ultimate-addons-for-gutenberg","init":"ultimate-addons-for-gutenberg\/ultimate-addons-for-gutenberg.php","name":"Spectra"}]},"id-86315":{"title":"Services","featured-image-url":"https:\/\/websitedemos.net\/wp-content\/uploads\/2024\/02\/cleaning-services-07-services.jpg","thumbnail-image-url":"https:\/\/websitedemos.net\/wp-content\/uploads\/2024\/02\/cleaning-services-07-services-600x1953.jpg","astra-page-api-url":"https:\/\/websitedemos.net\/cleaning-services-07\/wp-json\/wp\/v2\/pages\/12","dynamic-page":"no","astra-page-url":"\/\/websitedemos.net\/cleaning-services-07\/services\/","astra-sites-tag":{"425":"services"},"site-pages-type":"agency-mini","site-pages-page-builder":"gutenberg","site-pages-category":[],"site-pages-parent-category":{"60":"business"},"required-plugins":[{"slug":"astra-addon","init":"astra-addon\/astra-addon.php","name":"Astra Pro"},{"slug":"ultimate-addons-for-gutenberg","init":"ultimate-addons-for-gutenberg\/ultimate-addons-for-gutenberg.php","name":"Spectra"}]},"id-86316":{"title":"Why choose us","featured-image-url":"https:\/\/websitedemos.net\/wp-content\/uploads\/2024\/02\/cleaning-services-07-why-choose-us.jpg","thumbnail-image-url":"https:\/\/websitedemos.net\/wp-content\/uploads\/2024\/02\/cleaning-services-07-why-choose-us-600x1410.jpg","astra-page-api-url":"https:\/\/websitedemos.net\/cleaning-services-07\/wp-json\/wp\/v2\/pages\/14","dynamic-page":"no","astra-page-url":"\/\/websitedemos.net\/cleaning-services-07\/why-choose-us\/","astra-sites-tag":{"760":"why-choose-us"},"site-pages-type":"agency-mini","site-pages-page-builder":"gutenberg","site-pages-category":[],"site-pages-parent-category":{"60":"business"},"required-plugins":[{"slug":"astra-addon","init":"astra-addon\/astra-addon.php","name":"Astra Pro"},{"slug":"ultimate-addons-for-gutenberg","init":"ultimate-addons-for-gutenberg\/ultimate-addons-for-gutenberg.php","name":"Spectra"}]},"id-86311":{"title":"About","featured-image-url":"https:\/\/websitedemos.net\/wp-content\/uploads\/2024\/02\/cleaning-services-07-about.jpg","thumbnail-image-url":"https:\/\/websitedemos.net\/wp-content\/uploads\/2024\/02\/cleaning-services-07-about-600x1097.jpg","astra-page-api-url":"https:\/\/websitedemos.net\/cleaning-services-07\/wp-json\/wp\/v2\/pages\/7","dynamic-page":"no","astra-page-url":"\/\/websitedemos.net\/cleaning-services-07\/about\/","astra-sites-tag":{"352":"about"},"site-pages-type":"agency-mini","site-pages-page-builder":"gutenberg","site-pages-category":[],"site-pages-parent-category":{"60":"business"},"required-plugins":[{"slug":"astra-addon","init":"astra-addon\/astra-addon.php","name":"Astra Pro"},{"slug":"ultimate-addons-for-gutenberg","init":"ultimate-addons-for-gutenberg\/ultimate-addons-for-gutenberg.php","name":"Spectra"}]},"id-86312":{"title":"Contact","featured-image-url":"https:\/\/websitedemos.net\/wp-content\/uploads\/2024\/02\/cleaning-services-07-contact.jpg","thumbnail-image-url":"https:\/\/websitedemos.net\/wp-content\/uploads\/2024\/02\/cleaning-services-07-contact-600x1050.jpg","astra-page-api-url":"https:\/\/websitedemos.net\/cleaning-services-07\/wp-json\/wp\/v2\/pages\/21","dynamic-page":"no","astra-page-url":"\/\/websitedemos.net\/cleaning-services-07\/contact\/","astra-sites-tag":{"415":"contact"},"site-pages-type":"agency-mini","site-pages-page-builder":"gutenberg","site-pages-category":[],"site-pages-parent-category":{"60":"business"},"required-plugins":[{"slug":"astra-addon","init":"astra-addon\/astra-addon.php","name":"Astra Pro"},{"slug":"ultimate-addons-for-gutenberg","init":"ultimate-addons-for-gutenberg\/ultimate-addons-for-gutenberg.php","name":"Spectra"}]},"id-86313":{"title":"Home","featured-image-url":"https:\/\/websitedemos.net\/wp-content\/uploads\/2024\/02\/cleaning-services-07.jpg","thumbnail-image-url":"https:\/\/websitedemos.net\/wp-content\/uploads\/2024\/02\/cleaning-services-07-600x2429.jpg","astra-page-api-url":"https:\/\/websitedemos.net\/cleaning-services-07\/wp-json\/wp\/v2\/pages\/16","dynamic-page":"no","astra-page-url":"\/\/websitedemos.net\/cleaning-services-07\/","astra-sites-tag":{"423":"home"},"site-pages-type":"agency-mini","site-pages-page-builder":"gutenberg","site-pages-category":[],"site-pages-parent-category":{"60":"business"},"required-plugins":[{"slug":"astra-addon","init":"astra-addon\/astra-addon.php","name":"Astra Pro"},{"slug":"ultimate-addons-for-gutenberg","init":"ultimate-addons-for-gutenberg\/ultimate-addons-for-gutenberg.php","name":"Spectra"}]}},"related-bb-template":"","related-elementor-template":"","related-gutenberg-template":"","related_ecommerce_template":"","ecommerce_parent_template":""},"id-70969":{"title":"Locksmith","id":70969,"publish-date":1671619748,"featured-image-url":"https:\/\/websitedemos.net\/wp-content\/uploads\/2022\/12\/locksmith-08.jpg","thumbnail-image-url":"https:\/\/websitedemos.net\/wp-content\/uploads\/2022\/12\/locksmith-08-600x3725.jpg","fullpage-thumbnail-image-url":"https:\/\/websitedemos.net\/wp-content\/uploads\/2022\/12\/locksmith-08-400x2483.jpg","astra-site-url":"\/\/websitedemos.net\/locksmith-08","astra-site-parent-id":3033,"astra-sites-tag":{"3042":"keycutting","3035":"keys","3040":"lock","3034":"locks","2430":"locksmith","3039":"locksmithing","3036":"locksmithservice","3038":"locksmithservices","3041":"lostkey","3037":"security"},"astra-sites-type":"free","astra-site-category":{"27":"business","39":"free"},"astra-sites-template-category":{"2777":"business","2863":"landing-page"},"astra-site-page-builder":"gutenberg","categories":{"2483":"expert-services","2471":"local-technician","2927":"one-page"},"required-plugins":[{"slug":"ultimate-addons-for-gutenberg","init":"ultimate-addons-for-gutenberg\/ultimate-addons-for-gutenberg.php","name":"Spectra"}],"post-status":"publish","post-content":"","post-excerpt":"","pages":{"id-70970":{"title":"Home","featured-image-url":"https:\/\/websitedemos.net\/wp-content\/uploads\/2022\/12\/locksmith-08.jpg","thumbnail-image-url":"https:\/\/websitedemos.net\/wp-content\/uploads\/2022\/12\/locksmith-08-600x3725.jpg","astra-page-api-url":"https:\/\/websitedemos.net\/locksmith-08\/wp-json\/wp\/v2\/pages\/10","dynamic-page":"no","astra-page-url":"\/\/websitedemos.net\/locksmith-08\/","astra-sites-tag":{"423":"home"},"site-pages-type":"free","site-pages-page-builder":"gutenberg","site-pages-category":[],"site-pages-parent-category":{"60":"business","61":"free"},"required-plugins":[{"slug":"ultimate-addons-for-gutenberg","init":"ultimate-addons-for-gutenberg\/ultimate-addons-for-gutenberg.php","name":"Spectra"},{"slug":"wpforms-lite","init":"wpforms-lite\/wpforms.php","name":"WPForms Lite"}]},"id-70972":{"title":"Home","featured-image-url":"","thumbnail-image-url":"","astra-page-api-url":"https:\/\/websitedemos.net\/locksmith-08\/wp-json\/wp\/v2\/pages\/10","dynamic-page":"no","astra-page-url":"\/\/websitedemos.net\/locksmith-08\/","astra-sites-tag":[],"site-pages-type":"free","site-pages-page-builder":"gutenberg","site-pages-category":[],"site-pages-parent-category":{"60":"business","61":"free"},"required-plugins":[{"slug":"ultimate-addons-for-gutenberg","init":"ultimate-addons-for-gutenberg\/ultimate-addons-for-gutenberg.php","name":"Spectra"}]}},"related-bb-template":"","related-elementor-template":"","related-gutenberg-template":"","related_ecommerce_template":"","ecommerce_parent_template":""},"id-86347":{"title":"Pet Care","id":86347,"publish-date":1708359854,"featured-image-url":"https:\/\/websitedemos.net\/wp-content\/uploads\/2024\/02\/pet-care-07.jpg","thumbnail-image-url":"https:\/\/websitedemos.net\/wp-content\/uploads\/2024\/02\/pet-care-07-600x2846.jpg","fullpage-thumbnail-image-url":"https:\/\/websitedemos.net\/wp-content\/uploads\/2024\/02\/pet-care-07-400x1897.jpg","astra-site-url":"\/\/websitedemos.net\/pet-care-07","astra-site-parent-id":3492,"astra-sites-tag":{"3416":"elementor","1021":"local-business","374":"pet-care","372":"pet-minding","371":"pet-sitting","373":"pet-training","1844":"premium"},"astra-sites-type":"agency-mini","astra-site-category":{"27":"business"},"astra-sites-template-category":{"2777":"business","2809":"pet-animal","2831":"service"},"astra-site-page-builder":"gutenberg","categories":{"2472":"pets"},"required-plugins":[{"slug":"ultimate-addons-for-gutenberg","init":"ultimate-addons-for-gutenberg\/ultimate-addons-for-gutenberg.php","name":"Spectra"}],"post-status":"publish","post-content":"","post-excerpt":"","pages":{"id-86349":{"title":"Contact","featured-image-url":"https:\/\/websitedemos.net\/wp-content\/uploads\/2024\/02\/pet-care-07-contact.jpg","thumbnail-image-url":"https:\/\/websitedemos.net\/wp-content\/uploads\/2024\/02\/pet-care-07-contact-600x1456.jpg","astra-page-api-url":"https:\/\/websitedemos.net\/pet-care-07\/wp-json\/wp\/v2\/pages\/1350","dynamic-page":"no","astra-page-url":"\/\/websitedemos.net\/pet-care-07\/contact\/","astra-sites-tag":[],"site-pages-type":"agency-mini","site-pages-page-builder":"gutenberg","site-pages-category":[],"site-pages-parent-category":{"60":"business"},"required-plugins":[{"slug":"ultimate-addons-for-gutenberg","init":"ultimate-addons-for-gutenberg\/ultimate-addons-for-gutenberg.php","name":"Spectra"}]},"id-86350":{"title":"Home","featured-image-url":"https:\/\/websitedemos.net\/wp-content\/uploads\/2024\/02\/pet-care-07.jpg","thumbnail-image-url":"https:\/\/websitedemos.net\/wp-content\/uploads\/2024\/02\/pet-care-07-600x2846.jpg","astra-page-api-url":"https:\/\/websitedemos.net\/pet-care-07\/wp-json\/wp\/v2\/pages\/1345","dynamic-page":"no","astra-page-url":"\/\/websitedemos.net\/pet-care-07\/","astra-sites-tag":{"423":"home"},"site-pages-type":"agency-mini","site-pages-page-builder":"gutenberg","site-pages-category":[],"site-pages-parent-category":{"60":"business"},"required-plugins":[{"slug":"ultimate-addons-for-gutenberg","init":"ultimate-addons-for-gutenberg\/ultimate-addons-for-gutenberg.php","name":"Spectra"}]},"id-86351":{"title":"Reviews","featured-image-url":"https:\/\/websitedemos.net\/wp-content\/uploads\/2024\/02\/pet-care-07-reviews.jpg","thumbnail-image-url":"https:\/\/websitedemos.net\/wp-content\/uploads\/2024\/02\/pet-care-07-reviews-600x1421.jpg","astra-page-api-url":"https:\/\/websitedemos.net\/pet-care-07\/wp-json\/wp\/v2\/pages\/1349","dynamic-page":"no","astra-page-url":"\/\/websitedemos.net\/pet-care-07\/reviews\/","astra-sites-tag":{"1615":"reviews"},"site-pages-type":"agency-mini","site-pages-page-builder":"gutenberg","site-pages-category":[],"site-pages-parent-category":{"60":"business"},"required-plugins":[{"slug":"ultimate-addons-for-gutenberg","init":"ultimate-addons-for-gutenberg\/ultimate-addons-for-gutenberg.php","name":"Spectra"}]},"id-86352":{"title":"Services","featured-image-url":"https:\/\/websitedemos.net\/wp-content\/uploads\/2024\/02\/pet-care-07-services.jpg","thumbnail-image-url":"https:\/\/websitedemos.net\/wp-content\/uploads\/2024\/02\/pet-care-07-services-600x1580.jpg","astra-page-api-url":"https:\/\/websitedemos.net\/pet-care-07\/wp-json\/wp\/v2\/pages\/1348","dynamic-page":"no","astra-page-url":"\/\/websitedemos.net\/pet-care-07\/services\/","astra-sites-tag":{"425":"services"},"site-pages-type":"agency-mini","site-pages-page-builder":"gutenberg","site-pages-category":[],"site-pages-parent-category":{"60":"business"},"required-plugins":[{"slug":"ultimate-addons-for-gutenberg","init":"ultimate-addons-for-gutenberg\/ultimate-addons-for-gutenberg.php","name":"Spectra"}]},"id-86348":{"title":"About","featured-image-url":"https:\/\/websitedemos.net\/wp-content\/uploads\/2024\/02\/pet-care-07-about.jpg","thumbnail-image-url":"https:\/\/websitedemos.net\/wp-content\/uploads\/2024\/02\/pet-care-07-about-600x2262.jpg","astra-page-api-url":"https:\/\/websitedemos.net\/pet-care-07\/wp-json\/wp\/v2\/pages\/1347","dynamic-page":"no","astra-page-url":"\/\/websitedemos.net\/pet-care-07\/about\/","astra-sites-tag":{"352":"about"},"site-pages-type":"agency-mini","site-pages-page-builder":"gutenberg","site-pages-category":[],"site-pages-parent-category":{"60":"business"},"required-plugins":[{"slug":"ultimate-addons-for-gutenberg","init":"ultimate-addons-for-gutenberg\/ultimate-addons-for-gutenberg.php","name":"Spectra"}]}},"related-bb-template":"","related-elementor-template":"","related-gutenberg-template":"","related_ecommerce_template":"","ecommerce_parent_template":""},"id-69941":{"title":"Real Estate","id":69941,"publish-date":1669231573,"featured-image-url":"https:\/\/websitedemos.net\/wp-content\/uploads\/2022\/11\/real-estate-08.jpg","thumbnail-image-url":"https:\/\/websitedemos.net\/wp-content\/uploads\/2022\/11\/real-estate-08-600x2718.jpg","fullpage-thumbnail-image-url":"https:\/\/websitedemos.net\/wp-content\/uploads\/2022\/11\/real-estate-08-400x1812.jpg","astra-site-url":"\/\/websitedemos.net\/real-estate-08","astra-site-parent-id":2999,"astra-sites-tag":{"979":"company","550":"estate-broking","547":"listing","812":"office","549":"property","485":"real-estate","548":"renting-property"},"astra-sites-type":"free","astra-site-category":{"27":"business","36":"other"},"astra-sites-template-category":{"2777":"business","2832":"property","2778":"real-estate"},"astra-site-page-builder":"gutenberg","categories":{"2484":"real-estate"},"required-plugins":[{"slug":"ultimate-addons-for-gutenberg","init":"ultimate-addons-for-gutenberg\/ultimate-addons-for-gutenberg.php","name":"Spectra"}],"post-status":"publish","post-content":"","post-excerpt":"","pages":{"id-69944":{"title":"Contact","featured-image-url":"https:\/\/websitedemos.net\/wp-content\/uploads\/2022\/11\/real-estate-08-contact.jpg","thumbnail-image-url":"https:\/\/websitedemos.net\/wp-content\/uploads\/2022\/11\/real-estate-08-contact-600x872.jpg","astra-page-api-url":"https:\/\/websitedemos.net\/real-estate-08\/wp-json\/wp\/v2\/pages\/12","dynamic-page":"no","astra-page-url":"\/\/websitedemos.net\/real-estate-08\/contact\/","astra-sites-tag":{"415":"contact"},"site-pages-type":"free","site-pages-page-builder":"gutenberg","site-pages-category":[],"site-pages-parent-category":{"60":"business","139":"other"},"required-plugins":[{"slug":"ultimate-addons-for-gutenberg","init":"ultimate-addons-for-gutenberg\/ultimate-addons-for-gutenberg.php","name":"Spectra"}]},"id-69945":{"title":"FAQ","featured-image-url":"https:\/\/websitedemos.net\/wp-content\/uploads\/2022\/11\/real-estate-08-faq.jpg","thumbnail-image-url":"https:\/\/websitedemos.net\/wp-content\/uploads\/2022\/11\/real-estate-08-faq-600x1091.jpg","astra-page-api-url":"https:\/\/websitedemos.net\/real-estate-08\/wp-json\/wp\/v2\/pages\/14","dynamic-page":"no","astra-page-url":"\/\/websitedemos.net\/real-estate-08\/faq\/","astra-sites-tag":{"426":"faq"},"site-pages-type":"free","site-pages-page-builder":"gutenberg","site-pages-category":[],"site-pages-parent-category":{"60":"business","139":"other"},"required-plugins":[{"slug":"ultimate-addons-for-gutenberg","init":"ultimate-addons-for-gutenberg\/ultimate-addons-for-gutenberg.php","name":"Spectra"}]},"id-69946":{"title":"Home","featured-image-url":"https:\/\/websitedemos.net\/wp-content\/uploads\/2022\/11\/real-estate-08.jpg","thumbnail-image-url":"https:\/\/websitedemos.net\/wp-content\/uploads\/2022\/11\/real-estate-08-600x2718.jpg","astra-page-api-url":"https:\/\/websitedemos.net\/real-estate-08\/wp-json\/wp\/v2\/pages\/5","dynamic-page":"no","astra-page-url":"\/\/websitedemos.net\/real-estate-08\/","astra-sites-tag":{"423":"home"},"site-pages-type":"free","site-pages-page-builder":"gutenberg","site-pages-category":[],"site-pages-parent-category":{"60":"business","139":"other"},"required-plugins":[{"slug":"ultimate-addons-for-gutenberg","init":"ultimate-addons-for-gutenberg\/ultimate-addons-for-gutenberg.php","name":"Spectra"}]},"id-69942":{"title":"About Us","featured-image-url":"https:\/\/websitedemos.net\/wp-content\/uploads\/2022\/11\/real-estate-08-about.jpg","thumbnail-image-url":"https:\/\/websitedemos.net\/wp-content\/uploads\/2022\/11\/real-estate-08-about-600x1278.jpg","astra-page-api-url":"https:\/\/websitedemos.net\/real-estate-08\/wp-json\/wp\/v2\/pages\/8","dynamic-page":"no","astra-page-url":"\/\/websitedemos.net\/real-estate-08\/about-us\/","astra-sites-tag":{"352":"about"},"site-pages-type":"free","site-pages-page-builder":"gutenberg","site-pages-category":[],"site-pages-parent-category":{"60":"business","139":"other"},"required-plugins":[{"slug":"ultimate-addons-for-gutenberg","init":"ultimate-addons-for-gutenberg\/ultimate-addons-for-gutenberg.php","name":"Spectra"}]},"id-69943":{"title":"Agents","featured-image-url":"https:\/\/websitedemos.net\/wp-content\/uploads\/2022\/11\/real-estate-08-agents.jpg","thumbnail-image-url":"https:\/\/websitedemos.net\/wp-content\/uploads\/2022\/11\/real-estate-08-agents-600x1596.jpg","astra-page-api-url":"https:\/\/websitedemos.net\/real-estate-08\/wp-json\/wp\/v2\/pages\/10","dynamic-page":"no","astra-page-url":"\/\/websitedemos.net\/real-estate-08\/agents\/","astra-sites-tag":{"552":"agents"},"site-pages-type":"free","site-pages-page-builder":"gutenberg","site-pages-category":[],"site-pages-parent-category":{"60":"business","139":"other"},"required-plugins":[{"slug":"ultimate-addons-for-gutenberg","init":"ultimate-addons-for-gutenberg\/ultimate-addons-for-gutenberg.php","name":"Spectra"}]},"id-69947":{"title":"Properties","featured-image-url":"https:\/\/websitedemos.net\/wp-content\/uploads\/2022\/11\/real-estate-08-properties.jpg","thumbnail-image-url":"https:\/\/websitedemos.net\/wp-content\/uploads\/2022\/11\/real-estate-08-properties-600x2630.jpg","astra-page-api-url":"https:\/\/websitedemos.net\/real-estate-08\/wp-json\/wp\/v2\/pages\/16","dynamic-page":"no","astra-page-url":"\/\/websitedemos.net\/real-estate-08\/properties\/","astra-sites-tag":{"553":"properties"},"site-pages-type":"free","site-pages-page-builder":"gutenberg","site-pages-category":[],"site-pages-parent-category":{"60":"business","139":"other"},"required-plugins":[{"slug":"ultimate-addons-for-gutenberg","init":"ultimate-addons-for-gutenberg\/ultimate-addons-for-gutenberg.php","name":"Spectra"}]}},"related-bb-template":"","related-elementor-template":"","related-gutenberg-template":"","related_ecommerce_template":"","ecommerce_parent_template":""},"id-86202":{"title":"Manufacturing","id":86202,"publish-date":1708347303,"featured-image-url":"https:\/\/websitedemos.net\/wp-content\/uploads\/2024\/02\/manufacturing-07.jpg","thumbnail-image-url":"https:\/\/websitedemos.net\/wp-content\/uploads\/2024\/02\/manufacturing-07-600x1669.jpg","fullpage-thumbnail-image-url":"https:\/\/websitedemos.net\/wp-content\/uploads\/2024\/02\/manufacturing-07-400x1112.jpg","astra-site-url":"\/\/websitedemos.net\/manufacturing-07","astra-site-parent-id":3478,"astra-sites-tag":{"488":"casting","985":"factory","492":"industry","490":"manufacturing","491":"metal-production","489":"production"},"astra-sites-type":"agency-mini","astra-site-category":{"27":"business"},"astra-sites-template-category":{"2777":"business","2807":"industrial"},"astra-site-page-builder":"gutenberg","categories":{"2474":"manufacturing"},"required-plugins":[{"slug":"astra-addon","init":"astra-addon\/astra-addon.php","name":"Astra Pro"},{"slug":"ultimate-addons-for-gutenberg","init":"ultimate-addons-for-gutenberg\/ultimate-addons-for-gutenberg.php","name":"Spectra"}],"post-status":"publish","post-content":"","post-excerpt":"","pages":{"id-86205":{"title":"Home","featured-image-url":"https:\/\/websitedemos.net\/wp-content\/uploads\/2024\/02\/manufacturing-07.jpg","thumbnail-image-url":"https:\/\/websitedemos.net\/wp-content\/uploads\/2024\/02\/manufacturing-07-600x1669.jpg","astra-page-api-url":"https:\/\/websitedemos.net\/manufacturing-07\/wp-json\/wp\/v2\/pages\/476","dynamic-page":"no","astra-page-url":"\/\/websitedemos.net\/manufacturing-07\/","astra-sites-tag":{"423":"home"},"site-pages-type":"agency-mini","site-pages-page-builder":"gutenberg","site-pages-category":[],"site-pages-parent-category":{"60":"business"},"required-plugins":[{"slug":"astra-addon","init":"astra-addon\/astra-addon.php","name":"Astra Pro"},{"slug":"ultimate-addons-for-gutenberg","init":"ultimate-addons-for-gutenberg\/ultimate-addons-for-gutenberg.php","name":"Spectra"}]},"id-86206":{"title":"Industries","featured-image-url":"https:\/\/websitedemos.net\/wp-content\/uploads\/2024\/02\/manufacturing-07-industries.jpg","thumbnail-image-url":"https:\/\/websitedemos.net\/wp-content\/uploads\/2024\/02\/manufacturing-07-industries-600x1211.jpg","astra-page-api-url":"https:\/\/websitedemos.net\/manufacturing-07\/wp-json\/wp\/v2\/pages\/478","dynamic-page":"no","astra-page-url":"\/\/websitedemos.net\/manufacturing-07\/industries\/","astra-sites-tag":{"493":"industries"},"site-pages-type":"agency-mini","site-pages-page-builder":"gutenberg","site-pages-category":[],"site-pages-parent-category":{"60":"business"},"required-plugins":[{"slug":"astra-addon","init":"astra-addon\/astra-addon.php","name":"Astra Pro"},{"slug":"ultimate-addons-for-gutenberg","init":"ultimate-addons-for-gutenberg\/ultimate-addons-for-gutenberg.php","name":"Spectra"}]},"id-86207":{"title":"Partners","featured-image-url":"https:\/\/websitedemos.net\/wp-content\/uploads\/2024\/02\/manufacturing-07-partners.jpg","thumbnail-image-url":"https:\/\/websitedemos.net\/wp-content\/uploads\/2024\/02\/manufacturing-07-partners-600x1144.jpg","astra-page-api-url":"https:\/\/websitedemos.net\/manufacturing-07\/wp-json\/wp\/v2\/pages\/479","dynamic-page":"no","astra-page-url":"\/\/websitedemos.net\/manufacturing-07\/partners\/","astra-sites-tag":{"734":"partners"},"site-pages-type":"agency-mini","site-pages-page-builder":"gutenberg","site-pages-category":[],"site-pages-parent-category":{"60":"business"},"required-plugins":[{"slug":"astra-addon","init":"astra-addon\/astra-addon.php","name":"Astra Pro"},{"slug":"ultimate-addons-for-gutenberg","init":"ultimate-addons-for-gutenberg\/ultimate-addons-for-gutenberg.php","name":"Spectra"}]},"id-86208":{"title":"Solutions","featured-image-url":"https:\/\/websitedemos.net\/wp-content\/uploads\/2024\/02\/manufacturing-07-solution.jpg","thumbnail-image-url":"https:\/\/websitedemos.net\/wp-content\/uploads\/2024\/02\/manufacturing-07-solution-600x1096.jpg","astra-page-api-url":"https:\/\/websitedemos.net\/manufacturing-07\/wp-json\/wp\/v2\/pages\/477","dynamic-page":"no","astra-page-url":"\/\/websitedemos.net\/manufacturing-07\/solutions\/","astra-sites-tag":{"498":"solutions"},"site-pages-type":"agency-mini","site-pages-page-builder":"gutenberg","site-pages-category":[],"site-pages-parent-category":{"60":"business"},"required-plugins":[{"slug":"astra-addon","init":"astra-addon\/astra-addon.php","name":"Astra Pro"},{"slug":"ultimate-addons-for-gutenberg","init":"ultimate-addons-for-gutenberg\/ultimate-addons-for-gutenberg.php","name":"Spectra"}]},"id-86204":{"title":"Contact Us","featured-image-url":"https:\/\/websitedemos.net\/wp-content\/uploads\/2024\/02\/manufacturing-07-contact-us.jpg","thumbnail-image-url":"https:\/\/websitedemos.net\/wp-content\/uploads\/2024\/02\/manufacturing-07-contact-us-600x1188.jpg","astra-page-api-url":"https:\/\/websitedemos.net\/manufacturing-07\/wp-json\/wp\/v2\/pages\/481","dynamic-page":"no","astra-page-url":"\/\/websitedemos.net\/manufacturing-07\/contact-us\/","astra-sites-tag":{"415":"contact"},"site-pages-type":"agency-mini","site-pages-page-builder":"gutenberg","site-pages-category":[],"site-pages-parent-category":{"60":"business"},"required-plugins":[{"slug":"astra-addon","init":"astra-addon\/astra-addon.php","name":"Astra Pro"},{"slug":"ultimate-addons-for-gutenberg","init":"ultimate-addons-for-gutenberg\/ultimate-addons-for-gutenberg.php","name":"Spectra"}]},"id-86203":{"title":"About Us","featured-image-url":"https:\/\/websitedemos.net\/wp-content\/uploads\/2024\/02\/manufacturing-07-about-us.jpg","thumbnail-image-url":"https:\/\/websitedemos.net\/wp-content\/uploads\/2024\/02\/manufacturing-07-about-us-600x1345.jpg","astra-page-api-url":"https:\/\/websitedemos.net\/manufacturing-07\/wp-json\/wp\/v2\/pages\/480","dynamic-page":"no","astra-page-url":"\/\/websitedemos.net\/manufacturing-07\/about-us\/","astra-sites-tag":{"352":"about"},"site-pages-type":"agency-mini","site-pages-page-builder":"gutenberg","site-pages-category":[],"site-pages-parent-category":{"60":"business"},"required-plugins":[{"slug":"astra-addon","init":"astra-addon\/astra-addon.php","name":"Astra Pro"},{"slug":"ultimate-addons-for-gutenberg","init":"ultimate-addons-for-gutenberg\/ultimate-addons-for-gutenberg.php","name":"Spectra"}]}},"related-bb-template":"","related-elementor-template":"","related-gutenberg-template":"","related_ecommerce_template":"","ecommerce_parent_template":""},"id-69655":{"title":"Home and Garden Decor","id":69655,"publish-date":1665073396,"featured-image-url":"https:\/\/websitedemos.net\/wp-content\/uploads\/2022\/10\/home-garden-decor-08.jpg","thumbnail-image-url":"https:\/\/websitedemos.net\/wp-content\/uploads\/2022\/10\/home-garden-decor-08-600x3656.jpg","fullpage-thumbnail-image-url":"https:\/\/websitedemos.net\/wp-content\/uploads\/2022\/10\/home-garden-decor-08-400x2437.jpg","astra-site-url":"\/\/websitedemos.net\/home-garden-decor-08","astra-site-parent-id":2929,"astra-sites-tag":{"496":"ecommerce","1817":"ecommerce-store","416":"garden-care","421":"garden-maintenance","420":"gardening","423":"home","862":"home-decor"},"astra-sites-type":"free","astra-site-category":{"38":"ecommerce","39":"free"},"astra-sites-template-category":[],"astra-site-page-builder":"gutenberg","categories":{"2495":"ecommerce","2476":"gardening"},"required-plugins":[{"slug":"ultimate-addons-for-gutenberg","init":"ultimate-addons-for-gutenberg\/ultimate-addons-for-gutenberg.php","name":"Spectra"},{"slug":"woocommerce","init":"woocommerce\/woocommerce.php","name":"WooCommerce"}],"post-status":"publish","post-content":"","post-excerpt":"","pages":{"id-69656":{"title":"About","featured-image-url":"https:\/\/websitedemos.net\/wp-content\/uploads\/2022\/10\/home-garden-decor-08-about.jpg","thumbnail-image-url":"https:\/\/websitedemos.net\/wp-content\/uploads\/2022\/10\/home-garden-decor-08-about-600x1736.jpg","astra-page-api-url":"https:\/\/websitedemos.net\/home-garden-decor-08\/wp-json\/wp\/v2\/pages\/328","dynamic-page":"no","astra-page-url":"\/\/websitedemos.net\/home-garden-decor-08\/about\/","astra-sites-tag":{"352":"about"},"site-pages-type":"free","site-pages-page-builder":"gutenberg","site-pages-category":[],"site-pages-parent-category":{"64":"ecommerce","61":"free"},"required-plugins":[{"slug":"ultimate-addons-for-gutenberg","init":"ultimate-addons-for-gutenberg\/ultimate-addons-for-gutenberg.php","name":"Spectra"}]},"id-69657":{"title":"Contact","featured-image-url":"https:\/\/websitedemos.net\/wp-content\/uploads\/2022\/10\/home-garden-decor-08-contact.jpg","thumbnail-image-url":"https:\/\/websitedemos.net\/wp-content\/uploads\/2022\/10\/home-garden-decor-08-contact-600x1065.jpg","astra-page-api-url":"https:\/\/websitedemos.net\/home-garden-decor-08\/wp-json\/wp\/v2\/pages\/330","dynamic-page":"no","astra-page-url":"\/\/websitedemos.net\/home-garden-decor-08\/contact\/","astra-sites-tag":{"415":"contact"},"site-pages-type":"free","site-pages-page-builder":"gutenberg","site-pages-category":[],"site-pages-parent-category":{"64":"ecommerce","61":"free"},"required-plugins":[{"slug":"ultimate-addons-for-gutenberg","init":"ultimate-addons-for-gutenberg\/ultimate-addons-for-gutenberg.php","name":"Spectra"}]},"id-69658":{"title":"Home","featured-image-url":"https:\/\/websitedemos.net\/wp-content\/uploads\/2022\/10\/home-garden-decor-08.jpg","thumbnail-image-url":"https:\/\/websitedemos.net\/wp-content\/uploads\/2022\/10\/home-garden-decor-08-600x3656.jpg","astra-page-api-url":"https:\/\/websitedemos.net\/home-garden-decor-08\/wp-json\/wp\/v2\/pages\/325","dynamic-page":"yes","astra-page-url":"\/\/websitedemos.net\/home-garden-decor-08\/","astra-sites-tag":{"423":"home"},"site-pages-type":"free","site-pages-page-builder":"gutenberg","site-pages-category":[],"site-pages-parent-category":{"64":"ecommerce","61":"free"},"required-plugins":[{"slug":"ultimate-addons-for-gutenberg","init":"ultimate-addons-for-gutenberg\/ultimate-addons-for-gutenberg.php","name":"Spectra"},{"slug":"woocommerce","init":"woocommerce\/woocommerce.php","name":"WooCommerce"}]}},"related-bb-template":"","related-elementor-template":"","related-gutenberg-template":"","related_ecommerce_template":"","ecommerce_parent_template":""},"id-86734":{"title":"Music School","id":86734,"publish-date":1708610567,"featured-image-url":"https:\/\/websitedemos.net\/wp-content\/uploads\/2024\/02\/music-school-07.jpg","thumbnail-image-url":"https:\/\/websitedemos.net\/wp-content\/uploads\/2024\/02\/music-school-07-600x4225.jpg","fullpage-thumbnail-image-url":"https:\/\/websitedemos.net\/wp-content\/uploads\/2024\/02\/music-school-07-400x2817.jpg","astra-site-url":"\/\/websitedemos.net\/music-school-07","astra-site-parent-id":3509,"astra-sites-tag":{"339":"artist","1797":"drama-school","1795":"music-academy","969":"musician","1572":"performer","1844":"premium","1571":"singer","1573":"vocalist"},"astra-sites-type":"agency-mini","astra-site-category":{"27":"business"},"astra-sites-template-category":{"2802":"artist","2772":"education","2781":"music","2771":"one-page","2782":"school","2873":"tutor"},"astra-site-page-builder":"gutenberg","categories":{"2486":"art-music","2491":"educational-institutes","2927":"one-page"},"required-plugins":[{"slug":"ultimate-addons-for-gutenberg","init":"ultimate-addons-for-gutenberg\/ultimate-addons-for-gutenberg.php","name":"Spectra"}],"post-status":"publish","post-content":"","post-excerpt":"","pages":{"id-86735":{"title":"Home","featured-image-url":"https:\/\/websitedemos.net\/wp-content\/uploads\/2024\/02\/music-school-07.jpg","thumbnail-image-url":"https:\/\/websitedemos.net\/wp-content\/uploads\/2024\/02\/music-school-07-600x4225.jpg","astra-page-api-url":"https:\/\/websitedemos.net\/music-school-07\/wp-json\/wp\/v2\/pages\/331","dynamic-page":"no","astra-page-url":"\/\/websitedemos.net\/music-school-07\/","astra-sites-tag":{"423":"home"},"site-pages-type":"agency-mini","site-pages-page-builder":"gutenberg","site-pages-category":[],"site-pages-parent-category":{"60":"business"},"required-plugins":[{"slug":"ultimate-addons-for-gutenberg","init":"ultimate-addons-for-gutenberg\/ultimate-addons-for-gutenberg.php","name":"Spectra"}]}},"related-bb-template":"","related-elementor-template":"","related-gutenberg-template":"","related_ecommerce_template":"","ecommerce_parent_template":""},"id-69646":{"title":"Heating And AC Technician","id":69646,"publish-date":1665071731,"featured-image-url":"https:\/\/websitedemos.net\/wp-content\/uploads\/2022\/10\/heating-and-ac-technician-08.jpg","thumbnail-image-url":"https:\/\/websitedemos.net\/wp-content\/uploads\/2022\/10\/heating-and-ac-technician-08-600x2986.jpg","fullpage-thumbnail-image-url":"https:\/\/websitedemos.net\/wp-content\/uploads\/2022\/10\/heating-and-ac-technician-08-400x1990.jpg","astra-site-url":"\/\/websitedemos.net\/heating-and-ac-technician-08","astra-site-parent-id":2928,"astra-sites-tag":{"599":"ac-repair","2573":"air-conditioning-service","439":"local-services","2572":"manufacturer","2094":"mechanic","600":"repair-services","441":"technician"},"astra-sites-type":"free","astra-site-category":{"27":"business","39":"free"},"astra-sites-template-category":[],"astra-site-page-builder":"gutenberg","categories":{"2471":"local-technician"},"required-plugins":[{"slug":"ultimate-addons-for-gutenberg","init":"ultimate-addons-for-gutenberg\/ultimate-addons-for-gutenberg.php","name":"Spectra"}],"post-status":"publish","post-content":"","post-excerpt":"","pages":{"id-59181":{"title":"About","featured-image-url":"https:\/\/websitedemos.net\/wp-content\/uploads\/2022\/10\/heating-and-ac-technician-08-about.jpg","thumbnail-image-url":"https:\/\/websitedemos.net\/wp-content\/uploads\/2022\/10\/heating-and-ac-technician-08-about-600x1288.jpg","astra-page-api-url":"https:\/\/websitedemos.net\/heating-and-ac-technician-08\/wp-json\/wp\/v2\/pages\/887","dynamic-page":"no","astra-page-url":"\/\/websitedemos.net\/heating-and-ac-technician-08\/about\/","astra-sites-tag":{"352":"about"},"site-pages-type":"free","site-pages-page-builder":"gutenberg","site-pages-category":[],"site-pages-parent-category":{"60":"business","61":"free"},"required-plugins":[{"slug":"ultimate-addons-for-gutenberg","init":"ultimate-addons-for-gutenberg\/ultimate-addons-for-gutenberg.php","name":"Spectra"}]},"id-59182":{"title":"Contact","featured-image-url":"https:\/\/websitedemos.net\/wp-content\/uploads\/2022\/10\/heating-and-ac-technician-08-contact.jpg","thumbnail-image-url":"https:\/\/websitedemos.net\/wp-content\/uploads\/2022\/10\/heating-and-ac-technician-08-contact-600x1066.jpg","astra-page-api-url":"https:\/\/websitedemos.net\/heating-and-ac-technician-08\/wp-json\/wp\/v2\/pages\/891","dynamic-page":"no","astra-page-url":"\/\/websitedemos.net\/heating-and-ac-technician-08\/contact\/","astra-sites-tag":{"415":"contact"},"site-pages-type":"free","site-pages-page-builder":"gutenberg","site-pages-category":[],"site-pages-parent-category":{"60":"business","61":"free"},"required-plugins":[{"slug":"ultimate-addons-for-gutenberg","init":"ultimate-addons-for-gutenberg\/ultimate-addons-for-gutenberg.php","name":"Spectra"}]},"id-59183":{"title":"Home","featured-image-url":"https:\/\/websitedemos.net\/wp-content\/uploads\/2022\/10\/heating-and-ac-technician-08.jpg","thumbnail-image-url":"https:\/\/websitedemos.net\/wp-content\/uploads\/2022\/10\/heating-and-ac-technician-08-600x2986.jpg","astra-page-api-url":"https:\/\/websitedemos.net\/heating-and-ac-technician-08\/wp-json\/wp\/v2\/pages\/885","dynamic-page":"no","astra-page-url":"\/\/websitedemos.net\/heating-and-ac-technician-08\/","astra-sites-tag":{"423":"home"},"site-pages-type":"free","site-pages-page-builder":"gutenberg","site-pages-category":[],"site-pages-parent-category":{"60":"business","61":"free"},"required-plugins":[{"slug":"ultimate-addons-for-gutenberg","init":"ultimate-addons-for-gutenberg\/ultimate-addons-for-gutenberg.php","name":"Spectra"}]},"id-59184":{"title":"Services","featured-image-url":"https:\/\/websitedemos.net\/wp-content\/uploads\/2022\/10\/heating-and-ac-technician-08-services.jpg","thumbnail-image-url":"https:\/\/websitedemos.net\/wp-content\/uploads\/2022\/10\/heating-and-ac-technician-08-services-600x1659.jpg","astra-page-api-url":"https:\/\/websitedemos.net\/heating-and-ac-technician-08\/wp-json\/wp\/v2\/pages\/889","dynamic-page":"no","astra-page-url":"\/\/websitedemos.net\/heating-and-ac-technician-08\/services\/","astra-sites-tag":{"425":"services"},"site-pages-type":"free","site-pages-page-builder":"gutenberg","site-pages-category":[],"site-pages-parent-category":{"60":"business","61":"free"},"required-plugins":[{"slug":"ultimate-addons-for-gutenberg","init":"ultimate-addons-for-gutenberg\/ultimate-addons-for-gutenberg.php","name":"Spectra"}]}},"related-bb-template":"","related-elementor-template":"","related-gutenberg-template":"","related_ecommerce_template":"","ecommerce_parent_template":""},"id-86318":{"title":"Fashion Photography Portfolio","id":86318,"publish-date":1708101150,"featured-image-url":"https:\/\/websitedemos.net\/wp-content\/uploads\/2024\/02\/fashion-photography-07.jpg","thumbnail-image-url":"https:\/\/websitedemos.net\/wp-content\/uploads\/2024\/02\/fashion-photography-07-600x2510.jpg","fullpage-thumbnail-image-url":"https:\/\/websitedemos.net\/wp-content\/uploads\/2024\/02\/fashion-photography-07-400x1673.jpg","astra-site-url":"\/\/websitedemos.net\/fashion-photography-07","astra-site-parent-id":3488,"astra-sites-tag":{"513":"camera","3011":"creative","3135":"fashion-photographer","510":"modelling","3114":"photo","511":"photographer","509":"photography","444":"portfolio","1844":"premium","1022":"professional"},"astra-sites-type":"agency-mini","astra-site-category":{"27":"business"},"astra-sites-template-category":{"2791":"creative","2770":"personal","2773":"photography","2768":"portfolio"},"astra-site-page-builder":"gutenberg","categories":{"3430":"dark","2485":"photography","2488":"portfolio"},"required-plugins":[{"slug":"ultimate-addons-for-gutenberg","init":"ultimate-addons-for-gutenberg\/ultimate-addons-for-gutenberg.php","name":"Spectra"}],"post-status":"publish","post-content":"","post-excerpt":"","pages":{"id-86321":{"title":"Home","featured-image-url":"https:\/\/websitedemos.net\/wp-content\/uploads\/2024\/02\/fashion-photography-07.jpg","thumbnail-image-url":"https:\/\/websitedemos.net\/wp-content\/uploads\/2024\/02\/fashion-photography-07-600x2510.jpg","astra-page-api-url":"https:\/\/websitedemos.net\/fashion-photography-07\/wp-json\/wp\/v2\/pages\/4","dynamic-page":"no","astra-page-url":"\/\/websitedemos.net\/fashion-photography-07\/","astra-sites-tag":{"423":"home"},"site-pages-type":"agency-mini","site-pages-page-builder":"gutenberg","site-pages-category":[],"site-pages-parent-category":{"60":"business"},"required-plugins":[{"slug":"ultimate-addons-for-gutenberg","init":"ultimate-addons-for-gutenberg\/ultimate-addons-for-gutenberg.php","name":"Spectra"}]},"id-86322":{"title":"Portfolio","featured-image-url":"https:\/\/websitedemos.net\/wp-content\/uploads\/2024\/02\/fashion-photography-07-portfolio.jpg","thumbnail-image-url":"https:\/\/websitedemos.net\/wp-content\/uploads\/2024\/02\/fashion-photography-07-portfolio-600x1458.jpg","astra-page-api-url":"https:\/\/websitedemos.net\/fashion-photography-07\/wp-json\/wp\/v2\/pages\/10","dynamic-page":"no","astra-page-url":"\/\/websitedemos.net\/fashion-photography-07\/portfolio\/","astra-sites-tag":{"444":"portfolio"},"site-pages-type":"agency-mini","site-pages-page-builder":"gutenberg","site-pages-category":[],"site-pages-parent-category":{"60":"business"},"required-plugins":[{"slug":"ultimate-addons-for-gutenberg","init":"ultimate-addons-for-gutenberg\/ultimate-addons-for-gutenberg.php","name":"Spectra"}]},"id-86323":{"title":"Services","featured-image-url":"https:\/\/websitedemos.net\/wp-content\/uploads\/2024\/02\/fashion-photography-07-services.jpg","thumbnail-image-url":"https:\/\/websitedemos.net\/wp-content\/uploads\/2024\/02\/fashion-photography-07-services-600x2261.jpg","astra-page-api-url":"https:\/\/websitedemos.net\/fashion-photography-07\/wp-json\/wp\/v2\/pages\/12","dynamic-page":"no","astra-page-url":"\/\/websitedemos.net\/fashion-photography-07\/services\/","astra-sites-tag":{"425":"services"},"site-pages-type":"agency-mini","site-pages-page-builder":"gutenberg","site-pages-category":[],"site-pages-parent-category":{"60":"business"},"required-plugins":[{"slug":"ultimate-addons-for-gutenberg","init":"ultimate-addons-for-gutenberg\/ultimate-addons-for-gutenberg.php","name":"Spectra"}]},"id-86320":{"title":"Contact","featured-image-url":"https:\/\/websitedemos.net\/wp-content\/uploads\/2024\/02\/fashion-photography-07-contact.jpg","thumbnail-image-url":"https:\/\/websitedemos.net\/wp-content\/uploads\/2024\/02\/fashion-photography-07-contact-600x764.jpg","astra-page-api-url":"https:\/\/websitedemos.net\/fashion-photography-07\/wp-json\/wp\/v2\/pages\/14","dynamic-page":"no","astra-page-url":"\/\/websitedemos.net\/fashion-photography-07\/contact\/","astra-sites-tag":{"415":"contact"},"site-pages-type":"agency-mini","site-pages-page-builder":"gutenberg","site-pages-category":[],"site-pages-parent-category":{"60":"business"},"required-plugins":[{"slug":"ultimate-addons-for-gutenberg","init":"ultimate-addons-for-gutenberg\/ultimate-addons-for-gutenberg.php","name":"Spectra"}]},"id-86319":{"title":"About","featured-image-url":"https:\/\/websitedemos.net\/wp-content\/uploads\/2024\/02\/fashion-photography-07-about.jpg","thumbnail-image-url":"https:\/\/websitedemos.net\/wp-content\/uploads\/2024\/02\/fashion-photography-07-about-600x1949.jpg","astra-page-api-url":"https:\/\/websitedemos.net\/fashion-photography-07\/wp-json\/wp\/v2\/pages\/8","dynamic-page":"no","astra-page-url":"\/\/websitedemos.net\/fashion-photography-07\/about\/","astra-sites-tag":{"352":"about"},"site-pages-type":"agency-mini","site-pages-page-builder":"gutenberg","site-pages-category":[],"site-pages-parent-category":{"60":"business"},"required-plugins":[{"slug":"ultimate-addons-for-gutenberg","init":"ultimate-addons-for-gutenberg\/ultimate-addons-for-gutenberg.php","name":"Spectra"}]}},"related-bb-template":"","related-elementor-template":"","related-gutenberg-template":"","related_ecommerce_template":"","ecommerce_parent_template":""},"id-69486":{"title":"Learn Baking","id":69486,"publish-date":1664211488,"featured-image-url":"https:\/\/websitedemos.net\/wp-content\/uploads\/2022\/09\/learn-baking-08.jpg","thumbnail-image-url":"https:\/\/websitedemos.net\/wp-content\/uploads\/2022\/09\/learn-baking-08-600x2667.jpg","fullpage-thumbnail-image-url":"https:\/\/websitedemos.net\/wp-content\/uploads\/2022\/09\/learn-baking-08-400x1778.jpg","astra-site-url":"\/\/websitedemos.net\/learn-baking-08","astra-site-parent-id":2925,"astra-sites-tag":{"1857":"baking","462":"courses","467":"learndash","975":"online-learning"},"astra-sites-type":"free","astra-site-category":{"27":"business","39":"free"},"astra-sites-template-category":{"2828":"blog","2835":"elearning","2785":"food","2880":"membership","2827":"online-course","2770":"personal","2873":"tutor"},"astra-site-page-builder":"gutenberg","categories":{"2494":"elearning"},"required-plugins":[{"slug":"sfwd-lms","init":"sfwd-lms\/sfwd_lms.php","name":"LearnDash LMS"},{"slug":"learndash-course-grid","init":"learndash-course-grid\/learndash_course_grid.php","name":"LearnDash LMS - Course Grid"},{"slug":"presto-player","init":"presto-player\/presto-player.php","name":"Presto Player"},{"slug":"ultimate-addons-for-gutenberg","init":"ultimate-addons-for-gutenberg\/ultimate-addons-for-gutenberg.php","name":"Spectra"}],"post-status":"publish","post-content":"","post-excerpt":"","pages":{"id-58588":{"title":"About","featured-image-url":"https:\/\/websitedemos.net\/wp-content\/uploads\/2022\/09\/learn-baking-08-about.jpg","thumbnail-image-url":"https:\/\/websitedemos.net\/wp-content\/uploads\/2022\/09\/learn-baking-08-about-600x1916.jpg","astra-page-api-url":"https:\/\/websitedemos.net\/learn-baking-08\/wp-json\/wp\/v2\/pages\/1077","dynamic-page":"no","astra-page-url":"\/\/websitedemos.net\/learn-baking-08\/about\/","astra-sites-tag":{"352":"about"},"site-pages-type":"free","site-pages-page-builder":"gutenberg","site-pages-category":[],"site-pages-parent-category":{"60":"business","61":"free"},"required-plugins":[{"slug":"ultimate-addons-for-gutenberg","init":"ultimate-addons-for-gutenberg\/ultimate-addons-for-gutenberg.php","name":"Spectra"}]},"id-58589":{"title":"All Courses","featured-image-url":"https:\/\/websitedemos.net\/wp-content\/uploads\/2022\/09\/learn-baking-08-all-courses.jpg","thumbnail-image-url":"https:\/\/websitedemos.net\/wp-content\/uploads\/2022\/09\/learn-baking-08-all-courses-600x1819.jpg","astra-page-api-url":"https:\/\/websitedemos.net\/learn-baking-08\/wp-json\/wp\/v2\/pages\/1075","dynamic-page":"yes","astra-page-url":"\/\/websitedemos.net\/learn-baking-08\/all-courses\/","astra-sites-tag":{"462":"courses"},"site-pages-type":"free","site-pages-page-builder":"gutenberg","site-pages-category":[],"site-pages-parent-category":{"60":"business","61":"free"},"required-plugins":[{"slug":"sfwd-lms","init":"sfwd-lms\/sfwd_lms.php","name":"LearnDash LMS"},{"slug":"learndash-course-grid","init":"learndash-course-grid\/learndash_course_grid.php","name":"LearnDash LMS - Course Grid"},{"slug":"presto-player","init":"presto-player\/presto-player.php","name":"Presto Player"},{"slug":"ultimate-addons-for-gutenberg","init":"ultimate-addons-for-gutenberg\/ultimate-addons-for-gutenberg.php","name":"Spectra"}]},"id-58590":{"title":"Blog","featured-image-url":"https:\/\/websitedemos.net\/wp-content\/uploads\/2022\/09\/learn-baking-08-blog.jpg","thumbnail-image-url":"https:\/\/websitedemos.net\/wp-content\/uploads\/2022\/09\/learn-baking-08-blog-600x1123.jpg","astra-page-api-url":"https:\/\/websitedemos.net\/learn-baking-08\/wp-json\/wp\/v2\/pages\/1079","dynamic-page":"no","astra-page-url":"\/\/websitedemos.net\/learn-baking-08\/blog\/","astra-sites-tag":{"480":"blog"},"site-pages-type":"free","site-pages-page-builder":"gutenberg","site-pages-category":[],"site-pages-parent-category":{"60":"business","61":"free"},"required-plugins":[{"slug":"ultimate-addons-for-gutenberg","init":"ultimate-addons-for-gutenberg\/ultimate-addons-for-gutenberg.php","name":"Spectra"}]},"id-58591":{"title":"Contact","featured-image-url":"https:\/\/websitedemos.net\/wp-content\/uploads\/2022\/09\/learn-baking-08-contact.jpg","thumbnail-image-url":"https:\/\/websitedemos.net\/wp-content\/uploads\/2022\/09\/learn-baking-08-contact-600x1547.jpg","astra-page-api-url":"https:\/\/websitedemos.net\/learn-baking-08\/wp-json\/wp\/v2\/pages\/1081","dynamic-page":"no","astra-page-url":"\/\/websitedemos.net\/learn-baking-08\/contact\/","astra-sites-tag":{"415":"contact"},"site-pages-type":"free","site-pages-page-builder":"gutenberg","site-pages-category":[],"site-pages-parent-category":{"60":"business","61":"free"},"required-plugins":[{"slug":"ultimate-addons-for-gutenberg","init":"ultimate-addons-for-gutenberg\/ultimate-addons-for-gutenberg.php","name":"Spectra"}]},"id-58592":{"title":"Home","featured-image-url":"https:\/\/websitedemos.net\/wp-content\/uploads\/2022\/09\/learn-baking-08.jpg","thumbnail-image-url":"https:\/\/websitedemos.net\/wp-content\/uploads\/2022\/09\/learn-baking-08-600x2667.jpg","astra-page-api-url":"https:\/\/websitedemos.net\/learn-baking-08\/wp-json\/wp\/v2\/pages\/1073","dynamic-page":"yes","astra-page-url":"\/\/websitedemos.net\/learn-baking-08\/","astra-sites-tag":{"423":"home"},"site-pages-type":"free","site-pages-page-builder":"gutenberg","site-pages-category":[],"site-pages-parent-category":{"60":"business","61":"free"},"required-plugins":[{"slug":"sfwd-lms","init":"sfwd-lms\/sfwd_lms.php","name":"LearnDash LMS"},{"slug":"learndash-course-grid","init":"learndash-course-grid\/learndash_course_grid.php","name":"LearnDash LMS - Course Grid"},{"slug":"presto-player","init":"presto-player\/presto-player.php","name":"Presto Player"},{"slug":"ultimate-addons-for-gutenberg","init":"ultimate-addons-for-gutenberg\/ultimate-addons-for-gutenberg.php","name":"Spectra"}]}},"related-bb-template":"","related-elementor-template":"","related-gutenberg-template":"","related_ecommerce_template":"","ecommerce_parent_template":""},"id-86716":{"title":"Sweet Shop","id":86716,"publish-date":1708586914,"featured-image-url":"https:\/\/websitedemos.net\/wp-content\/uploads\/2024\/02\/sweet-shop-07.jpg","thumbnail-image-url":"https:\/\/websitedemos.net\/wp-content\/uploads\/2024\/02\/sweet-shop-07-600x1863.jpg","fullpage-thumbnail-image-url":"https:\/\/websitedemos.net\/wp-content\/uploads\/2024\/02\/sweet-shop-07-400x1242.jpg","astra-site-url":"\/\/websitedemos.net\/sweet-shop-07","astra-site-parent-id":3508,"astra-sites-tag":{"758":"bakery","383":"online-store","1844":"premium","756":"sweet-shop","757":"sweets"},"astra-sites-type":"agency-mini","astra-site-category":{"27":"business"},"astra-sites-template-category":{"2804":"cafe-bakery","2785":"food","2776":"restaurant"},"astra-site-page-builder":"gutenberg","categories":{"2478":"local-storefronts"},"required-plugins":[{"slug":"astra-addon","init":"astra-addon\/astra-addon.php","name":"Astra Pro"},{"slug":"ultimate-addons-for-gutenberg","init":"ultimate-addons-for-gutenberg\/ultimate-addons-for-gutenberg.php","name":"Spectra"}],"post-status":"publish","post-content":"","post-excerpt":"","pages":{"id-86718":{"title":"Contact Us","featured-image-url":"https:\/\/websitedemos.net\/wp-content\/uploads\/2024\/02\/sweet-shop-07-contact.jpg","thumbnail-image-url":"https:\/\/websitedemos.net\/wp-content\/uploads\/2024\/02\/sweet-shop-07-contact-600x1102.jpg","astra-page-api-url":"https:\/\/websitedemos.net\/sweet-shop-07\/wp-json\/wp\/v2\/pages\/749","dynamic-page":"no","astra-page-url":"\/\/websitedemos.net\/sweet-shop-07\/contact-us\/","astra-sites-tag":{"415":"contact"},"site-pages-type":"agency-mini","site-pages-page-builder":"gutenberg","site-pages-category":[],"site-pages-parent-category":{"60":"business"},"required-plugins":[{"slug":"astra-addon","init":"astra-addon\/astra-addon.php","name":"Astra Pro"},{"slug":"ultimate-addons-for-gutenberg","init":"ultimate-addons-for-gutenberg\/ultimate-addons-for-gutenberg.php","name":"Spectra"}]},"id-86719":{"title":"Gallery","featured-image-url":"https:\/\/websitedemos.net\/wp-content\/uploads\/2024\/02\/sweet-shop-07-gallery.jpg","thumbnail-image-url":"https:\/\/websitedemos.net\/wp-content\/uploads\/2024\/02\/sweet-shop-07-gallery-600x2183.jpg","astra-page-api-url":"https:\/\/websitedemos.net\/sweet-shop-07\/wp-json\/wp\/v2\/pages\/745","dynamic-page":"no","astra-page-url":"\/\/websitedemos.net\/sweet-shop-07\/gallery\/","astra-sites-tag":{"461":"gallery"},"site-pages-type":"agency-mini","site-pages-page-builder":"gutenberg","site-pages-category":[],"site-pages-parent-category":{"60":"business"},"required-plugins":[{"slug":"astra-addon","init":"astra-addon\/astra-addon.php","name":"Astra Pro"},{"slug":"ultimate-addons-for-gutenberg","init":"ultimate-addons-for-gutenberg\/ultimate-addons-for-gutenberg.php","name":"Spectra"}]},"id-86720":{"title":"Home","featured-image-url":"https:\/\/websitedemos.net\/wp-content\/uploads\/2024\/02\/sweet-shop-07.jpg","thumbnail-image-url":"https:\/\/websitedemos.net\/wp-content\/uploads\/2024\/02\/sweet-shop-07-600x1863.jpg","astra-page-api-url":"https:\/\/websitedemos.net\/sweet-shop-07\/wp-json\/wp\/v2\/pages\/741","dynamic-page":"no","astra-page-url":"\/\/websitedemos.net\/sweet-shop-07\/","astra-sites-tag":{"423":"home"},"site-pages-type":"agency-mini","site-pages-page-builder":"gutenberg","site-pages-category":[],"site-pages-parent-category":{"60":"business"},"required-plugins":[{"slug":"astra-addon","init":"astra-addon\/astra-addon.php","name":"Astra Pro"},{"slug":"ultimate-addons-for-gutenberg","init":"ultimate-addons-for-gutenberg\/ultimate-addons-for-gutenberg.php","name":"Spectra"}]},"id-86721":{"title":"Our Cakes","featured-image-url":"https:\/\/websitedemos.net\/wp-content\/uploads\/2024\/02\/sweet-shop-07-our-cakes.jpg","thumbnail-image-url":"https:\/\/websitedemos.net\/wp-content\/uploads\/2024\/02\/sweet-shop-07-our-cakes-600x1062.jpg","astra-page-api-url":"https:\/\/websitedemos.net\/sweet-shop-07\/wp-json\/wp\/v2\/pages\/747","dynamic-page":"no","astra-page-url":"\/\/websitedemos.net\/sweet-shop-07\/our-cakes\/","astra-sites-tag":{"3515":"our-cakes"},"site-pages-type":"agency-mini","site-pages-page-builder":"gutenberg","site-pages-category":[],"site-pages-parent-category":{"60":"business"},"required-plugins":[{"slug":"astra-addon","init":"astra-addon\/astra-addon.php","name":"Astra Pro"},{"slug":"ultimate-addons-for-gutenberg","init":"ultimate-addons-for-gutenberg\/ultimate-addons-for-gutenberg.php","name":"Spectra"}]},"id-86717":{"title":"About","featured-image-url":"https:\/\/websitedemos.net\/wp-content\/uploads\/2024\/02\/sweet-shop-07-about.jpg","thumbnail-image-url":"https:\/\/websitedemos.net\/wp-content\/uploads\/2024\/02\/sweet-shop-07-about-600x1419.jpg","astra-page-api-url":"https:\/\/websitedemos.net\/sweet-shop-07\/wp-json\/wp\/v2\/pages\/743","dynamic-page":"no","astra-page-url":"\/\/websitedemos.net\/sweet-shop-07\/about\/","astra-sites-tag":{"352":"about"},"site-pages-type":"agency-mini","site-pages-page-builder":"gutenberg","site-pages-category":[],"site-pages-parent-category":{"60":"business"},"required-plugins":[{"slug":"astra-addon","init":"astra-addon\/astra-addon.php","name":"Astra Pro"},{"slug":"ultimate-addons-for-gutenberg","init":"ultimate-addons-for-gutenberg\/ultimate-addons-for-gutenberg.php","name":"Spectra"}]}},"related-bb-template":"","related-elementor-template":"","related-gutenberg-template":"","related_ecommerce_template":"","ecommerce_parent_template":""}}