{"id-19884":{"title":"Outdoor Adventure","featured-image-url":"https:\/\/websitedemos.net\/wp-content\/uploads\/2019\/07\/outdoor-adventure-home-screenshot.png","thumbnail-image-url":"https:\/\/websitedemos.net\/wp-content\/uploads\/2019\/07\/outdoor-adventure-home-screenshot-600x800.png","fullpage-thumbnail-image-url":"https:\/\/websitedemos.net\/wp-content\/uploads\/2019\/07\/outdoor-adventure-home-screenshot-400x950.png","astra-site-url":"\/\/websitedemos.net\/outdoor-adventure-01","astra-site-parent-id":184,"astra-sites-tag":{"544":"adventure","545":"camping","543":"extreme-sports","541":"mountains","542":"park","546":"sports"},"astra-sites-type":"free","astra-site-page-builder":"beaver-builder","astra-site-category":{"27":"business","39":"free"},"categories":[],"required-plugins":[{"slug":"beaver-builder-lite-version","init":"beaver-builder-lite-version\/fl-builder.php","name":"Beaver Builder Plugin (Lite Version)"},{"slug":"ultimate-addons-for-beaver-builder-lite","init":"ultimate-addons-for-beaver-builder-lite\/bb-ultimate-addon.php","name":"Ultimate Addons for Beaver Builder - Lite"},{"slug":"wpforms-lite","init":"wpforms-lite\/wpforms.php","name":"WPForms Lite"}],"pages":{"id-23776":{"title":"Home","featured-image-url":"https:\/\/websitedemos.net\/wp-content\/uploads\/2019\/07\/outdoor-adventure-home-screenshot.png","thumbnail-image-url":"https:\/\/websitedemos.net\/wp-content\/uploads\/2019\/07\/outdoor-adventure-home-screenshot-600x800.png","astra-page-api-url":"https:\/\/websitedemos.net\/outdoor-adventure-01\/wp-json\/wp\/v2\/pages\/271","dynamic-page":"no","astra-page-url":"\/\/websitedemos.net\/outdoor-adventure-01\/","astra-sites-tag":{"423":"home"},"site-pages-type":"free","site-pages-page-builder":"beaver-builder","site-pages-category":[],"site-pages-parent-category":{"60":"business","61":"free"},"required-plugins":[{"slug":"beaver-builder-lite-version","init":"beaver-builder-lite-version\/fl-builder.php","name":"Beaver Builder Plugin (Lite Version)"},{"slug":"ultimate-addons-for-beaver-builder-lite","init":"ultimate-addons-for-beaver-builder-lite\/bb-ultimate-addon.php","name":"Ultimate Addons for Beaver Builder - Lite"}]},"id-23769":{"title":"About","featured-image-url":"https:\/\/websitedemos.net\/wp-content\/uploads\/2019\/07\/outdoor-adventure-about-screenshot.png","thumbnail-image-url":"https:\/\/websitedemos.net\/wp-content\/uploads\/2019\/07\/outdoor-adventure-about-screenshot-600x800.png","astra-page-api-url":"https:\/\/websitedemos.net\/outdoor-adventure-01\/wp-json\/wp\/v2\/pages\/5","dynamic-page":"no","astra-page-url":"\/\/websitedemos.net\/outdoor-adventure-01\/about\/","astra-sites-tag":{"352":"about"},"site-pages-type":"free","site-pages-page-builder":"beaver-builder","site-pages-category":[],"site-pages-parent-category":{"60":"business","61":"free"},"required-plugins":[{"slug":"beaver-builder-lite-version","init":"beaver-builder-lite-version\/fl-builder.php","name":"Beaver Builder Plugin (Lite Version)"},{"slug":"ultimate-addons-for-beaver-builder-lite","init":"ultimate-addons-for-beaver-builder-lite\/bb-ultimate-addon.php","name":"Ultimate Addons for Beaver Builder - Lite"}]},"id-23781":{"title":"Services","featured-image-url":"https:\/\/websitedemos.net\/wp-content\/uploads\/2019\/07\/outdoor-adventure-services-screenshot.png","thumbnail-image-url":"https:\/\/websitedemos.net\/wp-content\/uploads\/2019\/07\/outdoor-adventure-services-screenshot-600x800.png","astra-page-api-url":"https:\/\/websitedemos.net\/outdoor-adventure-01\/wp-json\/wp\/v2\/pages\/6","dynamic-page":"no","astra-page-url":"\/\/websitedemos.net\/outdoor-adventure-01\/services\/","astra-sites-tag":{"425":"services"},"site-pages-type":"free","site-pages-page-builder":"beaver-builder","site-pages-category":[],"site-pages-parent-category":{"60":"business","61":"free"},"required-plugins":[{"slug":"beaver-builder-lite-version","init":"beaver-builder-lite-version\/fl-builder.php","name":"Beaver Builder Plugin (Lite Version)"},{"slug":"ultimate-addons-for-beaver-builder-lite","init":"ultimate-addons-for-beaver-builder-lite\/bb-ultimate-addon.php","name":"Ultimate Addons for Beaver Builder - Lite"}]},"id-23780":{"title":"Projects","featured-image-url":"https:\/\/websitedemos.net\/wp-content\/uploads\/2019\/07\/outdoor-adventure-projects-screenshot.png","thumbnail-image-url":"https:\/\/websitedemos.net\/wp-content\/uploads\/2019\/07\/outdoor-adventure-projects-screenshot-600x800.png","astra-page-api-url":"https:\/\/websitedemos.net\/outdoor-adventure-01\/wp-json\/wp\/v2\/pages\/7","dynamic-page":"no","astra-page-url":"\/\/websitedemos.net\/outdoor-adventure-01\/projects\/","astra-sites-tag":{"424":"project"},"site-pages-type":"free","site-pages-page-builder":"beaver-builder","site-pages-category":[],"site-pages-parent-category":{"60":"business","61":"free"},"required-plugins":[{"slug":"beaver-builder-lite-version","init":"beaver-builder-lite-version\/fl-builder.php","name":"Beaver Builder Plugin (Lite Version)"},{"slug":"ultimate-addons-for-beaver-builder-lite","init":"ultimate-addons-for-beaver-builder-lite\/bb-ultimate-addon.php","name":"Ultimate Addons for Beaver Builder - Lite"}]},"id-23772":{"title":"Contact","featured-image-url":"https:\/\/websitedemos.net\/wp-content\/uploads\/2019\/07\/outdoor-adventure-contact-screenshot.png","thumbnail-image-url":"https:\/\/websitedemos.net\/wp-content\/uploads\/2019\/07\/id-23772-outdoor-adventure-contact-resize.jpg","astra-page-api-url":"https:\/\/websitedemos.net\/outdoor-adventure-01\/wp-json\/wp\/v2\/pages\/8","dynamic-page":"no","astra-page-url":"\/\/websitedemos.net\/outdoor-adventure-01\/contact\/","astra-sites-tag":{"415":"contact"},"site-pages-type":"free","site-pages-page-builder":"beaver-builder","site-pages-category":[],"site-pages-parent-category":{"60":"business","61":"free"},"required-plugins":[{"slug":"beaver-builder-lite-version","init":"beaver-builder-lite-version\/fl-builder.php","name":"Beaver Builder Plugin (Lite Version)"},{"slug":"ultimate-addons-for-beaver-builder-lite","init":"ultimate-addons-for-beaver-builder-lite\/bb-ultimate-addon.php","name":"Ultimate Addons for Beaver Builder - Lite"},{"slug":"wpforms-lite","init":"wpforms-lite\/wpforms.php","name":"WPForms Lite"}]}}},"id-19808":{"title":"Outdoor Adventure","featured-image-url":"https:\/\/websitedemos.net\/wp-content\/uploads\/2019\/07\/outdoor-adventure-02-home.jpg","thumbnail-image-url":"https:\/\/websitedemos.net\/wp-content\/uploads\/2019\/07\/outdoor-adventure-02-home-600x800.jpg","fullpage-thumbnail-image-url":"https:\/\/websitedemos.net\/wp-content\/uploads\/2019\/07\/outdoor-adventure-02-home-400x1053.jpg","astra-site-url":"\/\/websitedemos.net\/outdoor-adventure-02","astra-site-parent-id":186,"astra-sites-tag":{"544":"adventure","545":"camping","543":"extreme-sports","541":"mountains","542":"park","546":"sports"},"astra-sites-type":"free","astra-site-page-builder":"elementor","astra-site-category":{"27":"business","39":"free"},"categories":[],"required-plugins":[{"slug":"elementor","init":"elementor\/elementor.php","name":"Elementor"},{"slug":"wpforms-lite","init":"wpforms-lite\/wpforms.php","name":"WPForms Lite"}],"pages":{"id-23830":{"title":"Home","featured-image-url":"https:\/\/websitedemos.net\/wp-content\/uploads\/2019\/07\/outdoor-adventure-02-home.jpg","thumbnail-image-url":"https:\/\/websitedemos.net\/wp-content\/uploads\/2019\/07\/outdoor-adventure-02-home-600x800.jpg","astra-page-api-url":"https:\/\/websitedemos.net\/outdoor-adventure-02\/wp-json\/wp\/v2\/pages\/4","dynamic-page":"no","astra-page-url":"\/\/websitedemos.net\/outdoor-adventure-02\/","astra-sites-tag":{"423":"home"},"site-pages-type":"free","site-pages-page-builder":"elementor","site-pages-category":[],"site-pages-parent-category":{"60":"business","61":"free"},"required-plugins":[{"slug":"elementor","init":"elementor\/elementor.php","name":"Elementor"}]},"id-23827":{"title":"About","featured-image-url":"https:\/\/websitedemos.net\/wp-content\/uploads\/2019\/07\/outdoor-adventure-02-about.jpg","thumbnail-image-url":"https:\/\/websitedemos.net\/wp-content\/uploads\/2019\/07\/outdoor-adventure-02-about-600x800.jpg","astra-page-api-url":"https:\/\/websitedemos.net\/outdoor-adventure-02\/wp-json\/wp\/v2\/pages\/5","dynamic-page":"no","astra-page-url":"\/\/websitedemos.net\/outdoor-adventure-02\/about\/","astra-sites-tag":{"352":"about"},"site-pages-type":"free","site-pages-page-builder":"elementor","site-pages-category":[],"site-pages-parent-category":{"60":"business","61":"free"},"required-plugins":[{"slug":"elementor","init":"elementor\/elementor.php","name":"Elementor"}]},"id-23832":{"title":"Services","featured-image-url":"https:\/\/websitedemos.net\/wp-content\/uploads\/2019\/07\/outdoor-adventure-02-services.jpg","thumbnail-image-url":"https:\/\/websitedemos.net\/wp-content\/uploads\/2019\/07\/outdoor-adventure-02-services-600x800.jpg","astra-page-api-url":"https:\/\/websitedemos.net\/outdoor-adventure-02\/wp-json\/wp\/v2\/pages\/6","dynamic-page":"no","astra-page-url":"\/\/websitedemos.net\/outdoor-adventure-02\/services\/","astra-sites-tag":{"425":"services"},"site-pages-type":"free","site-pages-page-builder":"elementor","site-pages-category":[],"site-pages-parent-category":{"60":"business","61":"free"},"required-plugins":[{"slug":"elementor","init":"elementor\/elementor.php","name":"Elementor"}]},"id-23831":{"title":"Projects","featured-image-url":"https:\/\/websitedemos.net\/wp-content\/uploads\/2019\/07\/outdoor-adventure-02-our-projects.jpg","thumbnail-image-url":"https:\/\/websitedemos.net\/wp-content\/uploads\/2019\/07\/outdoor-adventure-02-our-projects-600x800.jpg","astra-page-api-url":"https:\/\/websitedemos.net\/outdoor-adventure-02\/wp-json\/wp\/v2\/pages\/7","dynamic-page":"no","astra-page-url":"\/\/websitedemos.net\/outdoor-adventure-02\/projects\/","astra-sites-tag":{"424":"project"},"site-pages-type":"free","site-pages-page-builder":"elementor","site-pages-category":[],"site-pages-parent-category":{"60":"business","61":"free"},"required-plugins":[{"slug":"elementor","init":"elementor\/elementor.php","name":"Elementor"}]},"id-23829":{"title":"Contact","featured-image-url":"https:\/\/websitedemos.net\/wp-content\/uploads\/2019\/07\/outdoor-adventure-02-contact.jpg","thumbnail-image-url":"https:\/\/websitedemos.net\/wp-content\/uploads\/2019\/07\/id-23829-outdoor-adventure-contact-resize.jpg","astra-page-api-url":"https:\/\/websitedemos.net\/outdoor-adventure-02\/wp-json\/wp\/v2\/pages\/8","dynamic-page":"no","astra-page-url":"\/\/websitedemos.net\/outdoor-adventure-02\/contact\/","astra-sites-tag":{"415":"contact"},"site-pages-type":"free","site-pages-page-builder":"elementor","site-pages-category":[],"site-pages-parent-category":{"60":"business","61":"free"},"required-plugins":[{"slug":"elementor","init":"elementor\/elementor.php","name":"Elementor"},{"slug":"wpforms-lite","init":"wpforms-lite\/wpforms.php","name":"WPForms Lite"}]}}},"id-48078":{"title":"Outdoor Adventure","featured-image-url":"https:\/\/websitedemos.net\/wp-content\/uploads\/2020\/10\/outdoor-adventure-08-home.jpg","thumbnail-image-url":"https:\/\/websitedemos.net\/wp-content\/uploads\/2020\/10\/outdoor-adventure-08-home-600x800.jpg","fullpage-thumbnail-image-url":"https:\/\/websitedemos.net\/wp-content\/uploads\/2020\/10\/outdoor-adventure-08-home-400x956.jpg","astra-site-url":"\/\/websitedemos.net\/outdoor-adventure-08","astra-site-parent-id":1698,"astra-sites-tag":{"544":"adventure","545":"camping","543":"extreme-sports","541":"mountains","542":"park","546":"sports"},"astra-sites-type":"free","astra-site-page-builder":"gutenberg","astra-site-category":{"27":"business","39":"free"},"categories":[],"required-plugins":[{"slug":"wpforms-lite","init":"wpforms-lite\/wpforms.php","name":"WPForms Lite"}],"pages":{"id-48081":{"title":"Home","featured-image-url":"https:\/\/websitedemos.net\/wp-content\/uploads\/2020\/10\/outdoor-adventure-08-home.jpg","thumbnail-image-url":"https:\/\/websitedemos.net\/wp-content\/uploads\/2020\/10\/outdoor-adventure-08-home-600x800.jpg","astra-page-api-url":"https:\/\/websitedemos.net\/outdoor-adventure-08\/wp-json\/wp\/v2\/pages\/10","dynamic-page":"no","astra-page-url":"\/\/websitedemos.net\/outdoor-adventure-08\/","astra-sites-tag":{"423":"home"},"site-pages-type":"free","site-pages-page-builder":"gutenberg","site-pages-category":[],"site-pages-parent-category":{"60":"business","61":"free"},"required-plugins":[]},"id-48079":{"title":"About","featured-image-url":"https:\/\/websitedemos.net\/wp-content\/uploads\/2020\/10\/outdoor-adventure-08-about.jpg","thumbnail-image-url":"https:\/\/websitedemos.net\/wp-content\/uploads\/2020\/10\/outdoor-adventure-08-about-600x800.jpg","astra-page-api-url":"https:\/\/websitedemos.net\/outdoor-adventure-08\/wp-json\/wp\/v2\/pages\/6","dynamic-page":"no","astra-page-url":"\/\/websitedemos.net\/outdoor-adventure-08\/about\/","astra-sites-tag":{"352":"about"},"site-pages-type":"free","site-pages-page-builder":"gutenberg","site-pages-category":[],"site-pages-parent-category":{"60":"business","61":"free"},"required-plugins":[]},"id-48083":{"title":"Services","featured-image-url":"https:\/\/websitedemos.net\/wp-content\/uploads\/2020\/10\/outdoor-adventure-08-services.jpg","thumbnail-image-url":"https:\/\/websitedemos.net\/wp-content\/uploads\/2020\/10\/outdoor-adventure-08-services-600x800.jpg","astra-page-api-url":"https:\/\/websitedemos.net\/outdoor-adventure-08\/wp-json\/wp\/v2\/pages\/8","dynamic-page":"no","astra-page-url":"\/\/websitedemos.net\/outdoor-adventure-08\/services\/","astra-sites-tag":{"425":"services"},"site-pages-type":"free","site-pages-page-builder":"gutenberg","site-pages-category":[],"site-pages-parent-category":{"60":"business","61":"free"},"required-plugins":[]},"id-48082":{"title":"Projects","featured-image-url":"https:\/\/websitedemos.net\/wp-content\/uploads\/2020\/10\/outdoor-adventure-08-projects.jpg","thumbnail-image-url":"https:\/\/websitedemos.net\/wp-content\/uploads\/2020\/10\/outdoor-adventure-08-projects-600x800.jpg","astra-page-api-url":"https:\/\/websitedemos.net\/outdoor-adventure-08\/wp-json\/wp\/v2\/pages\/7","dynamic-page":"no","astra-page-url":"\/\/websitedemos.net\/outdoor-adventure-08\/projects\/","astra-sites-tag":{"1613":"projects"},"site-pages-type":"free","site-pages-page-builder":"gutenberg","site-pages-category":[],"site-pages-parent-category":{"60":"business","61":"free"},"required-plugins":[]},"id-48080":{"title":"Contact","featured-image-url":"https:\/\/websitedemos.net\/wp-content\/uploads\/2020\/10\/outdoor-adventure-08-contact.jpg","thumbnail-image-url":"https:\/\/websitedemos.net\/wp-content\/uploads\/2020\/10\/outdoor-adventure-08-contact-600x800.jpg","astra-page-api-url":"https:\/\/websitedemos.net\/outdoor-adventure-08\/wp-json\/wp\/v2\/pages\/9","dynamic-page":"no","astra-page-url":"\/\/websitedemos.net\/outdoor-adventure-08\/contact\/","astra-sites-tag":{"415":"contact"},"site-pages-type":"free","site-pages-page-builder":"gutenberg","site-pages-category":[],"site-pages-parent-category":{"60":"business","61":"free"},"required-plugins":[{"slug":"wpforms-lite","init":"wpforms-lite\/wpforms.php","name":"WPForms Lite"}]}}},"id-53593":{"title":"The Pizzeria","featured-image-url":"https:\/\/websitedemos.net\/wp-content\/uploads\/2021\/05\/pizzeria-02-home.jpg","thumbnail-image-url":"https:\/\/websitedemos.net\/wp-content\/uploads\/2021\/05\/pizzeria-02-home-600x800.jpg","fullpage-thumbnail-image-url":"https:\/\/websitedemos.net\/wp-content\/uploads\/2021\/05\/pizzeria-02-home-400x2120.jpg","astra-site-url":"\/\/websitedemos.net\/pizzeria-04","astra-site-parent-id":1961,"astra-sites-tag":{"2011":"fast-food-chain","2013":"fast-food-restaurant","2018":"fast-food-service","350":"hotel","563":"italian-restaurant","1975":"pasta","1971":"pizza","2012":"pizza-house","1977":"pizzeria","335":"restaurant"},"astra-sites-type":"agency-mini","astra-site-page-builder":"elementor","astra-site-category":{"27":"business"},"categories":[],"required-plugins":[{"slug":"elementor","init":"elementor\/elementor.php","name":"Elementor"},{"slug":"header-footer-elementor","init":"header-footer-elementor\/header-footer-elementor.php","name":"Elementor - Header, Footer & Blocks"},{"slug":"wpforms-lite","init":"wpforms-lite\/wpforms.php","name":"WPForms Lite"}],"pages":{"id-53594":{"title":"About","featured-image-url":"https:\/\/websitedemos.net\/wp-content\/uploads\/2021\/05\/pizzeria-02-about.jpg","thumbnail-image-url":"https:\/\/websitedemos.net\/wp-content\/uploads\/2021\/05\/pizzeria-02-about-600x800.jpg","astra-page-api-url":"https:\/\/websitedemos.net\/pizzeria-04\/wp-json\/wp\/v2\/pages\/860","dynamic-page":"no","astra-page-url":"\/\/websitedemos.net\/pizzeria-04\/about\/","astra-sites-tag":{"352":"about"},"site-pages-type":"agency-mini","site-pages-page-builder":"elementor","site-pages-category":[],"site-pages-parent-category":{"60":"business"},"required-plugins":[{"slug":"elementor","init":"elementor\/elementor.php","name":"Elementor"}]},"id-53595":{"title":"Contact","featured-image-url":"https:\/\/websitedemos.net\/wp-content\/uploads\/2021\/05\/pizzeria-02-contact.jpg","thumbnail-image-url":"https:\/\/websitedemos.net\/wp-content\/uploads\/2021\/05\/pizzeria-02-contact-600x800.jpg","astra-page-api-url":"https:\/\/websitedemos.net\/pizzeria-04\/wp-json\/wp\/v2\/pages\/1035","dynamic-page":"no","astra-page-url":"\/\/websitedemos.net\/pizzeria-04\/contact\/","astra-sites-tag":{"415":"contact"},"site-pages-type":"agency-mini","site-pages-page-builder":"elementor","site-pages-category":[],"site-pages-parent-category":{"60":"business"},"required-plugins":[{"slug":"elementor","init":"elementor\/elementor.php","name":"Elementor"},{"slug":"wpforms-lite","init":"wpforms-lite\/wpforms.php","name":"WPForms Lite"}]},"id-53596":{"title":"Home","featured-image-url":"https:\/\/websitedemos.net\/wp-content\/uploads\/2021\/05\/pizzeria-02-home.jpg","thumbnail-image-url":"https:\/\/websitedemos.net\/wp-content\/uploads\/2021\/05\/pizzeria-02-home-600x800.jpg","astra-page-api-url":"https:\/\/websitedemos.net\/pizzeria-04\/wp-json\/wp\/v2\/pages\/11","dynamic-page":"no","astra-page-url":"\/\/websitedemos.net\/pizzeria-04\/","astra-sites-tag":{"423":"home"},"site-pages-type":"agency-mini","site-pages-page-builder":"elementor","site-pages-category":[],"site-pages-parent-category":{"60":"business"},"required-plugins":[{"slug":"elementor","init":"elementor\/elementor.php","name":"Elementor"}]},"id-53597":{"title":"Offers","featured-image-url":"https:\/\/websitedemos.net\/wp-content\/uploads\/2021\/05\/pizzeria-02-offers.jpg","thumbnail-image-url":"https:\/\/websitedemos.net\/wp-content\/uploads\/2021\/05\/pizzeria-02-offers-600x800.jpg","astra-page-api-url":"https:\/\/websitedemos.net\/pizzeria-04\/wp-json\/wp\/v2\/pages\/1018","dynamic-page":"no","astra-page-url":"\/\/websitedemos.net\/pizzeria-04\/offers\/","astra-sites-tag":{"1969":"offers"},"site-pages-type":"agency-mini","site-pages-page-builder":"elementor","site-pages-category":[],"site-pages-parent-category":{"60":"business"},"required-plugins":[{"slug":"elementor","init":"elementor\/elementor.php","name":"Elementor"}]},"id-53598":{"title":"Our Menu","featured-image-url":"https:\/\/websitedemos.net\/wp-content\/uploads\/2021\/05\/pizzeria-02-our-menu.jpg","thumbnail-image-url":"https:\/\/websitedemos.net\/wp-content\/uploads\/2021\/05\/pizzeria-02-our-menu-600x800.jpg","astra-page-api-url":"https:\/\/websitedemos.net\/pizzeria-04\/wp-json\/wp\/v2\/pages\/648","dynamic-page":"no","astra-page-url":"\/\/websitedemos.net\/pizzeria-04\/our-menu\/","astra-sites-tag":{"565":"menu"},"site-pages-type":"agency-mini","site-pages-page-builder":"elementor","site-pages-category":[],"site-pages-parent-category":{"60":"business"},"required-plugins":[{"slug":"elementor","init":"elementor\/elementor.php","name":"Elementor"}]}}},"id-17988":{"title":"Brandstore","featured-image-url":"https:\/\/websitedemos.net\/wp-content\/uploads\/2019\/10\/brandstore-02-home-2.jpg","thumbnail-image-url":"https:\/\/websitedemos.net\/wp-content\/uploads\/2019\/10\/brandstore-02-home-2-600x800.jpg","fullpage-thumbnail-image-url":"https:\/\/websitedemos.net\/wp-content\/uploads\/2019\/10\/brandstore-02-home-2-400x1136.jpg","astra-site-url":"\/\/websitedemos.net\/brandstore-02","astra-site-parent-id":317,"astra-sites-tag":{"639":"accessories","638":"brand-store","880":"cartflows","640":"cloth-store","637":"clothing","496":"ecommerce","383":"online-store","967":"product-store","733":"shop","966":"woo-commerce","1024":"woocommerce"},"astra-sites-type":"free","astra-site-page-builder":"elementor","astra-site-category":{"38":"ecommerce","39":"free"},"categories":[],"required-plugins":[{"slug":"elementor","init":"elementor\/elementor.php","name":"Elementor"},{"slug":"woocommerce","init":"woocommerce\/woocommerce.php","name":"WooCommerce"},{"slug":"cartflows","init":"cartflows\/cartflows.php","name":"CartFlows"},{"slug":"woo-cart-abandonment-recovery","init":"woo-cart-abandonment-recovery\/woo-cart-abandonment-recovery.php","name":"WooCommerce Cart Abandonment Recovery"},{"slug":"wpforms-lite","init":"wpforms-lite\/wpforms.php","name":"WPForms Lite"}],"pages":{"id-34092":{"title":"Home","featured-image-url":"https:\/\/websitedemos.net\/wp-content\/uploads\/2019\/10\/brandstore-02-home-2.jpg","thumbnail-image-url":"https:\/\/websitedemos.net\/wp-content\/uploads\/2019\/10\/brandstore-02-home-2-600x800.jpg","astra-page-api-url":"https:\/\/websitedemos.net\/brandstore-02\/wp-json\/wp\/v2\/pages\/10","dynamic-page":"yes","astra-page-url":"\/\/websitedemos.net\/brandstore-02\/","astra-sites-tag":{"423":"home"},"site-pages-type":"free","site-pages-page-builder":"elementor","site-pages-category":[],"site-pages-parent-category":{"64":"ecommerce","61":"free"},"required-plugins":[{"slug":"elementor","init":"elementor\/elementor.php","name":"Elementor"}]},"id-26320":{"title":"About","featured-image-url":"https:\/\/websitedemos.net\/wp-content\/uploads\/2019\/07\/brandstore-02-about-1.jpg","thumbnail-image-url":"https:\/\/websitedemos.net\/wp-content\/uploads\/2019\/07\/brandstore-02-about-1-600x800.jpg","astra-page-api-url":"https:\/\/websitedemos.net\/brandstore-02\/wp-json\/wp\/v2\/pages\/43","dynamic-page":"no","astra-page-url":"\/\/websitedemos.net\/brandstore-02\/about\/","astra-sites-tag":{"352":"about"},"site-pages-type":"free","site-pages-page-builder":"elementor","site-pages-category":[],"site-pages-parent-category":{"64":"ecommerce","61":"free"},"required-plugins":[{"slug":"elementor","init":"elementor\/elementor.php","name":"Elementor"}]},"id-26323":{"title":"Contact Us","featured-image-url":"https:\/\/websitedemos.net\/wp-content\/uploads\/2019\/07\/brandstore-02-contact.jpg","thumbnail-image-url":"https:\/\/websitedemos.net\/wp-content\/uploads\/2019\/07\/brandstore-02-contact-600x800.jpg","astra-page-api-url":"https:\/\/websitedemos.net\/brandstore-02\/wp-json\/wp\/v2\/pages\/414","dynamic-page":"no","astra-page-url":"\/\/websitedemos.net\/brandstore-02\/contact-us\/","astra-sites-tag":{"415":"contact"},"site-pages-type":"free","site-pages-page-builder":"elementor","site-pages-category":[],"site-pages-parent-category":{"64":"ecommerce","61":"free"},"required-plugins":[{"slug":"elementor","init":"elementor\/elementor.php","name":"Elementor"},{"slug":"wpforms-lite","init":"wpforms-lite\/wpforms.php","name":"WPForms Lite"}]}}},"id-18035":{"title":"Brandstore","featured-image-url":"https:\/\/websitedemos.net\/wp-content\/uploads\/2019\/07\/brandstore-01-homepage.jpg","thumbnail-image-url":"https:\/\/websitedemos.net\/wp-content\/uploads\/2019\/07\/brandstore-01-homepage-600x800.jpg","fullpage-thumbnail-image-url":"https:\/\/websitedemos.net\/wp-content\/uploads\/2019\/07\/brandstore-01-homepage-400x800.jpg","astra-site-url":"\/\/websitedemos.net\/brandstore-01","astra-site-parent-id":149,"astra-sites-tag":{"639":"accessories","638":"brand-store","640":"cloth-store","637":"clothing","496":"ecommerce","383":"online-store","733":"shop","1024":"woocommerce"},"astra-sites-type":"free","astra-site-page-builder":"beaver-builder","astra-site-category":{"38":"ecommerce","39":"free"},"categories":[],"required-plugins":[{"slug":"beaver-builder-lite-version","init":"beaver-builder-lite-version\/fl-builder.php","name":"Beaver Builder Plugin (Lite Version)"},{"slug":"ultimate-addons-for-beaver-builder-lite","init":"ultimate-addons-for-beaver-builder-lite\/bb-ultimate-addon.php","name":"Ultimate Addons for Beaver Builder - Lite"},{"slug":"woocommerce","init":"woocommerce\/woocommerce.php","name":"WooCommerce"},{"slug":"wpforms-lite","init":"wpforms-lite\/wpforms.php","name":"WPForms Lite"},{"slug":"woo-cart-abandonment-recovery","init":"woo-cart-abandonment-recovery\/woo-cart-abandonment-recovery.php","name":"WooCommerce Cart Abandonment Recovery"}],"pages":{"id-23419":{"title":"Home","featured-image-url":"https:\/\/websitedemos.net\/wp-content\/uploads\/2019\/07\/brandstore-01-homepage.jpg","thumbnail-image-url":"https:\/\/websitedemos.net\/wp-content\/uploads\/2019\/07\/brandstore-01-homepage-600x800.jpg","astra-page-api-url":"https:\/\/websitedemos.net\/brandstore-01\/wp-json\/wp\/v2\/pages\/10","dynamic-page":"yes","astra-page-url":"\/\/websitedemos.net\/brandstore-01\/","astra-sites-tag":{"423":"home"},"site-pages-type":"free","site-pages-page-builder":"beaver-builder","site-pages-category":[],"site-pages-parent-category":{"64":"ecommerce","61":"free"},"required-plugins":[{"slug":"beaver-builder-lite-version","init":"beaver-builder-lite-version\/fl-builder.php","name":"Beaver Builder Plugin (Lite Version)"},{"slug":"ultimate-addons-for-beaver-builder-lite","init":"ultimate-addons-for-beaver-builder-lite\/bb-ultimate-addon.php","name":"Ultimate Addons for Beaver Builder - Lite"}]},"id-23417":{"title":"About","featured-image-url":"https:\/\/websitedemos.net\/wp-content\/uploads\/2019\/07\/brandstore-01-about.jpg","thumbnail-image-url":"https:\/\/websitedemos.net\/wp-content\/uploads\/2019\/07\/brandstore-01-about-600x800.jpg","astra-page-api-url":"https:\/\/websitedemos.net\/brandstore-01\/wp-json\/wp\/v2\/pages\/43","dynamic-page":"no","astra-page-url":"\/\/websitedemos.net\/brandstore-01\/about\/","astra-sites-tag":{"352":"about"},"site-pages-type":"free","site-pages-page-builder":"beaver-builder","site-pages-category":[],"site-pages-parent-category":{"64":"ecommerce","61":"free"},"required-plugins":[{"slug":"beaver-builder-lite-version","init":"beaver-builder-lite-version\/fl-builder.php","name":"Beaver Builder Plugin (Lite Version)"},{"slug":"ultimate-addons-for-beaver-builder-lite","init":"ultimate-addons-for-beaver-builder-lite\/bb-ultimate-addon.php","name":"Ultimate Addons for Beaver Builder - Lite"}]},"id-23418":{"title":"Contact Us","featured-image-url":"https:\/\/websitedemos.net\/wp-content\/uploads\/2019\/07\/brandstore-01-contact.jpg","thumbnail-image-url":"https:\/\/websitedemos.net\/wp-content\/uploads\/2019\/07\/id-23418-brandstore-contact-us-resize.jpg","astra-page-api-url":"https:\/\/websitedemos.net\/brandstore-01\/wp-json\/wp\/v2\/pages\/414","dynamic-page":"no","astra-page-url":"\/\/websitedemos.net\/brandstore-01\/contact-us\/","astra-sites-tag":{"415":"contact"},"site-pages-type":"free","site-pages-page-builder":"beaver-builder","site-pages-category":[],"site-pages-parent-category":{"64":"ecommerce","61":"free"},"required-plugins":[{"slug":"beaver-builder-lite-version","init":"beaver-builder-lite-version\/fl-builder.php","name":"Beaver Builder Plugin (Lite Version)"},{"slug":"ultimate-addons-for-beaver-builder-lite","init":"ultimate-addons-for-beaver-builder-lite\/bb-ultimate-addon.php","name":"Ultimate Addons for Beaver Builder - Lite"},{"slug":"wpforms-lite","init":"wpforms-lite\/wpforms.php","name":"WPForms Lite"}]}}},"id-48050":{"title":"Brandstore","featured-image-url":"https:\/\/websitedemos.net\/wp-content\/uploads\/2020\/10\/brandstore-08-home-1.jpg","thumbnail-image-url":"https:\/\/websitedemos.net\/wp-content\/uploads\/2020\/10\/brandstore-08-home-1-600x800.jpg","fullpage-thumbnail-image-url":"https:\/\/websitedemos.net\/wp-content\/uploads\/2020\/10\/brandstore-08-home-1-400x1090.jpg","astra-site-url":"\/\/websitedemos.net\/brandstore-08","astra-site-parent-id":1695,"astra-sites-tag":{"639":"accessories","638":"brand-store","640":"cloth-store","637":"clothing","496":"ecommerce","383":"online-store","733":"shop","1024":"woocommerce"},"astra-sites-type":"free","astra-site-page-builder":"gutenberg","astra-site-category":{"27":"business","38":"ecommerce","39":"free"},"categories":[],"required-plugins":[{"slug":"woocommerce","init":"woocommerce\/woocommerce.php","name":"WooCommerce"},{"slug":"wpforms-lite","init":"wpforms-lite\/wpforms.php","name":"WPForms Lite"}],"pages":{"id-48053":{"title":"Home","featured-image-url":"https:\/\/websitedemos.net\/wp-content\/uploads\/2020\/10\/brandstore-08-home-1.jpg","thumbnail-image-url":"https:\/\/websitedemos.net\/wp-content\/uploads\/2020\/10\/brandstore-08-home-1-600x800.jpg","astra-page-api-url":"https:\/\/websitedemos.net\/brandstore-08\/wp-json\/wp\/v2\/pages\/61","dynamic-page":"yes","astra-page-url":"\/\/websitedemos.net\/brandstore-08\/","astra-sites-tag":{"423":"home"},"site-pages-type":"free","site-pages-page-builder":"gutenberg","site-pages-category":[],"site-pages-parent-category":{"60":"business","64":"ecommerce","61":"free"},"required-plugins":[]},"id-48051":{"title":"About","featured-image-url":"https:\/\/websitedemos.net\/wp-content\/uploads\/2020\/10\/brandstore-08-about-1.jpg","thumbnail-image-url":"https:\/\/websitedemos.net\/wp-content\/uploads\/2020\/10\/brandstore-08-about-1-600x800.jpg","astra-page-api-url":"https:\/\/websitedemos.net\/brandstore-08\/wp-json\/wp\/v2\/pages\/59","dynamic-page":"no","astra-page-url":"\/\/websitedemos.net\/brandstore-08\/about\/","astra-sites-tag":{"352":"about"},"site-pages-type":"free","site-pages-page-builder":"gutenberg","site-pages-category":[],"site-pages-parent-category":{"60":"business","64":"ecommerce","61":"free"},"required-plugins":[]},"id-48052":{"title":"Contact Us","featured-image-url":"https:\/\/websitedemos.net\/wp-content\/uploads\/2020\/10\/brandstore-08-contact-1.jpg","thumbnail-image-url":"https:\/\/websitedemos.net\/wp-content\/uploads\/2020\/10\/brandstore-08-contact-1-600x800.jpg","astra-page-api-url":"https:\/\/websitedemos.net\/brandstore-08\/wp-json\/wp\/v2\/pages\/60","dynamic-page":"no","astra-page-url":"\/\/websitedemos.net\/brandstore-08\/contact-us\/","astra-sites-tag":{"415":"contact"},"site-pages-type":"free","site-pages-page-builder":"gutenberg","site-pages-category":[],"site-pages-parent-category":{"60":"business","64":"ecommerce","61":"free"},"required-plugins":[{"slug":"wpforms-lite","init":"wpforms-lite\/wpforms.php","name":"WPForms Lite"}]}}},"id-20478":{"title":"Brandstore","featured-image-url":"https:\/\/websitedemos.net\/wp-content\/uploads\/2019\/07\/brandstore-05-home.jpg","thumbnail-image-url":"https:\/\/websitedemos.net\/wp-content\/uploads\/2019\/07\/brandstore-05-home-600x800.jpg","fullpage-thumbnail-image-url":"https:\/\/websitedemos.net\/wp-content\/uploads\/2019\/07\/brandstore-05-home-400x966.jpg","astra-site-url":"\/\/websitedemos.net\/brandstore-05","astra-site-parent-id":165,"astra-sites-tag":{"639":"accessories","638":"brand-store","640":"cloth-store","637":"clothing","496":"ecommerce","383":"online-store","733":"shop","1024":"woocommerce"},"astra-sites-type":"free","astra-site-page-builder":"brizy","astra-site-category":{"38":"ecommerce","39":"free"},"categories":[],"required-plugins":[{"slug":"brizy","init":"brizy\/brizy.php","name":"Brizy"},{"slug":"woocommerce","init":"woocommerce\/woocommerce.php","name":"WooCommerce"},{"slug":"woo-cart-abandonment-recovery","init":"woo-cart-abandonment-recovery\/woo-cart-abandonment-recovery.php","name":"WooCommerce Cart Abandonment Recovery"},{"slug":"wpforms-lite","init":"wpforms-lite\/wpforms.php","name":"WPForms Lite"}],"pages":{"id-23567":{"title":"Homepage","featured-image-url":"https:\/\/websitedemos.net\/wp-content\/uploads\/2019\/07\/brandstore-05-home.jpg","thumbnail-image-url":"https:\/\/websitedemos.net\/wp-content\/uploads\/2019\/07\/brandstore-05-home-600x800.jpg","astra-page-api-url":"https:\/\/websitedemos.net\/brandstore-05\/wp-json\/wp\/v2\/pages\/448","dynamic-page":"yes","astra-page-url":"\/\/websitedemos.net\/brandstore-05\/","astra-sites-tag":{"423":"home"},"site-pages-type":"free","site-pages-page-builder":"brizy","site-pages-category":[],"site-pages-parent-category":{"64":"ecommerce","61":"free"},"required-plugins":[{"slug":"brizy","init":"brizy\/brizy.php","name":"Brizy"}]},"id-23565":{"title":"About","featured-image-url":"https:\/\/websitedemos.net\/wp-content\/uploads\/2019\/07\/brandstore-05-about.jpg","thumbnail-image-url":"https:\/\/websitedemos.net\/wp-content\/uploads\/2019\/07\/brandstore-05-about-600x800.jpg","astra-page-api-url":"https:\/\/websitedemos.net\/brandstore-05\/wp-json\/wp\/v2\/pages\/465","dynamic-page":"no","astra-page-url":"\/\/websitedemos.net\/brandstore-05\/about\/","astra-sites-tag":{"352":"about"},"site-pages-type":"free","site-pages-page-builder":"brizy","site-pages-category":[],"site-pages-parent-category":{"64":"ecommerce","61":"free"},"required-plugins":[{"slug":"brizy","init":"brizy\/brizy.php","name":"Brizy"}]},"id-23566":{"title":"Contact Us","featured-image-url":"https:\/\/websitedemos.net\/wp-content\/uploads\/2019\/07\/brandstore-05-contact-us.jpg","thumbnail-image-url":"https:\/\/websitedemos.net\/wp-content\/uploads\/2019\/07\/brandstore-05-contact-us-600x800.jpg","astra-page-api-url":"https:\/\/websitedemos.net\/brandstore-05\/wp-json\/wp\/v2\/pages\/468","dynamic-page":"no","astra-page-url":"\/\/websitedemos.net\/brandstore-05\/contact-us\/","astra-sites-tag":{"415":"contact"},"site-pages-type":"free","site-pages-page-builder":"brizy","site-pages-category":[],"site-pages-parent-category":{"64":"ecommerce","61":"free"},"required-plugins":[{"slug":"brizy","init":"brizy\/brizy.php","name":"Brizy"},{"slug":"wpforms-lite","init":"wpforms-lite\/wpforms.php","name":"WPForms Lite"}]}}},"id-31992":{"title":"Organic Store","featured-image-url":"https:\/\/websitedemos.net\/wp-content\/uploads\/2019\/10\/organic-shop-02-home-1.jpg","thumbnail-image-url":"https:\/\/websitedemos.net\/wp-content\/uploads\/2019\/10\/organic-shop-02-home-1-600x800.jpg","fullpage-thumbnail-image-url":"https:\/\/websitedemos.net\/wp-content\/uploads\/2019\/10\/organic-shop-02-home-1-400x1421.jpg","astra-site-url":"\/\/websitedemos.net\/organic-shop-02","astra-site-parent-id":910,"astra-sites-tag":{"496":"ecommerce","369":"natural","368":"organic","967":"product-store","733":"shop","966":"woo-commerce"},"astra-sites-type":"free","astra-site-page-builder":"elementor","astra-site-category":{"38":"ecommerce","39":"free"},"categories":[],"required-plugins":[{"slug":"elementor","init":"elementor\/elementor.php","name":"Elementor"},{"slug":"woocommerce","init":"woocommerce\/woocommerce.php","name":"WooCommerce"},{"slug":"cartflows","init":"cartflows\/cartflows.php","name":"CartFlows"}],"pages":{"id-33788":{"title":"Home","featured-image-url":"https:\/\/websitedemos.net\/wp-content\/uploads\/2019\/10\/organic-shop-02-home-1.jpg","thumbnail-image-url":"https:\/\/websitedemos.net\/wp-content\/uploads\/2019\/10\/organic-shop-02-home-1-600x800.jpg","astra-page-api-url":"https:\/\/websitedemos.net\/organic-shop-02\/wp-json\/wp\/v2\/pages\/95","dynamic-page":"yes","astra-page-url":"\/\/websitedemos.net\/organic-shop-02\/","astra-sites-tag":{"423":"home"},"site-pages-type":"free","site-pages-page-builder":"elementor","site-pages-category":[],"site-pages-parent-category":{"64":"ecommerce","61":"free"},"required-plugins":[{"slug":"elementor","init":"elementor\/elementor.php","name":"Elementor"}]},"id-31993":{"title":"About","featured-image-url":"https:\/\/websitedemos.net\/wp-content\/uploads\/2019\/10\/organic-shop-02-about.jpg","thumbnail-image-url":"https:\/\/websitedemos.net\/wp-content\/uploads\/2019\/10\/organic-shop-02-about-600x800.jpg","astra-page-api-url":"https:\/\/websitedemos.net\/organic-shop-02\/wp-json\/wp\/v2\/pages\/96","dynamic-page":"no","astra-page-url":"\/\/websitedemos.net\/organic-shop-02\/about\/","astra-sites-tag":{"352":"about"},"site-pages-type":"free","site-pages-page-builder":"elementor","site-pages-category":[],"site-pages-parent-category":{"64":"ecommerce","61":"free"},"required-plugins":[{"slug":"elementor","init":"elementor\/elementor.php","name":"Elementor"}]},"id-31994":{"title":"Contact","featured-image-url":"https:\/\/websitedemos.net\/wp-content\/uploads\/2019\/10\/organic-shop-02-contact.jpg","thumbnail-image-url":"https:\/\/websitedemos.net\/wp-content\/uploads\/2019\/10\/organic-shop-02-contact-600x800.jpg","astra-page-api-url":"https:\/\/websitedemos.net\/organic-shop-02\/wp-json\/wp\/v2\/pages\/15","dynamic-page":"no","astra-page-url":"\/\/websitedemos.net\/organic-shop-02\/contact\/","astra-sites-tag":{"415":"contact"},"site-pages-type":"free","site-pages-page-builder":"elementor","site-pages-category":[],"site-pages-parent-category":{"64":"ecommerce","61":"free"},"required-plugins":[{"slug":"elementor","init":"elementor\/elementor.php","name":"Elementor"}]}}},"id-22401":{"title":"Organic Store","featured-image-url":"https:\/\/websitedemos.net\/wp-content\/uploads\/2019\/10\/organic-shop-01-home-1.jpg","thumbnail-image-url":"https:\/\/websitedemos.net\/wp-content\/uploads\/2019\/10\/organic-shop-01-home-1-600x800.jpg","fullpage-thumbnail-image-url":"https:\/\/websitedemos.net\/wp-content\/uploads\/2019\/10\/organic-shop-01-home-1-400x1498.jpg","astra-site-url":"\/\/websitedemos.net\/organic-shop-01","astra-site-parent-id":79,"astra-sites-tag":{"880":"cartflows","369":"natural","368":"organic","886":"organic-shop","370":"organic-store","733":"shop"},"astra-sites-type":"free","astra-site-page-builder":"beaver-builder","astra-site-category":{"38":"ecommerce","39":"free"},"categories":[],"required-plugins":[{"slug":"beaver-builder-lite-version","init":"beaver-builder-lite-version\/fl-builder.php","name":"Beaver Builder Plugin (Lite Version)"},{"slug":"ultimate-addons-for-beaver-builder-lite","init":"ultimate-addons-for-beaver-builder-lite\/bb-ultimate-addon.php","name":"Ultimate Addons for Beaver Builder - Lite"},{"slug":"woocommerce","init":"woocommerce\/woocommerce.php","name":"WooCommerce"},{"slug":"woo-cart-abandonment-recovery","init":"woo-cart-abandonment-recovery\/woo-cart-abandonment-recovery.php","name":"WooCommerce Cart Abandonment Recovery"}],"pages":{"id-34078":{"title":"Home","featured-image-url":"https:\/\/websitedemos.net\/wp-content\/uploads\/2019\/10\/organic-shop-01-home-1.jpg","thumbnail-image-url":"https:\/\/websitedemos.net\/wp-content\/uploads\/2019\/10\/organic-shop-01-home-1-600x800.jpg","astra-page-api-url":"https:\/\/websitedemos.net\/organic-shop-01\/wp-json\/wp\/v2\/pages\/95","dynamic-page":"yes","astra-page-url":"\/\/websitedemos.net\/organic-shop-01\/","astra-sites-tag":{"423":"home"},"site-pages-type":"free","site-pages-page-builder":"beaver-builder","site-pages-category":[],"site-pages-parent-category":{"64":"ecommerce","61":"free"},"required-plugins":[{"slug":"beaver-builder-lite-version","init":"beaver-builder-lite-version\/fl-builder.php","name":"Beaver Builder Plugin (Lite Version)"},{"slug":"ultimate-addons-for-beaver-builder-lite","init":"ultimate-addons-for-beaver-builder-lite\/bb-ultimate-addon.php","name":"Ultimate Addons for Beaver Builder - Lite"}]},"id-22303":{"title":"About","featured-image-url":"https:\/\/websitedemos.net\/wp-content\/uploads\/2019\/10\/organic-shop-01-about.jpg","thumbnail-image-url":"https:\/\/websitedemos.net\/wp-content\/uploads\/2019\/10\/organic-shop-01-about-600x800.jpg","astra-page-api-url":"https:\/\/websitedemos.net\/organic-shop-01\/wp-json\/wp\/v2\/pages\/96","dynamic-page":"no","astra-page-url":"\/\/websitedemos.net\/organic-shop-01\/about\/","astra-sites-tag":{"352":"about"},"site-pages-type":"free","site-pages-page-builder":"beaver-builder","site-pages-category":[],"site-pages-parent-category":{"64":"ecommerce","61":"free"},"required-plugins":[{"slug":"beaver-builder-lite-version","init":"beaver-builder-lite-version\/fl-builder.php","name":"Beaver Builder Plugin (Lite Version)"},{"slug":"ultimate-addons-for-beaver-builder-lite","init":"ultimate-addons-for-beaver-builder-lite\/bb-ultimate-addon.php","name":"Ultimate Addons for Beaver Builder - Lite"}]},"id-22304":{"title":"Contact","featured-image-url":"https:\/\/websitedemos.net\/wp-content\/uploads\/2019\/10\/organic-shop-01-contact.jpg","thumbnail-image-url":"https:\/\/websitedemos.net\/wp-content\/uploads\/2019\/10\/organic-shop-01-contact-600x800.jpg","astra-page-api-url":"https:\/\/websitedemos.net\/organic-shop-01\/wp-json\/wp\/v2\/pages\/15","dynamic-page":"no","astra-page-url":"\/\/websitedemos.net\/organic-shop-01\/contact\/","astra-sites-tag":{"415":"contact"},"site-pages-type":"free","site-pages-page-builder":"beaver-builder","site-pages-category":[],"site-pages-parent-category":{"64":"ecommerce","61":"free"},"required-plugins":[{"slug":"beaver-builder-lite-version","init":"beaver-builder-lite-version\/fl-builder.php","name":"Beaver Builder Plugin (Lite Version)"},{"slug":"ultimate-addons-for-beaver-builder-lite","init":"ultimate-addons-for-beaver-builder-lite\/bb-ultimate-addon.php","name":"Ultimate Addons for Beaver Builder - Lite"}]}}},"id-48121":{"title":"Organic Store","featured-image-url":"https:\/\/websitedemos.net\/wp-content\/uploads\/2020\/10\/organic-shop01-home.jpg","thumbnail-image-url":"https:\/\/websitedemos.net\/wp-content\/uploads\/2020\/10\/organic-shop01-home-600x800.jpg","fullpage-thumbnail-image-url":"https:\/\/websitedemos.net\/wp-content\/uploads\/2020\/10\/organic-shop01-home-400x1367.jpg","astra-site-url":"\/\/websitedemos.net\/organic-shop-08","astra-site-parent-id":1702,"astra-sites-tag":{"496":"ecommerce","369":"natural","368":"organic","967":"product-store","733":"shop","1024":"woocommerce"},"astra-sites-type":"free","astra-site-page-builder":"gutenberg","astra-site-category":{"38":"ecommerce","39":"free"},"categories":[],"required-plugins":[{"slug":"woocommerce","init":"woocommerce\/woocommerce.php","name":"WooCommerce"},{"slug":"woo-cart-abandonment-recovery","init":"woo-cart-abandonment-recovery\/woo-cart-abandonment-recovery.php","name":"WooCommerce Cart Abandonment Recovery"}],"pages":{"id-48124":{"title":"Home","featured-image-url":"https:\/\/websitedemos.net\/wp-content\/uploads\/2020\/10\/organic-shop01-home.jpg","thumbnail-image-url":"https:\/\/websitedemos.net\/wp-content\/uploads\/2020\/10\/organic-shop01-home-600x800.jpg","astra-page-api-url":"https:\/\/websitedemos.net\/organic-shop-08\/wp-json\/wp\/v2\/pages\/3610","dynamic-page":"yes","astra-page-url":"\/\/websitedemos.net\/organic-shop-08\/","astra-sites-tag":{"814":"homepage"},"site-pages-type":"free","site-pages-page-builder":"gutenberg","site-pages-category":[],"site-pages-parent-category":{"64":"ecommerce","61":"free"},"required-plugins":[]},"id-48122":{"title":"About","featured-image-url":"https:\/\/websitedemos.net\/wp-content\/uploads\/2020\/10\/organic-shop-about-gb.jpg","thumbnail-image-url":"https:\/\/websitedemos.net\/wp-content\/uploads\/2020\/10\/organic-shop-about-gb-600x800.jpg","astra-page-api-url":"https:\/\/websitedemos.net\/organic-shop-08\/wp-json\/wp\/v2\/pages\/3612","dynamic-page":"no","astra-page-url":"\/\/websitedemos.net\/organic-shop-08\/about\/","astra-sites-tag":{"352":"about"},"site-pages-type":"free","site-pages-page-builder":"gutenberg","site-pages-category":[],"site-pages-parent-category":{"64":"ecommerce","61":"free"},"required-plugins":[]},"id-48123":{"title":"Contact","featured-image-url":"https:\/\/websitedemos.net\/wp-content\/uploads\/2020\/10\/organic-shop-contact-gb.jpg","thumbnail-image-url":"https:\/\/websitedemos.net\/wp-content\/uploads\/2020\/10\/organic-shop-contact-gb-600x800.jpg","astra-page-api-url":"https:\/\/websitedemos.net\/organic-shop-08\/wp-json\/wp\/v2\/pages\/3614","dynamic-page":"no","astra-page-url":"\/\/websitedemos.net\/organic-shop-08\/contact\/","astra-sites-tag":{"415":"contact"},"site-pages-type":"free","site-pages-page-builder":"gutenberg","site-pages-category":[],"site-pages-parent-category":{"64":"ecommerce","61":"free"},"required-plugins":[]}}},"id-53724":{"title":"Food Blogger &amp; Influencer","featured-image-url":"https:\/\/websitedemos.net\/wp-content\/uploads\/2021\/05\/food-blogger-02-home.jpg","thumbnail-image-url":"https:\/\/websitedemos.net\/wp-content\/uploads\/2021\/05\/food-blogger-02-home-600x800.jpg","fullpage-thumbnail-image-url":"https:\/\/websitedemos.net\/wp-content\/uploads\/2021\/05\/food-blogger-02-home-400x1708.jpg","astra-site-url":"\/\/websitedemos.net\/food-blogger-04","astra-site-parent-id":2000,"astra-sites-tag":{"1652":"blogger","1654":"content-creator","2173":"food-drinks","2171":"food-drinks-influencer","2172":"food-drinks-vlogger","890":"food-blogger","1547":"influencer","2163":"social-media-influencer","1837":"vlogger"},"astra-sites-type":"agency-mini","astra-site-page-builder":"elementor","astra-site-category":{"37":"blog"},"categories":[],"required-plugins":[{"slug":"elementor","init":"elementor\/elementor.php","name":"Elementor"},{"slug":"header-footer-elementor","init":"header-footer-elementor\/header-footer-elementor.php","name":"Elementor - Header, Footer & Blocks"},{"slug":"wpforms-lite","init":"wpforms-lite\/wpforms.php","name":"WPForms Lite"}],"pages":{"id-53726":{"title":"Contact","featured-image-url":"https:\/\/websitedemos.net\/wp-content\/uploads\/2021\/05\/food-blogger-02-contact.jpg","thumbnail-image-url":"https:\/\/websitedemos.net\/wp-content\/uploads\/2021\/05\/food-blogger-02-contact-600x800.jpg","astra-page-api-url":"https:\/\/websitedemos.net\/food-blogger-04\/wp-json\/wp\/v2\/pages\/904","dynamic-page":"no","astra-page-url":"\/\/websitedemos.net\/food-blogger-04\/contact\/","astra-sites-tag":{"415":"contact"},"site-pages-type":"agency-mini","site-pages-page-builder":"elementor","site-pages-category":[],"site-pages-parent-category":{"74":"blog"},"required-plugins":[{"slug":"elementor","init":"elementor\/elementor.php","name":"Elementor"},{"slug":"wpforms-lite","init":"wpforms-lite\/wpforms.php","name":"WPForms Lite"}]},"id-53725":{"title":"About","featured-image-url":"https:\/\/websitedemos.net\/wp-content\/uploads\/2021\/05\/food-blogger-02-about.jpg","thumbnail-image-url":"https:\/\/websitedemos.net\/wp-content\/uploads\/2021\/05\/food-blogger-02-about-600x800.jpg","astra-page-api-url":"https:\/\/websitedemos.net\/food-blogger-04\/wp-json\/wp\/v2\/pages\/462","dynamic-page":"no","astra-page-url":"\/\/websitedemos.net\/food-blogger-04\/about\/","astra-sites-tag":{"352":"about"},"site-pages-type":"agency-mini","site-pages-page-builder":"elementor","site-pages-category":[],"site-pages-parent-category":{"74":"blog"},"required-plugins":[{"slug":"elementor","init":"elementor\/elementor.php","name":"Elementor"}]},"id-53727":{"title":"Home","featured-image-url":"https:\/\/websitedemos.net\/wp-content\/uploads\/2021\/05\/food-blogger-02-home.jpg","thumbnail-image-url":"https:\/\/websitedemos.net\/wp-content\/uploads\/2021\/05\/food-blogger-02-home-600x800.jpg","astra-page-api-url":"https:\/\/websitedemos.net\/food-blogger-04\/wp-json\/wp\/v2\/pages\/17","dynamic-page":"no","astra-page-url":"\/\/websitedemos.net\/food-blogger-04\/","astra-sites-tag":{"423":"home"},"site-pages-type":"agency-mini","site-pages-page-builder":"elementor","site-pages-category":[],"site-pages-parent-category":{"74":"blog"},"required-plugins":[{"slug":"elementor","init":"elementor\/elementor.php","name":"Elementor"},{"slug":"wpforms-lite","init":"wpforms-lite\/wpforms.php","name":"WPForms Lite"}]},"id-53728":{"title":"Reviews","featured-image-url":"https:\/\/websitedemos.net\/wp-content\/uploads\/2021\/05\/food-blogger-02-reviews.jpg","thumbnail-image-url":"https:\/\/websitedemos.net\/wp-content\/uploads\/2021\/05\/food-blogger-02-reviews-600x800.jpg","astra-page-api-url":"https:\/\/websitedemos.net\/food-blogger-04\/wp-json\/wp\/v2\/pages\/709","dynamic-page":"no","astra-page-url":"\/\/websitedemos.net\/food-blogger-04\/reviews\/","astra-sites-tag":{"432":"review"},"site-pages-type":"agency-mini","site-pages-page-builder":"elementor","site-pages-category":[],"site-pages-parent-category":{"74":"blog"},"required-plugins":[{"slug":"elementor","init":"elementor\/elementor.php","name":"Elementor"},{"slug":"wpforms-lite","init":"wpforms-lite\/wpforms.php","name":"WPForms Lite"}]},"id-53729":{"title":"Videos","featured-image-url":"https:\/\/websitedemos.net\/wp-content\/uploads\/2021\/05\/food-blogger-02-videos.jpg","thumbnail-image-url":"https:\/\/websitedemos.net\/wp-content\/uploads\/2021\/05\/food-blogger-02-videos-600x800.jpg","astra-page-api-url":"https:\/\/websitedemos.net\/food-blogger-04\/wp-json\/wp\/v2\/pages\/833","dynamic-page":"no","astra-page-url":"\/\/websitedemos.net\/food-blogger-04\/videos\/","astra-sites-tag":{"2002":"updates","2001":"videos"},"site-pages-type":"agency-mini","site-pages-page-builder":"elementor","site-pages-category":[],"site-pages-parent-category":{"74":"blog"},"required-plugins":[{"slug":"elementor","init":"elementor\/elementor.php","name":"Elementor"},{"slug":"wpforms-lite","init":"wpforms-lite\/wpforms.php","name":"WPForms Lite"}]}}},"id-55865":{"title":"Food Blogger &amp; Influencer","featured-image-url":"https:\/\/websitedemos.net\/wp-content\/uploads\/2021\/06\/food-blogger-homepage-bb.jpg","thumbnail-image-url":"https:\/\/websitedemos.net\/wp-content\/uploads\/2021\/06\/food-blogger-homepage-bb-600x800.jpg","fullpage-thumbnail-image-url":"https:\/\/websitedemos.net\/wp-content\/uploads\/2021\/06\/food-blogger-homepage-bb-400x1512.jpg","astra-site-url":"\/\/websitedemos.net\/food-blogger-03","astra-site-parent-id":2222,"astra-sites-tag":{"1652":"blogger","1654":"content-creator","2172":"food-drinks-vlogger","2068":"food-and-drinks","2223":"food-and-drinks-influencer","890":"food-blogger","1547":"influencer","2163":"social-media-influencer","1837":"vlogger"},"astra-sites-type":"agency-mini","astra-site-page-builder":"beaver-builder","astra-site-category":{"37":"blog"},"categories":[],"required-plugins":[{"slug":"beaver-builder-lite-version","init":"beaver-builder-lite-version\/fl-builder.php","name":"Beaver Builder Plugin (Lite Version)"},{"slug":"bb-ultimate-addon","init":"bb-ultimate-addon\/bb-ultimate-addon.php","name":"Ultimate Addons for Beaver Builder"},{"slug":"wpforms-lite","init":"wpforms-lite\/wpforms.php","name":"WPForms Lite"}],"pages":{"id-55866":{"title":"About","featured-image-url":"https:\/\/websitedemos.net\/wp-content\/uploads\/2021\/06\/food-blogger-about-bb.jpg","thumbnail-image-url":"https:\/\/websitedemos.net\/wp-content\/uploads\/2021\/06\/food-blogger-about-bb-600x800.jpg","astra-page-api-url":"https:\/\/websitedemos.net\/food-blogger-03\/wp-json\/wp\/v2\/pages\/1069","dynamic-page":"no","astra-page-url":"\/\/websitedemos.net\/food-blogger-03\/about\/","astra-sites-tag":{"352":"about"},"site-pages-type":"agency-mini","site-pages-page-builder":"beaver-builder","site-pages-category":[],"site-pages-parent-category":{"74":"blog"},"required-plugins":[{"slug":"beaver-builder-lite-version","init":"beaver-builder-lite-version\/fl-builder.php","name":"Beaver Builder Plugin (Lite Version)"},{"slug":"bb-ultimate-addon","init":"bb-ultimate-addon\/bb-ultimate-addon.php","name":"Ultimate Addons for Beaver Builder"}]},"id-55867":{"title":"Contact","featured-image-url":"https:\/\/websitedemos.net\/wp-content\/uploads\/2021\/06\/food-blogger-contact-bb.jpg","thumbnail-image-url":"https:\/\/websitedemos.net\/wp-content\/uploads\/2021\/06\/food-blogger-contact-bb-600x800.jpg","astra-page-api-url":"https:\/\/websitedemos.net\/food-blogger-03\/wp-json\/wp\/v2\/pages\/1085","dynamic-page":"no","astra-page-url":"\/\/websitedemos.net\/food-blogger-03\/contact\/","astra-sites-tag":{"415":"contact"},"site-pages-type":"agency-mini","site-pages-page-builder":"beaver-builder","site-pages-category":[],"site-pages-parent-category":{"74":"blog"},"required-plugins":[{"slug":"beaver-builder-lite-version","init":"beaver-builder-lite-version\/fl-builder.php","name":"Beaver Builder Plugin (Lite Version)"},{"slug":"bb-ultimate-addon","init":"bb-ultimate-addon\/bb-ultimate-addon.php","name":"Ultimate Addons for Beaver Builder"},{"slug":"wpforms-lite","init":"wpforms-lite\/wpforms.php","name":"WPForms Lite"}]},"id-55868":{"title":"Home","featured-image-url":"https:\/\/websitedemos.net\/wp-content\/uploads\/2021\/06\/food-blogger-homepage-bb.jpg","thumbnail-image-url":"https:\/\/websitedemos.net\/wp-content\/uploads\/2021\/06\/food-blogger-homepage-bb-600x800.jpg","astra-page-api-url":"https:\/\/websitedemos.net\/food-blogger-03\/wp-json\/wp\/v2\/pages\/1056","dynamic-page":"no","astra-page-url":"\/\/websitedemos.net\/food-blogger-03\/","astra-sites-tag":{"814":"homepage"},"site-pages-type":"agency-mini","site-pages-page-builder":"beaver-builder","site-pages-category":[],"site-pages-parent-category":{"74":"blog"},"required-plugins":[{"slug":"beaver-builder-lite-version","init":"beaver-builder-lite-version\/fl-builder.php","name":"Beaver Builder Plugin (Lite Version)"},{"slug":"bb-ultimate-addon","init":"bb-ultimate-addon\/bb-ultimate-addon.php","name":"Ultimate Addons for Beaver Builder"},{"slug":"wpforms-lite","init":"wpforms-lite\/wpforms.php","name":"WPForms Lite"}]},"id-55869":{"title":"Reviews","featured-image-url":"https:\/\/websitedemos.net\/wp-content\/uploads\/2021\/06\/food-blogger-reviews-bb.jpg","thumbnail-image-url":"https:\/\/websitedemos.net\/wp-content\/uploads\/2021\/06\/food-blogger-reviews-bb-600x800.jpg","astra-page-api-url":"https:\/\/websitedemos.net\/food-blogger-03\/wp-json\/wp\/v2\/pages\/1075","dynamic-page":"no","astra-page-url":"\/\/websitedemos.net\/food-blogger-03\/reviews\/","astra-sites-tag":{"1615":"reviews"},"site-pages-type":"agency-mini","site-pages-page-builder":"beaver-builder","site-pages-category":[],"site-pages-parent-category":{"74":"blog"},"required-plugins":[{"slug":"beaver-builder-lite-version","init":"beaver-builder-lite-version\/fl-builder.php","name":"Beaver Builder Plugin (Lite Version)"},{"slug":"bb-ultimate-addon","init":"bb-ultimate-addon\/bb-ultimate-addon.php","name":"Ultimate Addons for Beaver Builder"},{"slug":"wpforms-lite","init":"wpforms-lite\/wpforms.php","name":"WPForms Lite"}]},"id-55870":{"title":"Videos","featured-image-url":"https:\/\/websitedemos.net\/wp-content\/uploads\/2021\/06\/food-blogger-videos-bb.jpg","thumbnail-image-url":"https:\/\/websitedemos.net\/wp-content\/uploads\/2021\/06\/food-blogger-videos-bb-600x800.jpg","astra-page-api-url":"https:\/\/websitedemos.net\/food-blogger-03\/wp-json\/wp\/v2\/pages\/1079","dynamic-page":"no","astra-page-url":"\/\/websitedemos.net\/food-blogger-03\/videos\/","astra-sites-tag":{"2001":"videos"},"site-pages-type":"agency-mini","site-pages-page-builder":"beaver-builder","site-pages-category":[],"site-pages-parent-category":{"74":"blog"},"required-plugins":[{"slug":"beaver-builder-lite-version","init":"beaver-builder-lite-version\/fl-builder.php","name":"Beaver Builder Plugin (Lite Version)"},{"slug":"bb-ultimate-addon","init":"bb-ultimate-addon\/bb-ultimate-addon.php","name":"Ultimate Addons for Beaver Builder"},{"slug":"wpforms-lite","init":"wpforms-lite\/wpforms.php","name":"WPForms Lite"}]}}},"id-57006":{"title":"Business Magazine","featured-image-url":"https:\/\/websitedemos.net\/wp-content\/uploads\/2021\/07\/business-magazine-04-home.jpg","thumbnail-image-url":"https:\/\/websitedemos.net\/wp-content\/uploads\/2021\/07\/business-magazine-04-home-600x800.jpg","fullpage-thumbnail-image-url":"https:\/\/websitedemos.net\/wp-content\/uploads\/2021\/07\/business-magazine-04-home-400x2352.jpg","astra-site-url":"\/\/websitedemos.net\/business-magazine-04","astra-site-parent-id":2258,"astra-sites-tag":{"480":"blog","2275":"business-blog","2277":"business-magazine","2276":"business-news","2273":"editorial","2274":"magazine","2271":"news","2272":"publishing","2278":"publishing-house"},"astra-sites-type":"agency-mini","astra-site-page-builder":"elementor","astra-site-category":{"37":"blog"},"categories":[],"required-plugins":[{"slug":"elementor","init":"elementor\/elementor.php","name":"Elementor"},{"slug":"header-footer-elementor","init":"header-footer-elementor\/header-footer-elementor.php","name":"Elementor Header & Footer Builder"},{"slug":"ultimate-elementor","init":"ultimate-elementor\/ultimate-elementor.php","name":"Ultimate Addons for Elementor"},{"slug":"wpforms-lite","init":"wpforms-lite\/wpforms.php","name":"WPForms Lite"}],"pages":{"id-57007":{"title":"About us","featured-image-url":"https:\/\/websitedemos.net\/wp-content\/uploads\/2021\/07\/business-magazine-04-about.jpg","thumbnail-image-url":"https:\/\/websitedemos.net\/wp-content\/uploads\/2021\/07\/business-magazine-04-about-600x800.jpg","astra-page-api-url":"https:\/\/websitedemos.net\/business-magazine-04\/wp-json\/wp\/v2\/pages\/495","dynamic-page":"no","astra-page-url":"\/\/websitedemos.net\/business-magazine-04\/about-us\/","astra-sites-tag":{"352":"about"},"site-pages-type":"agency-mini","site-pages-page-builder":"elementor","site-pages-category":[],"site-pages-parent-category":{"74":"blog"},"required-plugins":[{"slug":"elementor","init":"elementor\/elementor.php","name":"Elementor"}]},"id-57008":{"title":"Contact","featured-image-url":"https:\/\/websitedemos.net\/wp-content\/uploads\/2021\/07\/business-magazine-04-contact.jpg","thumbnail-image-url":"https:\/\/websitedemos.net\/wp-content\/uploads\/2021\/07\/business-magazine-04-contact-600x800.jpg","astra-page-api-url":"https:\/\/websitedemos.net\/business-magazine-04\/wp-json\/wp\/v2\/pages\/497","dynamic-page":"no","astra-page-url":"\/\/websitedemos.net\/business-magazine-04\/contact\/","astra-sites-tag":{"415":"contact"},"site-pages-type":"agency-mini","site-pages-page-builder":"elementor","site-pages-category":[],"site-pages-parent-category":{"74":"blog"},"required-plugins":[{"slug":"elementor","init":"elementor\/elementor.php","name":"Elementor"},{"slug":"wpforms-lite","init":"wpforms-lite\/wpforms.php","name":"WPForms Lite"}]},"id-57009":{"title":"Home","featured-image-url":"https:\/\/websitedemos.net\/wp-content\/uploads\/2021\/07\/business-magazine-04-home.jpg","thumbnail-image-url":"https:\/\/websitedemos.net\/wp-content\/uploads\/2021\/07\/business-magazine-04-home-600x800.jpg","astra-page-api-url":"https:\/\/websitedemos.net\/business-magazine-04\/wp-json\/wp\/v2\/pages\/226","dynamic-page":"no","astra-page-url":"\/\/websitedemos.net\/business-magazine-04\/","astra-sites-tag":{"423":"home"},"site-pages-type":"agency-mini","site-pages-page-builder":"elementor","site-pages-category":[],"site-pages-parent-category":{"74":"blog"},"required-plugins":[{"slug":"elementor","init":"elementor\/elementor.php","name":"Elementor"},{"slug":"ultimate-elementor","init":"ultimate-elementor\/ultimate-elementor.php","name":"Ultimate Addons for Elementor"}]}}},"id-52215":{"title":"Wine Bar and Restaurant","featured-image-url":"https:\/\/websitedemos.net\/wp-content\/uploads\/2021\/04\/wine-bar-and-restaurant-04-home-1.jpg","thumbnail-image-url":"https:\/\/websitedemos.net\/wp-content\/uploads\/2021\/04\/wine-bar-and-restaurant-04-home-1-600x800.jpg","fullpage-thumbnail-image-url":"https:\/\/websitedemos.net\/wp-content\/uploads\/2021\/04\/wine-bar-and-restaurant-04-home-1-400x2134.jpg","astra-site-url":"\/\/websitedemos.net\/wine-bar-and-restaurant-04","astra-site-parent-id":1944,"astra-sites-tag":{"1980":"bar","2004":"barbeque","2007":"barbeque-restaurant","1988":"beer-joint","882":"drinks","1982":"food-court","350":"hotel","1983":"pub","335":"restaurant","2006":"wine-bar","2005":"wine-bar-and-restaurant","633":"winery"},"astra-sites-type":"agency-mini","astra-site-page-builder":"elementor","astra-site-category":{"27":"business"},"categories":[],"required-plugins":[{"slug":"elementor","init":"elementor\/elementor.php","name":"Elementor"},{"slug":"wpforms-lite","init":"wpforms-lite\/wpforms.php","name":"WPForms Lite"}],"pages":{"id-52216":{"title":"Contact","featured-image-url":"https:\/\/websitedemos.net\/wp-content\/uploads\/2021\/04\/wine-bar-and-restaurant-04-contact.jpg","thumbnail-image-url":"https:\/\/websitedemos.net\/wp-content\/uploads\/2021\/04\/wine-bar-and-restaurant-04-contact-600x800.jpg","astra-page-api-url":"https:\/\/websitedemos.net\/wine-bar-and-restaurant-04\/wp-json\/wp\/v2\/pages\/17","dynamic-page":"no","astra-page-url":"\/\/websitedemos.net\/wine-bar-and-restaurant-04\/contact\/","astra-sites-tag":{"415":"contact"},"site-pages-type":"agency-mini","site-pages-page-builder":"elementor","site-pages-category":[],"site-pages-parent-category":{"60":"business"},"required-plugins":[{"slug":"elementor","init":"elementor\/elementor.php","name":"Elementor"},{"slug":"wpforms-lite","init":"wpforms-lite\/wpforms.php","name":"WPForms Lite"}]},"id-52217":{"title":"Events","featured-image-url":"https:\/\/websitedemos.net\/wp-content\/uploads\/2021\/05\/wine-bar-and-restaurant-04-events.jpg","thumbnail-image-url":"https:\/\/websitedemos.net\/wp-content\/uploads\/2021\/05\/wine-bar-and-restaurant-04-events-600x800.jpg","astra-page-api-url":"https:\/\/websitedemos.net\/wine-bar-and-restaurant-04\/wp-json\/wp\/v2\/pages\/15","dynamic-page":"no","astra-page-url":"\/\/websitedemos.net\/wine-bar-and-restaurant-04\/events\/","astra-sites-tag":{"409":"event"},"site-pages-type":"agency-mini","site-pages-page-builder":"elementor","site-pages-category":[],"site-pages-parent-category":{"60":"business"},"required-plugins":[{"slug":"elementor","init":"elementor\/elementor.php","name":"Elementor"}]},"id-52218":{"title":"Grills","featured-image-url":"https:\/\/websitedemos.net\/wp-content\/uploads\/2021\/04\/wine-bar-and-restaurant-04-grills.jpg","thumbnail-image-url":"https:\/\/websitedemos.net\/wp-content\/uploads\/2021\/04\/wine-bar-and-restaurant-04-grills-600x800.jpg","astra-page-api-url":"https:\/\/websitedemos.net\/wine-bar-and-restaurant-04\/wp-json\/wp\/v2\/pages\/11","dynamic-page":"no","astra-page-url":"\/\/websitedemos.net\/wine-bar-and-restaurant-04\/grills\/","astra-sites-tag":{"1978":"grill","565":"menu"},"site-pages-type":"agency-mini","site-pages-page-builder":"elementor","site-pages-category":[],"site-pages-parent-category":{"60":"business"},"required-plugins":[{"slug":"elementor","init":"elementor\/elementor.php","name":"Elementor"}]},"id-52219":{"title":"History","featured-image-url":"https:\/\/websitedemos.net\/wp-content\/uploads\/2021\/04\/wine-bar-and-restaurant-04-history.jpg","thumbnail-image-url":"https:\/\/websitedemos.net\/wp-content\/uploads\/2021\/04\/wine-bar-and-restaurant-04-history-600x800.jpg","astra-page-api-url":"https:\/\/websitedemos.net\/wine-bar-and-restaurant-04\/wp-json\/wp\/v2\/pages\/9","dynamic-page":"no","astra-page-url":"\/\/websitedemos.net\/wine-bar-and-restaurant-04\/history\/","astra-sites-tag":{"352":"about","645":"history"},"site-pages-type":"agency-mini","site-pages-page-builder":"elementor","site-pages-category":[],"site-pages-parent-category":{"60":"business"},"required-plugins":[{"slug":"elementor","init":"elementor\/elementor.php","name":"Elementor"}]},"id-52220":{"title":"Home","featured-image-url":"https:\/\/websitedemos.net\/wp-content\/uploads\/2021\/04\/wine-bar-and-restaurant-04-home-1.jpg","thumbnail-image-url":"https:\/\/websitedemos.net\/wp-content\/uploads\/2021\/04\/wine-bar-and-restaurant-04-home-1-600x800.jpg","astra-page-api-url":"https:\/\/websitedemos.net\/wine-bar-and-restaurant-04\/wp-json\/wp\/v2\/pages\/6","dynamic-page":"no","astra-page-url":"\/\/websitedemos.net\/wine-bar-and-restaurant-04\/","astra-sites-tag":{"423":"home"},"site-pages-type":"agency-mini","site-pages-page-builder":"elementor","site-pages-category":[],"site-pages-parent-category":{"60":"business"},"required-plugins":[{"slug":"elementor","init":"elementor\/elementor.php","name":"Elementor"}]},"id-52221":{"title":"Wines","featured-image-url":"https:\/\/websitedemos.net\/wp-content\/uploads\/2021\/04\/wine-bar-and-restaurant-04-wines.jpg","thumbnail-image-url":"https:\/\/websitedemos.net\/wp-content\/uploads\/2021\/04\/wine-bar-and-restaurant-04-wines-600x800.jpg","astra-page-api-url":"https:\/\/websitedemos.net\/wine-bar-and-restaurant-04\/wp-json\/wp\/v2\/pages\/13","dynamic-page":"no","astra-page-url":"\/\/websitedemos.net\/wine-bar-and-restaurant-04\/wines\/","astra-sites-tag":{"1979":"wine","633":"winery"},"site-pages-type":"agency-mini","site-pages-page-builder":"elementor","site-pages-category":[],"site-pages-parent-category":{"60":"business"},"required-plugins":[{"slug":"elementor","init":"elementor\/elementor.php","name":"Elementor"}]}}}}