{"id-57046":{"title":"Business Coaching &#038; Consulting","id":57046,"publish-date":1626465822,"featured-image-url":"https:\/\/websitedemos.net\/wp-content\/uploads\/2021\/07\/business-consulting-08-1.jpg","thumbnail-image-url":"https:\/\/websitedemos.net\/wp-content\/uploads\/2021\/07\/business-consulting-08-1-600x2363.jpg","fullpage-thumbnail-image-url":"https:\/\/websitedemos.net\/wp-content\/uploads\/2021\/07\/business-consulting-08-1-400x1575.jpg","astra-site-url":"\/\/websitedemos.net\/business-consulting-08","astra-site-parent-id":2261,"astra-sites-tag":{"1878":"business-coach","1620":"business-consultant","1879":"business-guide","854":"coach","1880":"mentor","855":"motivational-speaker"},"astra-sites-type":"free","astra-site-category":{"27":"business","39":"free"},"astra-sites-template-category":[],"astra-site-page-builder":"gutenberg","categories":{"2483":"expert-services"},"required-plugins":[{"slug":"wpforms-lite","init":"wpforms-lite\/wpforms.php","name":"WPForms Lite"},{"slug":"ultimate-addons-for-gutenberg","init":"ultimate-addons-for-gutenberg\/ultimate-addons-for-gutenberg.php","name":"Spectra"}],"post-status":"publish","post-content":"","post-excerpt":"","pages":{"id-57047":{"title":"About","featured-image-url":"https:\/\/websitedemos.net\/wp-content\/uploads\/2021\/07\/business-consulting-08-about-1.jpg","thumbnail-image-url":"https:\/\/websitedemos.net\/wp-content\/uploads\/2021\/07\/business-consulting-08-about-1-600x2245.jpg","astra-page-api-url":"https:\/\/websitedemos.net\/business-consulting-08\/wp-json\/wp\/v2\/pages\/964","dynamic-page":"no","astra-page-url":"\/\/websitedemos.net\/business-consulting-08\/about\/","astra-sites-tag":{"352":"about"},"site-pages-type":"free","site-pages-page-builder":"gutenberg","site-pages-category":[],"site-pages-parent-category":{"60":"business","61":"free"},"required-plugins":[{"slug":"ultimate-addons-for-gutenberg","init":"ultimate-addons-for-gutenberg\/ultimate-addons-for-gutenberg.php","name":"Spectra"}]},"id-57048":{"title":"Contact","featured-image-url":"https:\/\/websitedemos.net\/wp-content\/uploads\/2021\/07\/business-consulting-08-contact-1.jpg","thumbnail-image-url":"https:\/\/websitedemos.net\/wp-content\/uploads\/2021\/07\/business-consulting-08-contact-1-600x1328.jpg","astra-page-api-url":"https:\/\/websitedemos.net\/business-consulting-08\/wp-json\/wp\/v2\/pages\/968","dynamic-page":"no","astra-page-url":"\/\/websitedemos.net\/business-consulting-08\/contact\/","astra-sites-tag":{"415":"contact"},"site-pages-type":"free","site-pages-page-builder":"gutenberg","site-pages-category":[],"site-pages-parent-category":{"60":"business","61":"free"},"required-plugins":[{"slug":"ultimate-addons-for-gutenberg","init":"ultimate-addons-for-gutenberg\/ultimate-addons-for-gutenberg.php","name":"Spectra"},{"slug":"wpforms-lite","init":"wpforms-lite\/wpforms.php","name":"WPForms Lite"}]},"id-57049":{"title":"Home","featured-image-url":"https:\/\/websitedemos.net\/wp-content\/uploads\/2021\/07\/business-consulting-08-1.jpg","thumbnail-image-url":"https:\/\/websitedemos.net\/wp-content\/uploads\/2021\/07\/business-consulting-08-1-600x2363.jpg","astra-page-api-url":"https:\/\/websitedemos.net\/business-consulting-08\/wp-json\/wp\/v2\/pages\/961","dynamic-page":"no","astra-page-url":"\/\/websitedemos.net\/business-consulting-08\/","astra-sites-tag":[],"site-pages-type":"free","site-pages-page-builder":"gutenberg","site-pages-category":[],"site-pages-parent-category":{"60":"business","61":"free"},"required-plugins":[{"slug":"ultimate-addons-for-gutenberg","init":"ultimate-addons-for-gutenberg\/ultimate-addons-for-gutenberg.php","name":"Spectra"}]},"id-57050":{"title":"Services","featured-image-url":"https:\/\/websitedemos.net\/wp-content\/uploads\/2021\/07\/business-consulting-08-services-1.jpg","thumbnail-image-url":"https:\/\/websitedemos.net\/wp-content\/uploads\/2021\/07\/business-consulting-08-services-1-600x2098.jpg","astra-page-api-url":"https:\/\/websitedemos.net\/business-consulting-08\/wp-json\/wp\/v2\/pages\/966","dynamic-page":"no","astra-page-url":"\/\/websitedemos.net\/business-consulting-08\/services\/","astra-sites-tag":{"425":"services"},"site-pages-type":"free","site-pages-page-builder":"gutenberg","site-pages-category":[],"site-pages-parent-category":{"60":"business","61":"free"},"required-plugins":[{"slug":"ultimate-addons-for-gutenberg","init":"ultimate-addons-for-gutenberg\/ultimate-addons-for-gutenberg.php","name":"Spectra"}]}},"related-bb-template":"","related-elementor-template":"","related-gutenberg-template":""},"id-57014":{"title":"Food &amp; Drinks Blogger","id":57014,"publish-date":1626285212,"featured-image-url":"https:\/\/websitedemos.net\/wp-content\/uploads\/2021\/07\/food-drinks-blog-04-home.jpg","thumbnail-image-url":"https:\/\/websitedemos.net\/wp-content\/uploads\/2021\/07\/food-drinks-blog-04-home.jpg","fullpage-thumbnail-image-url":"https:\/\/websitedemos.net\/wp-content\/uploads\/2021\/07\/food-drinks-blog-04-home.jpg","astra-site-url":"\/\/websitedemos.net\/food-drinks-blog-04","astra-site-parent-id":2259,"astra-sites-tag":{"1652":"blogger","1654":"content-creator","2263":"food-drinks-blogger","2171":"food-drinks-influencer","2172":"food-drinks-vlogger","890":"food-blogger","1547":"influencer","2163":"social-media-influencer","1837":"vlogger"},"astra-sites-type":"agency-mini","astra-site-category":{"37":"blog"},"astra-sites-template-category":{"2828":"blog","2785":"food","2770":"personal","2776":"restaurant"},"astra-site-page-builder":"elementor","categories":{"2497":"blog","2926":"video"},"required-plugins":[{"slug":"elementor","init":"elementor\/elementor.php","name":"Elementor"},{"slug":"ultimate-elementor","init":"ultimate-elementor\/ultimate-elementor.php","name":"Ultimate Addons for Elementor"},{"slug":"wpforms-lite","init":"wpforms-lite\/wpforms.php","name":"WPForms Lite"}],"post-status":"publish","post-content":"<!-- wp:paragraph -->\n<p>Are you a food and drinks blogger? Want to become an influencer or an authority in your niche? Start by building your online presence. Import our Food &amp; Drinks Blogger template and launch your blog quickly and easily.<\/p>\n<!-- \/wp:paragraph -->\n\n<!-- wp:paragraph -->\n<p>The template uses pastel colors that are just perfect for an engaging blog and allows you to share reviews of exotic food and drinks, restaurants, street food places, and recipes on your blog.<\/p>\n<!-- \/wp:paragraph -->\n\n<!-- wp:heading -->\n<h2>Key features of the Food &amp; Drinks Blogger template<\/h2>\n<!-- \/wp:heading -->\n\n<!-- wp:list -->\n<ul><li>Appealing design that\u2019s sure to enhance user engagement<\/li><li>Build an email list by using the well-integrated newsletter subscription form placed in the hero section of your homepage<\/li><li>Publish blogs and reviews on restaurants, recipes, food, drinks, and more<\/li><li>Upload video reviews as well on your food and drinks blog<\/li><li>Full compatibility with leading page builders<\/li><\/ul>\n<!-- \/wp:list -->","post-excerpt":"Appealing website design, ideal for food and drinks bloggers and influencers","pages":{"id-57015":{"title":"About","featured-image-url":"https:\/\/websitedemos.net\/wp-content\/uploads\/2021\/07\/food-drinks-blog-04-about.jpg","thumbnail-image-url":"https:\/\/websitedemos.net\/wp-content\/uploads\/2021\/07\/food-drinks-blog-04-about.jpg","astra-page-api-url":"https:\/\/websitedemos.net\/food-drinks-blog-04\/wp-json\/wp\/v2\/pages\/11","dynamic-page":"no","astra-page-url":"\/\/websitedemos.net\/food-drinks-blog-04\/about\/","astra-sites-tag":{"352":"about"},"site-pages-type":"agency-mini","site-pages-page-builder":"elementor","site-pages-category":[],"site-pages-parent-category":{"74":"blog"},"required-plugins":[{"slug":"elementor","init":"elementor\/elementor.php","name":"Elementor"}]},"id-57016":{"title":"Home","featured-image-url":"https:\/\/websitedemos.net\/wp-content\/uploads\/2021\/07\/food-drinks-blog-04-home.jpg","thumbnail-image-url":"https:\/\/websitedemos.net\/wp-content\/uploads\/2021\/07\/food-drinks-blog-04-home.jpg","astra-page-api-url":"https:\/\/websitedemos.net\/food-drinks-blog-04\/wp-json\/wp\/v2\/pages\/7","dynamic-page":"yes","astra-page-url":"\/\/websitedemos.net\/food-drinks-blog-04\/","astra-sites-tag":{"423":"home"},"site-pages-type":"agency-mini","site-pages-page-builder":"elementor","site-pages-category":[],"site-pages-parent-category":{"74":"blog"},"required-plugins":[{"slug":"elementor","init":"elementor\/elementor.php","name":"Elementor"},{"slug":"ultimate-elementor","init":"ultimate-elementor\/ultimate-elementor.php","name":"Ultimate Addons for Elementor"},{"slug":"wpforms-lite","init":"wpforms-lite\/wpforms.php","name":"WPForms Lite"}]},"id-57017":{"title":"Work With Me","featured-image-url":"https:\/\/websitedemos.net\/wp-content\/uploads\/2021\/07\/food-drinks-blog-04-contact.jpg","thumbnail-image-url":"https:\/\/websitedemos.net\/wp-content\/uploads\/2021\/07\/food-drinks-blog-04-contact.jpg","astra-page-api-url":"https:\/\/websitedemos.net\/food-drinks-blog-04\/wp-json\/wp\/v2\/pages\/13","dynamic-page":"no","astra-page-url":"\/\/websitedemos.net\/food-drinks-blog-04\/work-with-me\/","astra-sites-tag":{"415":"contact","784":"work-with-me"},"site-pages-type":"agency-mini","site-pages-page-builder":"elementor","site-pages-category":[],"site-pages-parent-category":{"74":"blog"},"required-plugins":[{"slug":"elementor","init":"elementor\/elementor.php","name":"Elementor"},{"slug":"wpforms-lite","init":"wpforms-lite\/wpforms.php","name":"WPForms Lite"}]}},"related-bb-template":"","related-elementor-template":"","related-gutenberg-template":""},"id-51472":{"title":"Bestselling Author","id":51472,"publish-date":1617304818,"featured-image-url":"https:\/\/websitedemos.net\/wp-content\/uploads\/2021\/03\/bestselling-author-02-home.jpg","thumbnail-image-url":"https:\/\/websitedemos.net\/wp-content\/uploads\/2021\/03\/bestselling-author-02-home.jpg","fullpage-thumbnail-image-url":"https:\/\/websitedemos.net\/wp-content\/uploads\/2021\/03\/bestselling-author-02-home.jpg","astra-site-url":"\/\/websitedemos.net\/bestselling-author-02","astra-site-parent-id":1909,"astra-sites-tag":{"724":"author","1911":"bestselling-book-author","1910":"book-author","1740":"books","725":"writer"},"astra-sites-type":"free","astra-site-category":{"27":"business","39":"free"},"astra-sites-template-category":{"2839":"author-writer","2814":"bookstore","2770":"personal"},"astra-site-page-builder":"elementor","categories":{"2488":"portfolio"},"required-plugins":[{"slug":"elementor","init":"elementor\/elementor.php","name":"Elementor"},{"slug":"header-footer-elementor","init":"header-footer-elementor\/header-footer-elementor.php","name":"Elementor - Header, Footer & Blocks"},{"slug":"wpforms-lite","init":"wpforms-lite\/wpforms.php","name":"WPForms Lite"}],"post-status":"publish","post-content":"<!-- wp:paragraph -->\n<p>As an author, you\u2019ll surely want your publication to be the next bestseller. Want to promote your books online? Build a stylish and creative website using the Bestselling Author template and launch your website right away.<\/p>\n<!-- \/wp:paragraph -->\n\n<!-- wp:paragraph -->\n<p>The template is smartly designed and well planned, from promoting your latest book upfront to showcasing all your work on the homepage. The readymade templates include pages like about, books, and contact.<\/p>\n<!-- \/wp:paragraph -->\n\n<!-- wp:heading -->\n<h2><strong>Key features<\/strong> <strong>of the Bestselling Author template<\/strong><\/h2>\n<!-- \/wp:heading -->\n\n<!-- wp:list -->\n<ul><li>Build your website using the stylish Bestselling Author template<\/li><li>Promote your latest book on the homepage, above the fold<\/li><li>The template is WooCommerce ready and allows you to sell your books online<\/li><li>A fully functional contact form for readers to connect with you<\/li><li>Full compatibility with leading page builders<\/li><\/ul>\n<!-- \/wp:list -->","post-excerpt":"Stylish website template for authors to promote and sell their publications","pages":{"id-51476":{"title":"Home","featured-image-url":"https:\/\/websitedemos.net\/wp-content\/uploads\/2021\/03\/bestselling-author-02-home.jpg","thumbnail-image-url":"https:\/\/websitedemos.net\/wp-content\/uploads\/2021\/03\/bestselling-author-02-home.jpg","astra-page-api-url":"https:\/\/websitedemos.net\/bestselling-author-02\/wp-json\/wp\/v2\/pages\/10","dynamic-page":"no","astra-page-url":"\/\/websitedemos.net\/bestselling-author-02\/","astra-sites-tag":{"423":"home"},"site-pages-type":"free","site-pages-page-builder":"elementor","site-pages-category":[],"site-pages-parent-category":{"60":"business","61":"free"},"required-plugins":[{"slug":"elementor","init":"elementor\/elementor.php","name":"Elementor"}]},"id-51473":{"title":"About","featured-image-url":"https:\/\/websitedemos.net\/wp-content\/uploads\/2021\/03\/bestselling-author-02-about.jpg","thumbnail-image-url":"https:\/\/websitedemos.net\/wp-content\/uploads\/2021\/03\/bestselling-author-02-about.jpg","astra-page-api-url":"https:\/\/websitedemos.net\/bestselling-author-02\/wp-json\/wp\/v2\/pages\/581","dynamic-page":"no","astra-page-url":"\/\/websitedemos.net\/bestselling-author-02\/about\/","astra-sites-tag":{"352":"about"},"site-pages-type":"free","site-pages-page-builder":"elementor","site-pages-category":[],"site-pages-parent-category":{"60":"business","61":"free"},"required-plugins":[{"slug":"elementor","init":"elementor\/elementor.php","name":"Elementor"}]},"id-51474":{"title":"Books","featured-image-url":"https:\/\/websitedemos.net\/wp-content\/uploads\/2021\/03\/bestselling-author-02-books.jpg","thumbnail-image-url":"https:\/\/websitedemos.net\/wp-content\/uploads\/2021\/03\/bestselling-author-02-books.jpg","astra-page-api-url":"https:\/\/websitedemos.net\/bestselling-author-02\/wp-json\/wp\/v2\/pages\/691","dynamic-page":"no","astra-page-url":"\/\/websitedemos.net\/bestselling-author-02\/books\/","astra-sites-tag":{"1740":"books"},"site-pages-type":"free","site-pages-page-builder":"elementor","site-pages-category":[],"site-pages-parent-category":{"60":"business","61":"free"},"required-plugins":[{"slug":"elementor","init":"elementor\/elementor.php","name":"Elementor"}]},"id-51475":{"title":"Contact","featured-image-url":"https:\/\/websitedemos.net\/wp-content\/uploads\/2021\/03\/bestselling-author-02-contact.jpg","thumbnail-image-url":"https:\/\/websitedemos.net\/wp-content\/uploads\/2021\/03\/bestselling-author-02-contact.jpg","astra-page-api-url":"https:\/\/websitedemos.net\/bestselling-author-02\/wp-json\/wp\/v2\/pages\/754","dynamic-page":"no","astra-page-url":"\/\/websitedemos.net\/bestselling-author-02\/contact\/","astra-sites-tag":{"415":"contact"},"site-pages-type":"free","site-pages-page-builder":"elementor","site-pages-category":[],"site-pages-parent-category":{"60":"business","61":"free"},"required-plugins":[{"slug":"elementor","init":"elementor\/elementor.php","name":"Elementor"},{"slug":"wpforms-lite","init":"wpforms-lite\/wpforms.php","name":"WPForms Lite"}]}},"related-bb-template":54404,"related-elementor-template":51472,"related-gutenberg-template":57071},"id-54404":{"title":"Bestselling Author","id":54404,"publish-date":1621450227,"featured-image-url":"https:\/\/websitedemos.net\/wp-content\/uploads\/2021\/05\/bestselling-author-01-home.jpg","thumbnail-image-url":"https:\/\/websitedemos.net\/wp-content\/uploads\/2021\/05\/bestselling-author-01-home.jpg","fullpage-thumbnail-image-url":"https:\/\/websitedemos.net\/wp-content\/uploads\/2021\/05\/bestselling-author-01-home.jpg","astra-site-url":"\/\/websitedemos.net\/bestselling-author-01","astra-site-parent-id":2030,"astra-sites-tag":{"724":"author","1911":"bestselling-book-author","1910":"book-author","1740":"books","725":"writer"},"astra-sites-type":"free","astra-site-category":{"27":"business","39":"free"},"astra-sites-template-category":[],"astra-site-page-builder":"beaver-builder","categories":{"2488":"portfolio"},"required-plugins":[{"slug":"beaver-builder-lite-version","init":"beaver-builder-lite-version\/fl-builder.php","name":"Beaver Builder Plugin (Lite Version)"},{"slug":"ultimate-addons-for-beaver-builder-lite","init":"ultimate-addons-for-beaver-builder-lite\/bb-ultimate-addon.php","name":"Ultimate Addons for Beaver Builder - Lite"},{"slug":"wpforms-lite","init":"wpforms-lite\/wpforms.php","name":"WPForms Lite"}],"post-status":"publish","post-content":"","post-excerpt":"","pages":{"id-54407":{"title":"Contact","featured-image-url":"https:\/\/websitedemos.net\/wp-content\/uploads\/2021\/05\/bestselling-author-01-contact.jpg","thumbnail-image-url":"https:\/\/websitedemos.net\/wp-content\/uploads\/2021\/05\/bestselling-author-01-contact.jpg","astra-page-api-url":"https:\/\/websitedemos.net\/bestselling-author-01\/wp-json\/wp\/v2\/pages\/910","dynamic-page":"no","astra-page-url":"\/\/websitedemos.net\/bestselling-author-01\/contact\/","astra-sites-tag":{"415":"contact"},"site-pages-type":"free","site-pages-page-builder":"beaver-builder","site-pages-category":[],"site-pages-parent-category":{"60":"business","61":"free"},"required-plugins":[{"slug":"beaver-builder-lite-version","init":"beaver-builder-lite-version\/fl-builder.php","name":"Beaver Builder Plugin (Lite Version)"},{"slug":"ultimate-addons-for-beaver-builder-lite","init":"ultimate-addons-for-beaver-builder-lite\/bb-ultimate-addon.php","name":"Ultimate Addons for Beaver Builder - Lite"},{"slug":"wpforms-lite","init":"wpforms-lite\/wpforms.php","name":"WPForms Lite"}]},"id-54408":{"title":"Home","featured-image-url":"https:\/\/websitedemos.net\/wp-content\/uploads\/2021\/05\/bestselling-author-01-home.jpg","thumbnail-image-url":"https:\/\/websitedemos.net\/wp-content\/uploads\/2021\/05\/bestselling-author-01-home.jpg","astra-page-api-url":"https:\/\/websitedemos.net\/bestselling-author-01\/wp-json\/wp\/v2\/pages\/898","dynamic-page":"no","astra-page-url":"\/\/websitedemos.net\/bestselling-author-01\/","astra-sites-tag":{"423":"home"},"site-pages-type":"free","site-pages-page-builder":"beaver-builder","site-pages-category":[],"site-pages-parent-category":{"60":"business","61":"free"},"required-plugins":[{"slug":"beaver-builder-lite-version","init":"beaver-builder-lite-version\/fl-builder.php","name":"Beaver Builder Plugin (Lite Version)"},{"slug":"ultimate-addons-for-beaver-builder-lite","init":"ultimate-addons-for-beaver-builder-lite\/bb-ultimate-addon.php","name":"Ultimate Addons for Beaver Builder - Lite"}]},"id-54405":{"title":"About","featured-image-url":"https:\/\/websitedemos.net\/wp-content\/uploads\/2021\/05\/bestselling-author-01-about.jpg","thumbnail-image-url":"https:\/\/websitedemos.net\/wp-content\/uploads\/2021\/05\/bestselling-author-01-about.jpg","astra-page-api-url":"https:\/\/websitedemos.net\/bestselling-author-01\/wp-json\/wp\/v2\/pages\/903","dynamic-page":"no","astra-page-url":"\/\/websitedemos.net\/bestselling-author-01\/about\/","astra-sites-tag":{"352":"about"},"site-pages-type":"free","site-pages-page-builder":"beaver-builder","site-pages-category":[],"site-pages-parent-category":{"60":"business","61":"free"},"required-plugins":[{"slug":"beaver-builder-lite-version","init":"beaver-builder-lite-version\/fl-builder.php","name":"Beaver Builder Plugin (Lite Version)"},{"slug":"ultimate-addons-for-beaver-builder-lite","init":"ultimate-addons-for-beaver-builder-lite\/bb-ultimate-addon.php","name":"Ultimate Addons for Beaver Builder - Lite"}]},"id-54406":{"title":"Books","featured-image-url":"https:\/\/websitedemos.net\/wp-content\/uploads\/2021\/05\/bestselling-author-01-books.jpg","thumbnail-image-url":"https:\/\/websitedemos.net\/wp-content\/uploads\/2021\/05\/bestselling-author-01-books.jpg","astra-page-api-url":"https:\/\/websitedemos.net\/bestselling-author-01\/wp-json\/wp\/v2\/pages\/906","dynamic-page":"no","astra-page-url":"\/\/websitedemos.net\/bestselling-author-01\/books\/","astra-sites-tag":{"1740":"books"},"site-pages-type":"free","site-pages-page-builder":"beaver-builder","site-pages-category":[],"site-pages-parent-category":{"60":"business","61":"free"},"required-plugins":[{"slug":"beaver-builder-lite-version","init":"beaver-builder-lite-version\/fl-builder.php","name":"Beaver Builder Plugin (Lite Version)"},{"slug":"ultimate-addons-for-beaver-builder-lite","init":"ultimate-addons-for-beaver-builder-lite\/bb-ultimate-addon.php","name":"Ultimate Addons for Beaver Builder - Lite"}]}},"related-bb-template":"","related-elementor-template":"","related-gutenberg-template":""},"id-57071":{"title":"Bestselling Author","id":57071,"publish-date":1626466145,"featured-image-url":"https:\/\/websitedemos.net\/wp-content\/uploads\/2021\/07\/bestselling-author-08-1.jpg","thumbnail-image-url":"https:\/\/websitedemos.net\/wp-content\/uploads\/2021\/07\/bestselling-author-08-1-600x2212.jpg","fullpage-thumbnail-image-url":"https:\/\/websitedemos.net\/wp-content\/uploads\/2021\/07\/bestselling-author-08-1-400x1474.jpg","astra-site-url":"\/\/websitedemos.net\/bestselling-author-08","astra-site-parent-id":2265,"astra-sites-tag":{"724":"author","1911":"bestselling-book-author","1910":"book-author","1740":"books","725":"writer"},"astra-sites-type":"free","astra-site-category":{"27":"business","39":"free"},"astra-sites-template-category":[],"astra-site-page-builder":"gutenberg","categories":{"2488":"portfolio"},"required-plugins":[{"slug":"ultimate-addons-for-gutenberg","init":"ultimate-addons-for-gutenberg\/ultimate-addons-for-gutenberg.php","name":"Spectra"},{"slug":"wpforms-lite","init":"wpforms-lite\/wpforms.php","name":"WPForms Lite"}],"post-status":"publish","post-content":"","post-excerpt":"","pages":{"id-57072":{"title":"About","featured-image-url":"https:\/\/websitedemos.net\/wp-content\/uploads\/2021\/07\/bestselling-author-08-about-1.jpg","thumbnail-image-url":"https:\/\/websitedemos.net\/wp-content\/uploads\/2021\/07\/bestselling-author-08-about-1-600x1890.jpg","astra-page-api-url":"https:\/\/websitedemos.net\/bestselling-author-08\/wp-json\/wp\/v2\/pages\/902","dynamic-page":"no","astra-page-url":"\/\/websitedemos.net\/bestselling-author-08\/about\/","astra-sites-tag":{"352":"about"},"site-pages-type":"free","site-pages-page-builder":"gutenberg","site-pages-category":[],"site-pages-parent-category":{"60":"business","61":"free"},"required-plugins":[{"slug":"ultimate-addons-for-gutenberg","init":"ultimate-addons-for-gutenberg\/ultimate-addons-for-gutenberg.php","name":"Spectra"}]},"id-57073":{"title":"Books","featured-image-url":"https:\/\/websitedemos.net\/wp-content\/uploads\/2021\/07\/bestselling-author-08-books.jpg","thumbnail-image-url":"https:\/\/websitedemos.net\/wp-content\/uploads\/2021\/07\/bestselling-author-08-books-600x1590.jpg","astra-page-api-url":"https:\/\/websitedemos.net\/bestselling-author-08\/wp-json\/wp\/v2\/pages\/900","dynamic-page":"no","astra-page-url":"\/\/websitedemos.net\/bestselling-author-08\/books\/","astra-sites-tag":{"1740":"books"},"site-pages-type":"free","site-pages-page-builder":"gutenberg","site-pages-category":[],"site-pages-parent-category":{"60":"business","61":"free"},"required-plugins":[{"slug":"ultimate-addons-for-gutenberg","init":"ultimate-addons-for-gutenberg\/ultimate-addons-for-gutenberg.php","name":"Spectra"}]},"id-57074":{"title":"Contact","featured-image-url":"https:\/\/websitedemos.net\/wp-content\/uploads\/2021\/07\/bestselling-author-08-contact-1.jpg","thumbnail-image-url":"https:\/\/websitedemos.net\/wp-content\/uploads\/2021\/07\/bestselling-author-08-contact-1-600x1003.jpg","astra-page-api-url":"https:\/\/websitedemos.net\/bestselling-author-08\/wp-json\/wp\/v2\/pages\/898","dynamic-page":"no","astra-page-url":"\/\/websitedemos.net\/bestselling-author-08\/contact\/","astra-sites-tag":{"415":"contact"},"site-pages-type":"free","site-pages-page-builder":"gutenberg","site-pages-category":[],"site-pages-parent-category":{"60":"business","61":"free"},"required-plugins":[{"slug":"ultimate-addons-for-gutenberg","init":"ultimate-addons-for-gutenberg\/ultimate-addons-for-gutenberg.php","name":"Spectra"},{"slug":"wpforms-lite","init":"wpforms-lite\/wpforms.php","name":"WPForms Lite"}]},"id-57075":{"title":"Home","featured-image-url":"https:\/\/websitedemos.net\/wp-content\/uploads\/2021\/07\/bestselling-author-08-1.jpg","thumbnail-image-url":"https:\/\/websitedemos.net\/wp-content\/uploads\/2021\/07\/bestselling-author-08-1-600x2212.jpg","astra-page-api-url":"https:\/\/websitedemos.net\/bestselling-author-08\/wp-json\/wp\/v2\/pages\/896","dynamic-page":"no","astra-page-url":"\/\/websitedemos.net\/bestselling-author-08\/","astra-sites-tag":{"423":"home"},"site-pages-type":"free","site-pages-page-builder":"gutenberg","site-pages-category":[],"site-pages-parent-category":{"60":"business","61":"free"},"required-plugins":[{"slug":"ultimate-addons-for-gutenberg","init":"ultimate-addons-for-gutenberg\/ultimate-addons-for-gutenberg.php","name":"Spectra"}]}},"related-bb-template":"","related-elementor-template":"","related-gutenberg-template":""},"id-51392":{"title":"Tarot Card Reader","id":51392,"publish-date":1617131826,"featured-image-url":"https:\/\/websitedemos.net\/wp-content\/uploads\/2021\/03\/tarot-card-reader-04-home.jpg","thumbnail-image-url":"https:\/\/websitedemos.net\/wp-content\/uploads\/2021\/03\/tarot-card-reader-04-home.jpg","fullpage-thumbnail-image-url":"https:\/\/websitedemos.net\/wp-content\/uploads\/2021\/03\/tarot-card-reader-04-home.jpg","astra-site-url":"\/\/websitedemos.net\/tarot-card-reader-04","astra-site-parent-id":1881,"astra-sites-tag":{"1902":"cartomancy","1900":"geomancy","1903":"personal-website","1899":"tarot","1901":"tarot-card-reader"},"astra-sites-type":"agency-mini","astra-site-category":{"27":"business"},"astra-sites-template-category":{"2777":"business","2825":"coaching","2794":"consulting","2770":"personal"},"astra-site-page-builder":"elementor","categories":{"2488":"portfolio"},"required-plugins":[{"slug":"elementor","init":"elementor\/elementor.php","name":"Elementor"},{"slug":"header-footer-elementor","init":"header-footer-elementor\/header-footer-elementor.php","name":"Elementor Header & Footer Builder"},{"slug":"wpforms-lite","init":"wpforms-lite\/wpforms.php","name":"WPForms Lite"}],"post-status":"publish","post-content":"<!-- wp:paragraph -->\n<p>Attention tarot card readers, \u200b\u200bpsychic readers, and astrologers. Here\u2019s the perfect template to offer reading and consultancy services online. The template is well designed and looks every bit a tarot reader\u2019s website.<\/p>\n<!-- \/wp:paragraph -->\n\n<!-- wp:paragraph -->\n<p>From booking an appointment online to viewing your services, the website template has everything you need to build a successful online business. And just in case you\u2019d like to teach how to read tarot, you could also offer courses thanks to built-in LMS integration.<\/p>\n<!-- \/wp:paragraph -->\n\n<!-- wp:heading -->\n<h2>Key features of the Bestselling Author template<\/h2>\n<!-- \/wp:heading -->\n\n<!-- wp:list -->\n<ul><li>Aptly designed website template, tailor-made for a tarot card reader\u2019s website<\/li><li>The package includes template pages for about, consulting, coaching, and contact<\/li><li>Well integrated with LMS plugins, allowing you to offer online courses as well<\/li><li>Allow customers to book an appointment online<\/li><li>Full compatibility with leading page builders<\/li><\/ul>\n<!-- \/wp:list -->","post-excerpt":"Offer online reading and consulting services through the Tarot Card Reader template","pages":{"id-51393":{"title":"About Me","featured-image-url":"https:\/\/websitedemos.net\/wp-content\/uploads\/2021\/03\/tarot-card-reader-04-about.jpg","thumbnail-image-url":"https:\/\/websitedemos.net\/wp-content\/uploads\/2021\/03\/tarot-card-reader-04-about.jpg","astra-page-api-url":"https:\/\/websitedemos.net\/tarot-card-reader-04\/wp-json\/wp\/v2\/pages\/533","dynamic-page":"no","astra-page-url":"\/\/websitedemos.net\/tarot-card-reader-04\/about-me\/","astra-sites-tag":{"352":"about"},"site-pages-type":"agency-mini","site-pages-page-builder":"elementor","site-pages-category":[],"site-pages-parent-category":{"60":"business"},"required-plugins":[{"slug":"elementor","init":"elementor\/elementor.php","name":"Elementor"}]},"id-51394":{"title":"Coaching","featured-image-url":"https:\/\/websitedemos.net\/wp-content\/uploads\/2021\/03\/tarot-card-reader-04-coaching.jpg","thumbnail-image-url":"https:\/\/websitedemos.net\/wp-content\/uploads\/2021\/03\/tarot-card-reader-04-coaching.jpg","astra-page-api-url":"https:\/\/websitedemos.net\/tarot-card-reader-04\/wp-json\/wp\/v2\/pages\/856","dynamic-page":"no","astra-page-url":"\/\/websitedemos.net\/tarot-card-reader-04\/coaching\/","astra-sites-tag":{"610":"coaching","721":"training"},"site-pages-type":"agency-mini","site-pages-page-builder":"elementor","site-pages-category":[],"site-pages-parent-category":{"60":"business"},"required-plugins":[{"slug":"elementor","init":"elementor\/elementor.php","name":"Elementor"}]},"id-51395":{"title":"Consulting","featured-image-url":"https:\/\/websitedemos.net\/wp-content\/uploads\/2021\/03\/tarot-card-reader-04-consulting.jpg","thumbnail-image-url":"https:\/\/websitedemos.net\/wp-content\/uploads\/2021\/03\/tarot-card-reader-04-consulting.jpg","astra-page-api-url":"https:\/\/websitedemos.net\/tarot-card-reader-04\/wp-json\/wp\/v2\/pages\/689","dynamic-page":"no","astra-page-url":"\/\/websitedemos.net\/tarot-card-reader-04\/consulting\/","astra-sites-tag":{"1898":"consulting","425":"services"},"site-pages-type":"agency-mini","site-pages-page-builder":"elementor","site-pages-category":[],"site-pages-parent-category":{"60":"business"},"required-plugins":[{"slug":"elementor","init":"elementor\/elementor.php","name":"Elementor"}]},"id-51396":{"title":"Contact","featured-image-url":"https:\/\/websitedemos.net\/wp-content\/uploads\/2021\/03\/tarot-card-reader-04-contact.jpg","thumbnail-image-url":"https:\/\/websitedemos.net\/wp-content\/uploads\/2021\/03\/tarot-card-reader-04-contact.jpg","astra-page-api-url":"https:\/\/websitedemos.net\/tarot-card-reader-04\/wp-json\/wp\/v2\/pages\/1017","dynamic-page":"no","astra-page-url":"\/\/websitedemos.net\/tarot-card-reader-04\/contact\/","astra-sites-tag":{"415":"contact"},"site-pages-type":"agency-mini","site-pages-page-builder":"elementor","site-pages-category":[],"site-pages-parent-category":{"60":"business"},"required-plugins":[{"slug":"elementor","init":"elementor\/elementor.php","name":"Elementor"},{"slug":"wpforms-lite","init":"wpforms-lite\/wpforms.php","name":"WPForms Lite"}]},"id-51397":{"title":"Home","featured-image-url":"https:\/\/websitedemos.net\/wp-content\/uploads\/2021\/03\/tarot-card-reader-04-home.jpg","thumbnail-image-url":"https:\/\/websitedemos.net\/wp-content\/uploads\/2021\/03\/tarot-card-reader-04-home.jpg","astra-page-api-url":"https:\/\/websitedemos.net\/tarot-card-reader-04\/wp-json\/wp\/v2\/pages\/17","dynamic-page":"no","astra-page-url":"\/\/websitedemos.net\/tarot-card-reader-04\/","astra-sites-tag":{"423":"home"},"site-pages-type":"agency-mini","site-pages-page-builder":"elementor","site-pages-category":[],"site-pages-parent-category":{"60":"business"},"required-plugins":[{"slug":"elementor","init":"elementor\/elementor.php","name":"Elementor"}]}},"related-bb-template":56535,"related-elementor-template":51392,"related-gutenberg-template":""},"id-56535":{"title":"Tarot Card Reader","id":56535,"publish-date":1624910267,"featured-image-url":"https:\/\/websitedemos.net\/wp-content\/uploads\/2021\/06\/tarot-card-reader-homepage-bb.jpg","thumbnail-image-url":"https:\/\/websitedemos.net\/wp-content\/uploads\/2021\/06\/tarot-card-reader-homepage-bb.jpg","fullpage-thumbnail-image-url":"https:\/\/websitedemos.net\/wp-content\/uploads\/2021\/06\/tarot-card-reader-homepage-bb.jpg","astra-site-url":"\/\/websitedemos.net\/tarot-card-reader-03","astra-site-parent-id":2240,"astra-sites-tag":{"1902":"cartomancy","1900":"geomancy","1903":"personal-website","1899":"tarot","1901":"tarot-card-reader"},"astra-sites-type":"agency-mini","astra-site-category":{"27":"business"},"astra-sites-template-category":[],"astra-site-page-builder":"beaver-builder","categories":{"2488":"portfolio"},"required-plugins":[{"slug":"beaver-builder-lite-version","init":"beaver-builder-lite-version\/fl-builder.php","name":"Beaver Builder Plugin (Lite Version)"},{"slug":"bb-ultimate-addon","init":"bb-ultimate-addon\/bb-ultimate-addon.php","name":"Ultimate Addons for Beaver Builder"},{"slug":"wpforms-lite","init":"wpforms-lite\/wpforms.php","name":"WPForms Lite"}],"post-status":"publish","post-content":"","post-excerpt":"","pages":{"id-56536":{"title":"About Me","featured-image-url":"https:\/\/websitedemos.net\/wp-content\/uploads\/2021\/06\/tarot-card-reader-about-bb.jpg","thumbnail-image-url":"https:\/\/websitedemos.net\/wp-content\/uploads\/2021\/06\/tarot-card-reader-about-bb.jpg","astra-page-api-url":"https:\/\/websitedemos.net\/tarot-card-reader-03\/wp-json\/wp\/v2\/pages\/1200","dynamic-page":"no","astra-page-url":"\/\/websitedemos.net\/tarot-card-reader-03\/about\/","astra-sites-tag":{"352":"about"},"site-pages-type":"agency-mini","site-pages-page-builder":"beaver-builder","site-pages-category":[],"site-pages-parent-category":{"60":"business"},"required-plugins":[{"slug":"beaver-builder-lite-version","init":"beaver-builder-lite-version\/fl-builder.php","name":"Beaver Builder Plugin (Lite Version)"},{"slug":"bb-ultimate-addon","init":"bb-ultimate-addon\/bb-ultimate-addon.php","name":"Ultimate Addons for Beaver Builder"}]},"id-56537":{"title":"Coaching","featured-image-url":"https:\/\/websitedemos.net\/wp-content\/uploads\/2021\/06\/tarot-card-reader-coaching-bb.jpg","thumbnail-image-url":"https:\/\/websitedemos.net\/wp-content\/uploads\/2021\/06\/tarot-card-reader-coaching-bb.jpg","astra-page-api-url":"https:\/\/websitedemos.net\/tarot-card-reader-03\/wp-json\/wp\/v2\/pages\/1211","dynamic-page":"no","astra-page-url":"\/\/websitedemos.net\/tarot-card-reader-03\/coaching\/","astra-sites-tag":{"610":"coaching"},"site-pages-type":"agency-mini","site-pages-page-builder":"beaver-builder","site-pages-category":[],"site-pages-parent-category":{"60":"business"},"required-plugins":[{"slug":"beaver-builder-lite-version","init":"beaver-builder-lite-version\/fl-builder.php","name":"Beaver Builder Plugin (Lite Version)"},{"slug":"bb-ultimate-addon","init":"bb-ultimate-addon\/bb-ultimate-addon.php","name":"Ultimate Addons for Beaver Builder"}]},"id-56538":{"title":"Consulting","featured-image-url":"https:\/\/websitedemos.net\/wp-content\/uploads\/2021\/06\/tarot-card-reader-consulting-bb.jpg","thumbnail-image-url":"https:\/\/websitedemos.net\/wp-content\/uploads\/2021\/06\/tarot-card-reader-consulting-bb.jpg","astra-page-api-url":"https:\/\/websitedemos.net\/tarot-card-reader-03\/wp-json\/wp\/v2\/pages\/1206","dynamic-page":"no","astra-page-url":"\/\/websitedemos.net\/tarot-card-reader-03\/consulting\/","astra-sites-tag":{"1898":"consulting"},"site-pages-type":"agency-mini","site-pages-page-builder":"beaver-builder","site-pages-category":[],"site-pages-parent-category":{"60":"business"},"required-plugins":[{"slug":"beaver-builder-lite-version","init":"beaver-builder-lite-version\/fl-builder.php","name":"Beaver Builder Plugin (Lite Version)"},{"slug":"bb-ultimate-addon","init":"bb-ultimate-addon\/bb-ultimate-addon.php","name":"Ultimate Addons for Beaver Builder"}]},"id-56539":{"title":"Contact","featured-image-url":"https:\/\/websitedemos.net\/wp-content\/uploads\/2021\/06\/tarot-card-reader-contact-bb.jpg","thumbnail-image-url":"https:\/\/websitedemos.net\/wp-content\/uploads\/2021\/06\/tarot-card-reader-contact-bb.jpg","astra-page-api-url":"https:\/\/websitedemos.net\/tarot-card-reader-03\/wp-json\/wp\/v2\/pages\/1214","dynamic-page":"no","astra-page-url":"\/\/websitedemos.net\/tarot-card-reader-03\/contact\/","astra-sites-tag":{"415":"contact"},"site-pages-type":"agency-mini","site-pages-page-builder":"beaver-builder","site-pages-category":[],"site-pages-parent-category":{"60":"business"},"required-plugins":[{"slug":"beaver-builder-lite-version","init":"beaver-builder-lite-version\/fl-builder.php","name":"Beaver Builder Plugin (Lite Version)"},{"slug":"bb-ultimate-addon","init":"bb-ultimate-addon\/bb-ultimate-addon.php","name":"Ultimate Addons for Beaver Builder"},{"slug":"wpforms-lite","init":"wpforms-lite\/wpforms.php","name":"WPForms Lite"}]},"id-56540":{"title":"Home","featured-image-url":"https:\/\/websitedemos.net\/wp-content\/uploads\/2021\/06\/tarot-card-reader-homepage-bb.jpg","thumbnail-image-url":"https:\/\/websitedemos.net\/wp-content\/uploads\/2021\/06\/tarot-card-reader-homepage-bb.jpg","astra-page-api-url":"https:\/\/websitedemos.net\/tarot-card-reader-03\/wp-json\/wp\/v2\/pages\/1186","dynamic-page":"no","astra-page-url":"\/\/websitedemos.net\/tarot-card-reader-03\/","astra-sites-tag":{"814":"homepage"},"site-pages-type":"agency-mini","site-pages-page-builder":"beaver-builder","site-pages-category":[],"site-pages-parent-category":{"60":"business"},"required-plugins":[{"slug":"beaver-builder-lite-version","init":"beaver-builder-lite-version\/fl-builder.php","name":"Beaver Builder Plugin (Lite Version)"},{"slug":"bb-ultimate-addon","init":"bb-ultimate-addon\/bb-ultimate-addon.php","name":"Ultimate Addons for Beaver Builder"}]}},"related-bb-template":"","related-elementor-template":"","related-gutenberg-template":""},"id-55786":{"title":"Digital Marketing Agency","id":55786,"publish-date":1623871379,"featured-image-url":"https:\/\/websitedemos.net\/wp-content\/uploads\/2021\/06\/digital-marketing-agency-02-home.jpg","thumbnail-image-url":"https:\/\/websitedemos.net\/wp-content\/uploads\/2021\/06\/digital-marketing-agency-02-home.jpg","fullpage-thumbnail-image-url":"https:\/\/websitedemos.net\/wp-content\/uploads\/2021\/06\/digital-marketing-agency-02-home.jpg","astra-site-url":"\/\/websitedemos.net\/digital-marketing-agency-04","astra-site-parent-id":2211,"astra-sites-tag":{"1587":"advertising-agency","2232":"advertising-company","2229":"advertising-firm","663":"agency","979":"company","2235":"digital-marketing-agency","2036":"digital-marketing-firm","1588":"marketing-agency","2233":"marketing-company","2228":"marketing-firm","2230":"press-agency","2227":"promotion-firm","2231":"publicity-firm","2234":"publicity-services"},"astra-sites-type":"agency-mini","astra-site-category":{"27":"business"},"astra-sites-template-category":{"2777":"business","2794":"consulting","2812":"digital-agency","2796":"digital-marketing","2831":"service"},"astra-site-page-builder":"elementor","categories":{"2487":"agency"},"required-plugins":[{"slug":"elementor","init":"elementor\/elementor.php","name":"Elementor"},{"slug":"header-footer-elementor","init":"header-footer-elementor\/header-footer-elementor.php","name":"Elementor Header & Footer Builder"},{"slug":"wpforms-lite","init":"wpforms-lite\/wpforms.php","name":"WPForms Lite"}],"post-status":"publish","post-content":"<!-- wp:paragraph -->\n<p>It\u2019s one thing saying that it can be done and another showing that it can be done. And when it comes to letting your work do all the talking, a professionally designed website closes the deal for you with your prospective clients.&nbsp;<\/p>\n<!-- \/wp:paragraph -->\n\n<!-- wp:paragraph -->\n<p>Our Digital Marketing Agency template does that. The template is perfect for your agency website, from done-for-you templates showcasing all your individual services to customer reviews.<\/p>\n<!-- \/wp:paragraph -->\n\n<!-- wp:heading -->\n<h2>Key features of the Digital Marketing Agency template<\/h2>\n<!-- \/wp:heading -->\n\n<!-- wp:list -->\n<ul><li>Professionally crafted templates for your digital marketing agency website<\/li><li>Package comes with individual templates for all your services, such as branding, digital marketing, SEO services, and social media<\/li><li>Include customer reviews as well as ratings from Google, Facebook, and Trustpilot, among others<\/li><li>Build authority and showcase your expertise by publishing regular blog posts<\/li><li>Full compatibility with leading page builders<\/li><\/ul>\n<!-- \/wp:list -->","post-excerpt":"Professionally crafted template best suited for a digital marketing agency website","pages":{"id-55787":{"title":"About","featured-image-url":"https:\/\/websitedemos.net\/wp-content\/uploads\/2021\/06\/digital-marketing-agency-02-about.jpg","thumbnail-image-url":"https:\/\/websitedemos.net\/wp-content\/uploads\/2021\/06\/digital-marketing-agency-02-about.jpg","astra-page-api-url":"https:\/\/websitedemos.net\/digital-marketing-agency-04\/wp-json\/wp\/v2\/pages\/321","dynamic-page":"no","astra-page-url":"\/\/websitedemos.net\/digital-marketing-agency-04\/about\/","astra-sites-tag":{"352":"about"},"site-pages-type":"agency-mini","site-pages-page-builder":"elementor","site-pages-category":[],"site-pages-parent-category":{"60":"business"},"required-plugins":[{"slug":"elementor","init":"elementor\/elementor.php","name":"Elementor"}]},"id-55789":{"title":"Branding","featured-image-url":"https:\/\/websitedemos.net\/wp-content\/uploads\/2021\/06\/digital-marketing-agency-02-branding.jpg","thumbnail-image-url":"https:\/\/websitedemos.net\/wp-content\/uploads\/2021\/06\/digital-marketing-agency-02-branding.jpg","astra-page-api-url":"https:\/\/websitedemos.net\/digital-marketing-agency-04\/wp-json\/wp\/v2\/pages\/587","dynamic-page":"no","astra-page-url":"\/\/websitedemos.net\/digital-marketing-agency-04\/branding\/","astra-sites-tag":{"2213":"branding","425":"services"},"site-pages-type":"agency-mini","site-pages-page-builder":"elementor","site-pages-category":[],"site-pages-parent-category":{"60":"business"},"required-plugins":[{"slug":"elementor","init":"elementor\/elementor.php","name":"Elementor"}]},"id-55790":{"title":"Contact","featured-image-url":"https:\/\/websitedemos.net\/wp-content\/uploads\/2021\/06\/digital-marketing-agency-02-contact.png","thumbnail-image-url":"https:\/\/websitedemos.net\/wp-content\/uploads\/2021\/06\/digital-marketing-agency-02-contact.png","astra-page-api-url":"https:\/\/websitedemos.net\/digital-marketing-agency-04\/wp-json\/wp\/v2\/pages\/325","dynamic-page":"no","astra-page-url":"\/\/websitedemos.net\/digital-marketing-agency-04\/contact\/","astra-sites-tag":{"415":"contact"},"site-pages-type":"agency-mini","site-pages-page-builder":"elementor","site-pages-category":[],"site-pages-parent-category":{"60":"business"},"required-plugins":[{"slug":"elementor","init":"elementor\/elementor.php","name":"Elementor"}]},"id-55791":{"title":"Digital Marketing","featured-image-url":"https:\/\/websitedemos.net\/wp-content\/uploads\/2021\/06\/digital-marketing-agency-02-digital-marketing.jpg","thumbnail-image-url":"https:\/\/websitedemos.net\/wp-content\/uploads\/2021\/06\/digital-marketing-agency-02-digital-marketing.jpg","astra-page-api-url":"https:\/\/websitedemos.net\/digital-marketing-agency-04\/wp-json\/wp\/v2\/pages\/589","dynamic-page":"no","astra-page-url":"\/\/websitedemos.net\/digital-marketing-agency-04\/digital-marketing\/","astra-sites-tag":{"1855":"digital-marketing","425":"services"},"site-pages-type":"agency-mini","site-pages-page-builder":"elementor","site-pages-category":[],"site-pages-parent-category":{"60":"business"},"required-plugins":[{"slug":"elementor","init":"elementor\/elementor.php","name":"Elementor"}]},"id-55792":{"title":"Home","featured-image-url":"https:\/\/websitedemos.net\/wp-content\/uploads\/2021\/06\/digital-marketing-agency-02-home.jpg","thumbnail-image-url":"https:\/\/websitedemos.net\/wp-content\/uploads\/2021\/06\/digital-marketing-agency-02-home.jpg","astra-page-api-url":"https:\/\/websitedemos.net\/digital-marketing-agency-04\/wp-json\/wp\/v2\/pages\/6","dynamic-page":"no","astra-page-url":"\/\/websitedemos.net\/digital-marketing-agency-04\/","astra-sites-tag":{"423":"home"},"site-pages-type":"agency-mini","site-pages-page-builder":"elementor","site-pages-category":[],"site-pages-parent-category":{"60":"business"},"required-plugins":[{"slug":"elementor","init":"elementor\/elementor.php","name":"Elementor"}]},"id-55793":{"title":"SEO Services","featured-image-url":"https:\/\/websitedemos.net\/wp-content\/uploads\/2021\/06\/digital-marketing-agency-02-seo-services.jpg","thumbnail-image-url":"https:\/\/websitedemos.net\/wp-content\/uploads\/2021\/06\/digital-marketing-agency-02-seo-services.jpg","astra-page-api-url":"https:\/\/websitedemos.net\/digital-marketing-agency-04\/wp-json\/wp\/v2\/pages\/717","dynamic-page":"no","astra-page-url":"\/\/websitedemos.net\/digital-marketing-agency-04\/seo-services\/","astra-sites-tag":{"2214":"seo-services","425":"services"},"site-pages-type":"agency-mini","site-pages-page-builder":"elementor","site-pages-category":[],"site-pages-parent-category":{"60":"business"},"required-plugins":[{"slug":"elementor","init":"elementor\/elementor.php","name":"Elementor"}]},"id-55794":{"title":"Services","featured-image-url":"https:\/\/websitedemos.net\/wp-content\/uploads\/2021\/06\/digital-marketing-agency-02-social-media.jpg","thumbnail-image-url":"https:\/\/websitedemos.net\/wp-content\/uploads\/2021\/06\/digital-marketing-agency-02-social-media.jpg","astra-page-api-url":"https:\/\/websitedemos.net\/digital-marketing-agency-04\/wp-json\/wp\/v2\/pages\/316","dynamic-page":"no","astra-page-url":"\/\/websitedemos.net\/digital-marketing-agency-04\/services\/","astra-sites-tag":{"425":"services"},"site-pages-type":"agency-mini","site-pages-page-builder":"elementor","site-pages-category":[],"site-pages-parent-category":{"60":"business"},"required-plugins":[{"slug":"elementor","init":"elementor\/elementor.php","name":"Elementor"}]},"id-55795":{"title":"Social Media","featured-image-url":"https:\/\/websitedemos.net\/wp-content\/uploads\/2021\/06\/digital-marketing-agency-02-social-media.jpg","thumbnail-image-url":"https:\/\/websitedemos.net\/wp-content\/uploads\/2021\/06\/digital-marketing-agency-02-social-media.jpg","astra-page-api-url":"https:\/\/websitedemos.net\/digital-marketing-agency-04\/wp-json\/wp\/v2\/pages\/719","dynamic-page":"no","astra-page-url":"\/\/websitedemos.net\/digital-marketing-agency-04\/social-media\/","astra-sites-tag":{"425":"services","2212":"social-media"},"site-pages-type":"agency-mini","site-pages-page-builder":"elementor","site-pages-category":[],"site-pages-parent-category":{"60":"business"},"required-plugins":[{"slug":"elementor","init":"elementor\/elementor.php","name":"Elementor"}]}},"related-bb-template":"","related-elementor-template":"","related-gutenberg-template":""},"id-58160":{"title":"Jewellery Store","id":58160,"publish-date":1632243433,"featured-image-url":"https:\/\/websitedemos.net\/wp-content\/uploads\/2021\/09\/jewellery-store-02-home.jpg","thumbnail-image-url":"https:\/\/websitedemos.net\/wp-content\/uploads\/2021\/09\/jewellery-store-02-home.jpg","fullpage-thumbnail-image-url":"https:\/\/websitedemos.net\/wp-content\/uploads\/2021\/09\/jewellery-store-02-home.jpg","astra-site-url":"\/\/websitedemos.net\/jewellery-store-04","astra-site-parent-id":2377,"astra-sites-tag":{"2418":"commerce","1017":"e-commerce","496":"ecommerce","1817":"ecommerce-store","2419":"eshopping","2382":"jewellery-store","2529":"jewelry-store","2383":"online-jewellery-store","2422":"online-market","732":"online-shop","2420":"online-shopping","383":"online-store","2421":"purchases","2417":"reseller","733":"shop","2416":"shopping","966":"woo-commerce","1024":"woocommerce"},"astra-sites-type":"agency-mini","astra-site-category":{"38":"ecommerce"},"astra-sites-template-category":{"2769":"ecommerce","2838":"jewellery","2857":"online-shopping"},"astra-site-page-builder":"elementor","categories":{"2495":"ecommerce"},"required-plugins":[{"slug":"elementor","init":"elementor\/elementor.php","name":"Elementor"},{"slug":"checkout-plugins-stripe-woo","init":"checkout-plugins-stripe-woo\/checkout-plugins-stripe-woo.php","name":"Checkout Plugins - Stripe for WooCommerce"},{"slug":"woocommerce","init":"woocommerce\/woocommerce.php","name":"WooCommerce"},{"slug":"wpforms-lite","init":"wpforms-lite\/wpforms.php","name":"WPForms Lite"},{"slug":"astra-addon","init":"astra-addon\/astra-addon.php","name":"Astra Pro"},{"slug":"variation-swatches-woo","init":"variation-swatches-woo\/variation-swatches-woo.php","name":"Variation Swatches for WooCommerce"}],"post-status":"publish","post-content":"<!-- wp:paragraph -->\n<p>Want to sell jewelry to a broader audience? Consider building an online store! Import our easy-to-use Jewellery Store template and launch your store quickly. Accept orders and payments round the clock through your website.<\/p>\n<!-- \/wp:paragraph -->\n\n<!-- wp:paragraph -->\n<p>The clean and minimalistic design has all the correct elements to help you build a high-converting store. From impressive background effects to displaying products based on categories and latest arrivals, Jewellery Store is the perfect web template for your store.<\/p>\n<!-- \/wp:paragraph -->\n\n<!-- wp:heading -->\n<h2>Key features of the Jewellery Store template<\/h2>\n<!-- \/wp:heading -->\n\n<!-- wp:list -->\n<ul><li>Clean and simple design that has everything you need to build a fantastic online store<\/li><li>Display products based on categories, such as earrings, necklaces, rings, and more<\/li><li>Product page displays various payment options as well as related products<\/li><li>Straightforward checkout process<\/li><li>Well integrated with the WordPress eCommerce plugin, WooCommerce<\/li><\/ul>\n<!-- \/wp:list -->","post-excerpt":"Beautiful website template perfect for building an online store to sell jewelry","pages":{"id-58166":{"title":"About","featured-image-url":"https:\/\/websitedemos.net\/wp-content\/uploads\/2021\/09\/jewellery-store-02-about.jpg","thumbnail-image-url":"https:\/\/websitedemos.net\/wp-content\/uploads\/2021\/09\/jewellery-store-02-about.jpg","astra-page-api-url":"https:\/\/websitedemos.net\/jewellery-store-04\/wp-json\/wp\/v2\/pages\/18","dynamic-page":"no","astra-page-url":"\/\/websitedemos.net\/jewellery-store-04\/about\/","astra-sites-tag":{"352":"about"},"site-pages-type":"agency-mini","site-pages-page-builder":"elementor","site-pages-category":[],"site-pages-parent-category":{"64":"ecommerce"},"required-plugins":[{"slug":"elementor","init":"elementor\/elementor.php","name":"Elementor"}]},"id-58167":{"title":"Contact","featured-image-url":"https:\/\/websitedemos.net\/wp-content\/uploads\/2021\/09\/jewellery-store-02-contact.jpg","thumbnail-image-url":"https:\/\/websitedemos.net\/wp-content\/uploads\/2021\/09\/jewellery-store-02-contact.jpg","astra-page-api-url":"https:\/\/websitedemos.net\/jewellery-store-04\/wp-json\/wp\/v2\/pages\/20","dynamic-page":"no","astra-page-url":"\/\/websitedemos.net\/jewellery-store-04\/contact\/","astra-sites-tag":{"415":"contact"},"site-pages-type":"agency-mini","site-pages-page-builder":"elementor","site-pages-category":[],"site-pages-parent-category":{"64":"ecommerce"},"required-plugins":[{"slug":"elementor","init":"elementor\/elementor.php","name":"Elementor"},{"slug":"wpforms-lite","init":"wpforms-lite\/wpforms.php","name":"WPForms Lite"}]},"id-58168":{"title":"Home","featured-image-url":"https:\/\/websitedemos.net\/wp-content\/uploads\/2021\/09\/jewellery-store-02-home.jpg","thumbnail-image-url":"https:\/\/websitedemos.net\/wp-content\/uploads\/2021\/09\/jewellery-store-02-home.jpg","astra-page-api-url":"https:\/\/websitedemos.net\/jewellery-store-04\/wp-json\/wp\/v2\/pages\/16","dynamic-page":"yes","astra-page-url":"\/\/websitedemos.net\/jewellery-store-04\/","astra-sites-tag":{"423":"home"},"site-pages-type":"agency-mini","site-pages-page-builder":"elementor","site-pages-category":[],"site-pages-parent-category":{"64":"ecommerce"},"required-plugins":[{"slug":"elementor","init":"elementor\/elementor.php","name":"Elementor"},{"slug":"woocommerce","init":"woocommerce\/woocommerce.php","name":"WooCommerce"}]}},"related-bb-template":"","related-elementor-template":"","related-gutenberg-template":""},"id-53777":{"title":"Fashion Influencer","id":53777,"publish-date":1623424711,"featured-image-url":"https:\/\/websitedemos.net\/wp-content\/uploads\/2021\/05\/fashion-influencer-02-home.jpg","thumbnail-image-url":"https:\/\/websitedemos.net\/wp-content\/uploads\/2021\/05\/fashion-influencer-02-home.jpg","fullpage-thumbnail-image-url":"https:\/\/websitedemos.net\/wp-content\/uploads\/2021\/05\/fashion-influencer-02-home.jpg","astra-site-url":"\/\/websitedemos.net\/fashion-influencer-04","astra-site-parent-id":2021,"astra-sites-tag":{"1652":"blogger","1654":"content-creator","2164":"fashion-blogger","2161":"fashion-influencer","1547":"influencer","2162":"lifestyle-blogger","2166":"luxury-influencer","2163":"social-media-influencer","2165":"style-influencer"},"astra-sites-type":"agency-mini","astra-site-category":{"37":"blog"},"astra-sites-template-category":{"2790":"beauty-fashion","2828":"blog","2890":"makeup-cosmetic","2770":"personal","2768":"portfolio"},"astra-site-page-builder":"elementor","categories":{"2497":"blog"},"required-plugins":[{"slug":"elementor","init":"elementor\/elementor.php","name":"Elementor"},{"slug":"wpforms-lite","init":"wpforms-lite\/wpforms.php","name":"WPForms Lite"}],"post-status":"publish","post-content":"<!-- wp:paragraph -->\n<p>Whether you are a fashion designer, blogger, influencer, or have anything to do with the fashion industry, the Fashion Influencer template is what you need to make a statement.&nbsp;<\/p>\n<!-- \/wp:paragraph -->\n\n<!-- wp:paragraph -->\n<p>The classy website design is perfect for promoting various fashion brands, products, accessories, clothing, and cosmetics, among other things. Publish blogs and articles on topics related to fashion and upload videos as well on your fashion website.<\/p>\n<!-- \/wp:paragraph -->\n\n<!-- wp:heading -->\n<h2>Key features of the Fashion Influencer template<\/h2>\n<!-- \/wp:heading -->\n\n<!-- wp:list -->\n<ul><li>Classy and sophisticated-looking template, perfect for a fashion-related website<\/li><li>Ideal for fashion influencers, bloggers, and just about anyone in the fashion industry<\/li><li>Showcase various fashion brands, products, blogs, articles, and videos<\/li><li>Integrate your Instagram feed and share photos with your website visitors<\/li><li>Fully customizable and responsive website template<\/li><\/ul>\n<!-- \/wp:list -->","post-excerpt":"Sophisticated-looking website design that\u2019s perfect for making a fashion statement","pages":{"id-53778":{"title":"About Me","featured-image-url":"https:\/\/websitedemos.net\/wp-content\/uploads\/2021\/05\/fashion-influencer-02-about.jpg","thumbnail-image-url":"https:\/\/websitedemos.net\/wp-content\/uploads\/2021\/05\/fashion-influencer-02-about.jpg","astra-page-api-url":"https:\/\/websitedemos.net\/fashion-influencer-04\/wp-json\/wp\/v2\/pages\/670","dynamic-page":"no","astra-page-url":"\/\/websitedemos.net\/fashion-influencer-04\/about-me\/","astra-sites-tag":{"352":"about"},"site-pages-type":"agency-mini","site-pages-page-builder":"elementor","site-pages-category":[],"site-pages-parent-category":{"74":"blog"},"required-plugins":[{"slug":"elementor","init":"elementor\/elementor.php","name":"Elementor"}]},"id-53779":{"title":"Contact","featured-image-url":"https:\/\/websitedemos.net\/wp-content\/uploads\/2021\/05\/fashion-influencer-02-contact.jpg","thumbnail-image-url":"https:\/\/websitedemos.net\/wp-content\/uploads\/2021\/05\/fashion-influencer-02-contact.jpg","astra-page-api-url":"https:\/\/websitedemos.net\/fashion-influencer-04\/wp-json\/wp\/v2\/pages\/731","dynamic-page":"no","astra-page-url":"\/\/websitedemos.net\/fashion-influencer-04\/contact\/","astra-sites-tag":{"415":"contact"},"site-pages-type":"agency-mini","site-pages-page-builder":"elementor","site-pages-category":[],"site-pages-parent-category":{"74":"blog"},"required-plugins":[{"slug":"elementor","init":"elementor\/elementor.php","name":"Elementor"},{"slug":"wpforms-lite","init":"wpforms-lite\/wpforms.php","name":"WPForms Lite"}]},"id-53780":{"title":"Fashion Tips","featured-image-url":"https:\/\/websitedemos.net\/wp-content\/uploads\/2021\/05\/fashion-influencer-02-fashion-tips.jpg","thumbnail-image-url":"https:\/\/websitedemos.net\/wp-content\/uploads\/2021\/05\/fashion-influencer-02-fashion-tips.jpg","astra-page-api-url":"https:\/\/websitedemos.net\/fashion-influencer-04\/wp-json\/wp\/v2\/pages\/805","dynamic-page":"no","astra-page-url":"\/\/websitedemos.net\/fashion-influencer-04\/fashion-tips\/","astra-sites-tag":{"480":"blog","482":"fashion","2022":"tips"},"site-pages-type":"agency-mini","site-pages-page-builder":"elementor","site-pages-category":[],"site-pages-parent-category":{"74":"blog"},"required-plugins":[{"slug":"elementor","init":"elementor\/elementor.php","name":"Elementor"}]},"id-53781":{"title":"Home","featured-image-url":"https:\/\/websitedemos.net\/wp-content\/uploads\/2021\/05\/fashion-influencer-02-home.jpg","thumbnail-image-url":"https:\/\/websitedemos.net\/wp-content\/uploads\/2021\/05\/fashion-influencer-02-home.jpg","astra-page-api-url":"https:\/\/websitedemos.net\/fashion-influencer-04\/wp-json\/wp\/v2\/pages\/28","dynamic-page":"no","astra-page-url":"\/\/websitedemos.net\/fashion-influencer-04\/","astra-sites-tag":{"423":"home"},"site-pages-type":"agency-mini","site-pages-page-builder":"elementor","site-pages-category":[],"site-pages-parent-category":{"74":"blog"},"required-plugins":[{"slug":"elementor","init":"elementor\/elementor.php","name":"Elementor"},{"slug":"wpforms-lite","init":"wpforms-lite\/wpforms.php","name":"WPForms Lite"}]},"id-53782":{"title":"Lookbook","featured-image-url":"https:\/\/websitedemos.net\/wp-content\/uploads\/2021\/05\/fashion-influencer-02-lookbook.jpg","thumbnail-image-url":"https:\/\/websitedemos.net\/wp-content\/uploads\/2021\/05\/fashion-influencer-02-lookbook.jpg","astra-page-api-url":"https:\/\/websitedemos.net\/fashion-influencer-04\/wp-json\/wp\/v2\/pages\/613","dynamic-page":"no","astra-page-url":"\/\/websitedemos.net\/fashion-influencer-04\/lookbook\/","astra-sites-tag":{"752":"lookbook"},"site-pages-type":"agency-mini","site-pages-page-builder":"elementor","site-pages-category":[],"site-pages-parent-category":{"74":"blog"},"required-plugins":[{"slug":"elementor","init":"elementor\/elementor.php","name":"Elementor"}]},"id-53783":{"title":"Shoots","featured-image-url":"https:\/\/websitedemos.net\/wp-content\/uploads\/2021\/05\/fashion-influencer-02-shoots.jpg","thumbnail-image-url":"https:\/\/websitedemos.net\/wp-content\/uploads\/2021\/05\/fashion-influencer-02-shoots.jpg","astra-page-api-url":"https:\/\/websitedemos.net\/fashion-influencer-04\/wp-json\/wp\/v2\/pages\/445","dynamic-page":"no","astra-page-url":"\/\/websitedemos.net\/fashion-influencer-04\/shoots\/","astra-sites-tag":{"2023":"shoots","2001":"videos"},"site-pages-type":"agency-mini","site-pages-page-builder":"elementor","site-pages-category":[],"site-pages-parent-category":{"74":"blog"},"required-plugins":[{"slug":"elementor","init":"elementor\/elementor.php","name":"Elementor"}]}},"related-bb-template":55741,"related-elementor-template":53777,"related-gutenberg-template":""},"id-51559":{"title":"Public Speaker","id":51559,"publish-date":1617821342,"featured-image-url":"https:\/\/websitedemos.net\/wp-content\/uploads\/2021\/04\/public-speaker-02-home.jpg","thumbnail-image-url":"https:\/\/websitedemos.net\/wp-content\/uploads\/2021\/04\/public-speaker-02-home.jpg","fullpage-thumbnail-image-url":"https:\/\/websitedemos.net\/wp-content\/uploads\/2021\/04\/public-speaker-02-home.jpg","astra-site-url":"\/\/websitedemos.net\/public-speaker-02","astra-site-parent-id":1937,"astra-sites-tag":{"724":"author","854":"coach","612":"life-coach","1866":"life-guide","1880":"mentor","855":"motivational-speaker","1903":"personal-website","1939":"public-speaker","1940":"storyteller"},"astra-sites-type":"free","astra-site-category":{"27":"business","39":"free"},"astra-sites-template-category":{"2839":"author-writer","2814":"bookstore","2825":"coaching","2770":"personal"},"astra-site-page-builder":"elementor","categories":{"2483":"expert-services"},"required-plugins":[{"slug":"elementor","init":"elementor\/elementor.php","name":"Elementor"},{"slug":"wpforms-lite","init":"wpforms-lite\/wpforms.php","name":"WPForms Lite"}],"post-status":"publish","post-content":"<!-- wp:paragraph -->\n<p>Want to fill your calendar with speaking engagements? Build a website! To make it easier, we\u2019ve crafted the Public Speaker web template. It\u2019s a thoughtfully crafted template with everything you need to promote yourself as a professional speaker.<\/p>\n<!-- \/wp:paragraph -->\n\n<!-- wp:paragraph -->\n<p>Include videos of your previous speaking engagements, and publish blog posts to build authority and trustworthiness, among other things. If you have your publications, the template is well integrated to let you sell them online.<\/p>\n<!-- \/wp:paragraph -->\n\n<!-- wp:heading -->\n<h2>Key features of the Public Speaker template<\/h2>\n<!-- \/wp:heading -->\n\n<!-- wp:list -->\n<ul><li>Thoughtfully designed template, perfect for a public speaker or an influencer<\/li><li>Promote videos of your speaking engagements<\/li><li>Package includes dedicated pages about the speaker, services offered, contact and even to sell your publications online<\/li><li>Want to offer live sessions? The template has you covered<\/li><li>Deep integrations with WooCommerce, allowing you to sell online<\/li><\/ul>\n<!-- \/wp:list -->","post-excerpt":"A thoughtful website template that\u2019s perfect for building a website for public speakers","pages":{"id-51560":{"title":"About","featured-image-url":"https:\/\/websitedemos.net\/wp-content\/uploads\/2021\/04\/public-speaker-02-about.jpg","thumbnail-image-url":"https:\/\/websitedemos.net\/wp-content\/uploads\/2021\/04\/public-speaker-02-about.jpg","astra-page-api-url":"https:\/\/websitedemos.net\/public-speaker-02\/wp-json\/wp\/v2\/pages\/494","dynamic-page":"no","astra-page-url":"\/\/websitedemos.net\/public-speaker-02\/about\/","astra-sites-tag":{"352":"about"},"site-pages-type":"free","site-pages-page-builder":"elementor","site-pages-category":[],"site-pages-parent-category":{"60":"business","61":"free"},"required-plugins":[{"slug":"elementor","init":"elementor\/elementor.php","name":"Elementor"}]},"id-51562":{"title":"Books","featured-image-url":"https:\/\/websitedemos.net\/wp-content\/uploads\/2021\/04\/public-speaker-02-books.jpg","thumbnail-image-url":"https:\/\/websitedemos.net\/wp-content\/uploads\/2021\/04\/public-speaker-02-books.jpg","astra-page-api-url":"https:\/\/websitedemos.net\/public-speaker-02\/wp-json\/wp\/v2\/pages\/587","dynamic-page":"no","astra-page-url":"\/\/websitedemos.net\/public-speaker-02\/books\/","astra-sites-tag":{"1740":"books"},"site-pages-type":"free","site-pages-page-builder":"elementor","site-pages-category":[],"site-pages-parent-category":{"60":"business","61":"free"},"required-plugins":[{"slug":"elementor","init":"elementor\/elementor.php","name":"Elementor"}]},"id-51563":{"title":"Contact","featured-image-url":"https:\/\/websitedemos.net\/wp-content\/uploads\/2021\/04\/public-speaker-02-contact.jpg","thumbnail-image-url":"https:\/\/websitedemos.net\/wp-content\/uploads\/2021\/04\/public-speaker-02-contact.jpg","astra-page-api-url":"https:\/\/websitedemos.net\/public-speaker-02\/wp-json\/wp\/v2\/pages\/867","dynamic-page":"no","astra-page-url":"\/\/websitedemos.net\/public-speaker-02\/contact\/","astra-sites-tag":{"415":"contact"},"site-pages-type":"free","site-pages-page-builder":"elementor","site-pages-category":[],"site-pages-parent-category":{"60":"business","61":"free"},"required-plugins":[{"slug":"elementor","init":"elementor\/elementor.php","name":"Elementor"}]},"id-51564":{"title":"Home","featured-image-url":"https:\/\/websitedemos.net\/wp-content\/uploads\/2021\/04\/public-speaker-02-home.jpg","thumbnail-image-url":"https:\/\/websitedemos.net\/wp-content\/uploads\/2021\/04\/public-speaker-02-home.jpg","astra-page-api-url":"https:\/\/websitedemos.net\/public-speaker-02\/wp-json\/wp\/v2\/pages\/7","dynamic-page":"no","astra-page-url":"\/\/websitedemos.net\/public-speaker-02\/","astra-sites-tag":{"423":"home"},"site-pages-type":"free","site-pages-page-builder":"elementor","site-pages-category":[],"site-pages-parent-category":{"60":"business","61":"free"},"required-plugins":[{"slug":"elementor","init":"elementor\/elementor.php","name":"Elementor"}]},"id-51565":{"title":"What I Offer","featured-image-url":"https:\/\/websitedemos.net\/wp-content\/uploads\/2021\/04\/public-speaker-02-services.jpg","thumbnail-image-url":"https:\/\/websitedemos.net\/wp-content\/uploads\/2021\/04\/public-speaker-02-services.jpg","astra-page-api-url":"https:\/\/websitedemos.net\/public-speaker-02\/wp-json\/wp\/v2\/pages\/670","dynamic-page":"no","astra-page-url":"\/\/websitedemos.net\/public-speaker-02\/what-i-offer\/","astra-sites-tag":{"425":"services","1938":"what-i-offer"},"site-pages-type":"free","site-pages-page-builder":"elementor","site-pages-category":[],"site-pages-parent-category":{"60":"business","61":"free"},"required-plugins":[{"slug":"elementor","init":"elementor\/elementor.php","name":"Elementor"}]}},"related-bb-template":"","related-elementor-template":51559,"related-gutenberg-template":64754},"id-56739":{"title":"Public Speaker","id":56739,"publish-date":1626114397,"featured-image-url":"https:\/\/websitedemos.net\/wp-content\/uploads\/2021\/07\/public-speaker-08.jpg","thumbnail-image-url":"https:\/\/websitedemos.net\/wp-content\/uploads\/2021\/07\/public-speaker-08-600x3080.jpg","fullpage-thumbnail-image-url":"https:\/\/websitedemos.net\/wp-content\/uploads\/2021\/07\/public-speaker-08-400x2053.jpg","astra-site-url":"\/\/websitedemos.net\/public-speaker-08","astra-site-parent-id":2256,"astra-sites-tag":{"724":"author","854":"coach","612":"life-coach","1866":"life-guide","1880":"mentor","855":"motivational-speaker","1903":"personal-website","1939":"public-speaker","1940":"storyteller"},"astra-sites-type":"free","astra-site-category":{"27":"business","39":"free"},"astra-sites-template-category":[],"astra-site-page-builder":"gutenberg","categories":{"2483":"expert-services"},"required-plugins":[{"slug":"wpforms-lite","init":"wpforms-lite\/wpforms.php","name":"WPForms Lite"},{"slug":"ultimate-addons-for-gutenberg","init":"ultimate-addons-for-gutenberg\/ultimate-addons-for-gutenberg.php","name":"Spectra"}],"post-status":"publish","post-content":"","post-excerpt":"","pages":{"id-56740":{"title":"About","featured-image-url":"https:\/\/websitedemos.net\/wp-content\/uploads\/2021\/07\/public-speaker-08-about-1.jpg","thumbnail-image-url":"https:\/\/websitedemos.net\/wp-content\/uploads\/2021\/07\/public-speaker-08-about-1-600x2525.jpg","astra-page-api-url":"https:\/\/websitedemos.net\/public-speaker-08\/wp-json\/wp\/v2\/pages\/1068","dynamic-page":"no","astra-page-url":"\/\/websitedemos.net\/public-speaker-08\/about\/","astra-sites-tag":{"352":"about"},"site-pages-type":"free","site-pages-page-builder":"gutenberg","site-pages-category":[],"site-pages-parent-category":{"60":"business","61":"free"},"required-plugins":[{"slug":"ultimate-addons-for-gutenberg","init":"ultimate-addons-for-gutenberg\/ultimate-addons-for-gutenberg.php","name":"Spectra"},{"slug":"wpforms-lite","init":"wpforms-lite\/wpforms.php","name":"WPForms Lite"}]},"id-56741":{"title":"Books","featured-image-url":"https:\/\/websitedemos.net\/wp-content\/uploads\/2021\/07\/public-speaker-08-books-1.jpg","thumbnail-image-url":"https:\/\/websitedemos.net\/wp-content\/uploads\/2021\/07\/public-speaker-08-books-1-600x1907.jpg","astra-page-api-url":"https:\/\/websitedemos.net\/public-speaker-08\/wp-json\/wp\/v2\/pages\/1070","dynamic-page":"no","astra-page-url":"\/\/websitedemos.net\/public-speaker-08\/books\/","astra-sites-tag":{"1740":"books"},"site-pages-type":"free","site-pages-page-builder":"gutenberg","site-pages-category":[],"site-pages-parent-category":{"60":"business","61":"free"},"required-plugins":[{"slug":"ultimate-addons-for-gutenberg","init":"ultimate-addons-for-gutenberg\/ultimate-addons-for-gutenberg.php","name":"Spectra"},{"slug":"wpforms-lite","init":"wpforms-lite\/wpforms.php","name":"WPForms Lite"}]},"id-56742":{"title":"Contact","featured-image-url":"https:\/\/websitedemos.net\/wp-content\/uploads\/2021\/07\/public-speaker-08-contact-1.jpg","thumbnail-image-url":"https:\/\/websitedemos.net\/wp-content\/uploads\/2021\/07\/public-speaker-08-contact-1-600x812.jpg","astra-page-api-url":"https:\/\/websitedemos.net\/public-speaker-08\/wp-json\/wp\/v2\/pages\/1076","dynamic-page":"no","astra-page-url":"\/\/websitedemos.net\/public-speaker-08\/contact\/","astra-sites-tag":{"415":"contact"},"site-pages-type":"free","site-pages-page-builder":"gutenberg","site-pages-category":[],"site-pages-parent-category":{"60":"business","61":"free"},"required-plugins":[{"slug":"ultimate-addons-for-gutenberg","init":"ultimate-addons-for-gutenberg\/ultimate-addons-for-gutenberg.php","name":"Spectra"},{"slug":"wpforms-lite","init":"wpforms-lite\/wpforms.php","name":"WPForms Lite"}]},"id-56744":{"title":"What I Offer","featured-image-url":"https:\/\/websitedemos.net\/wp-content\/uploads\/2021\/07\/public-speaker-08-what-i-offer-1.jpg","thumbnail-image-url":"https:\/\/websitedemos.net\/wp-content\/uploads\/2021\/07\/public-speaker-08-what-i-offer-1-600x2028.jpg","astra-page-api-url":"https:\/\/websitedemos.net\/public-speaker-08\/wp-json\/wp\/v2\/pages\/1072","dynamic-page":"no","astra-page-url":"\/\/websitedemos.net\/public-speaker-08\/what-i-offer\/","astra-sites-tag":{"425":"services","1938":"what-i-offer"},"site-pages-type":"free","site-pages-page-builder":"gutenberg","site-pages-category":[],"site-pages-parent-category":{"60":"business","61":"free"},"required-plugins":[{"slug":"ultimate-addons-for-gutenberg","init":"ultimate-addons-for-gutenberg\/ultimate-addons-for-gutenberg.php","name":"Spectra"},{"slug":"wpforms-lite","init":"wpforms-lite\/wpforms.php","name":"WPForms Lite"}]},"id-56743":{"title":"Home","featured-image-url":"https:\/\/websitedemos.net\/wp-content\/uploads\/2021\/07\/public-speaker-08.jpg","thumbnail-image-url":"https:\/\/websitedemos.net\/wp-content\/uploads\/2021\/07\/public-speaker-08-600x3080.jpg","astra-page-api-url":"https:\/\/websitedemos.net\/public-speaker-08\/wp-json\/wp\/v2\/pages\/1066","dynamic-page":"no","astra-page-url":"\/\/websitedemos.net\/public-speaker-08\/","astra-sites-tag":{"423":"home"},"site-pages-type":"free","site-pages-page-builder":"gutenberg","site-pages-category":[],"site-pages-parent-category":{"60":"business","61":"free"},"required-plugins":[{"slug":"ultimate-addons-for-gutenberg","init":"ultimate-addons-for-gutenberg\/ultimate-addons-for-gutenberg.php","name":"Spectra"},{"slug":"wpforms-lite","init":"wpforms-lite\/wpforms.php","name":"WPForms Lite"}]}},"related-bb-template":"","related-elementor-template":"","related-gutenberg-template":""},"id-52222":{"title":"Pub and Bar","id":52222,"publish-date":1620390845,"featured-image-url":"https:\/\/websitedemos.net\/wp-content\/uploads\/2021\/04\/pub-and-bar-02-home.jpg","thumbnail-image-url":"https:\/\/websitedemos.net\/wp-content\/uploads\/2021\/04\/pub-and-bar-02-home.jpg","fullpage-thumbnail-image-url":"https:\/\/websitedemos.net\/wp-content\/uploads\/2021\/04\/pub-and-bar-02-home.jpg","astra-site-url":"\/\/websitedemos.net\/pub-and-bar-04","astra-site-parent-id":1945,"astra-sites-tag":{"2009":"bar-room","2007":"barbeque-restaurant","2010":"beer-bar","1988":"beer-joint","562":"bistro","635":"brewery","1989":"cocktail-lounge","882":"drinks","350":"hotel","657":"lounge","1983":"pub","2008":"pub-and-bar","335":"restaurant"},"astra-sites-type":"agency-mini","astra-site-category":{"27":"business"},"astra-sites-template-category":{"2769":"ecommerce","2785":"food","2776":"restaurant","2813":"winery"},"astra-site-page-builder":"elementor","categories":{"2496":"restaurant-food"},"required-plugins":[{"slug":"elementor","init":"elementor\/elementor.php","name":"Elementor"},{"slug":"header-footer-elementor","init":"header-footer-elementor\/header-footer-elementor.php","name":"Elementor - Header, Footer & Blocks"},{"slug":"wpforms-lite","init":"wpforms-lite\/wpforms.php","name":"WPForms Lite"}],"post-status":"publish","post-content":"<!-- wp:paragraph -->\n<p>Build your online presence and let customers connect with you before visiting your joint. Use the appealing Pub and Bar template to launch your website. Share photos of the ambiance, the exquisite food and drinks menu, and customer reviews, among other things.<\/p>\n<!-- \/wp:paragraph -->\n\n<!-- wp:paragraph -->\n<p>The template has exciting features, such as online table reservations, details of upcoming events, deals and offers, and more. You also have the option to sell store merchandise online.<\/p>\n<!-- \/wp:paragraph -->\n\n<!-- wp:heading -->\n<h2>Key features of the Pub and Bar template<\/h2>\n<!-- \/wp:heading -->\n\n<!-- wp:list -->\n<ul><li>Take your pub and bar joint online with our appealing and attractive website template<\/li><li>Include photos of the joint, customer reviews, menu details, and more<\/li><li>Allow customers to make online table reservations<\/li><li>Sell your store merchandise online with our well-integrated WooCommerce template<\/li><li>Full compatibility with leading page builders<\/li><\/ul>\n<!-- \/wp:list -->","post-excerpt":"The perfect lightweight and responsive template for taking your pub and bar joint online","pages":{"id-52224":{"title":"Contact","featured-image-url":"https:\/\/websitedemos.net\/wp-content\/uploads\/2021\/04\/pub-and-bar-02-contact.jpg","thumbnail-image-url":"https:\/\/websitedemos.net\/wp-content\/uploads\/2021\/04\/pub-and-bar-02-contact.jpg","astra-page-api-url":"https:\/\/websitedemos.net\/pub-and-bar-04\/wp-json\/wp\/v2\/pages\/891","dynamic-page":"no","astra-page-url":"\/\/websitedemos.net\/pub-and-bar-04\/contact\/","astra-sites-tag":{"415":"contact"},"site-pages-type":"agency-mini","site-pages-page-builder":"elementor","site-pages-category":[],"site-pages-parent-category":{"60":"business"},"required-plugins":[{"slug":"elementor","init":"elementor\/elementor.php","name":"Elementor"},{"slug":"wpforms-lite","init":"wpforms-lite\/wpforms.php","name":"WPForms Lite"}]},"id-52225":{"title":"Drinks","featured-image-url":"https:\/\/websitedemos.net\/wp-content\/uploads\/2021\/04\/pub-and-bar-02-drinks.jpg","thumbnail-image-url":"https:\/\/websitedemos.net\/wp-content\/uploads\/2021\/04\/pub-and-bar-02-drinks.jpg","astra-page-api-url":"https:\/\/websitedemos.net\/pub-and-bar-04\/wp-json\/wp\/v2\/pages\/683","dynamic-page":"no","astra-page-url":"\/\/websitedemos.net\/pub-and-bar-04\/drinks\/","astra-sites-tag":{"882":"drinks"},"site-pages-type":"agency-mini","site-pages-page-builder":"elementor","site-pages-category":[],"site-pages-parent-category":{"60":"business"},"required-plugins":[{"slug":"elementor","init":"elementor\/elementor.php","name":"Elementor"}]},"id-52226":{"title":"Food","featured-image-url":"https:\/\/websitedemos.net\/wp-content\/uploads\/2021\/04\/pub-and-bar-02-food.jpg","thumbnail-image-url":"https:\/\/websitedemos.net\/wp-content\/uploads\/2021\/04\/pub-and-bar-02-food.jpg","astra-page-api-url":"https:\/\/websitedemos.net\/pub-and-bar-04\/wp-json\/wp\/v2\/pages\/536","dynamic-page":"no","astra-page-url":"\/\/websitedemos.net\/pub-and-bar-04\/food\/","astra-sites-tag":{"336":"food"},"site-pages-type":"agency-mini","site-pages-page-builder":"elementor","site-pages-category":[],"site-pages-parent-category":{"60":"business"},"required-plugins":[{"slug":"elementor","init":"elementor\/elementor.php","name":"Elementor"}]},"id-52223":{"title":"About","featured-image-url":"https:\/\/websitedemos.net\/wp-content\/uploads\/2021\/04\/pub-and-bar-02-about.jpg","thumbnail-image-url":"https:\/\/websitedemos.net\/wp-content\/uploads\/2021\/04\/pub-and-bar-02-about.jpg","astra-page-api-url":"https:\/\/websitedemos.net\/pub-and-bar-04\/wp-json\/wp\/v2\/pages\/412","dynamic-page":"no","astra-page-url":"\/\/websitedemos.net\/pub-and-bar-04\/about\/","astra-sites-tag":{"352":"about"},"site-pages-type":"agency-mini","site-pages-page-builder":"elementor","site-pages-category":[],"site-pages-parent-category":{"60":"business"},"required-plugins":[{"slug":"elementor","init":"elementor\/elementor.php","name":"Elementor"}]},"id-52227":{"title":"Home","featured-image-url":"https:\/\/websitedemos.net\/wp-content\/uploads\/2021\/04\/pub-and-bar-02-home.jpg","thumbnail-image-url":"https:\/\/websitedemos.net\/wp-content\/uploads\/2021\/04\/pub-and-bar-02-home.jpg","astra-page-api-url":"https:\/\/websitedemos.net\/pub-and-bar-04\/wp-json\/wp\/v2\/pages\/16","dynamic-page":"no","astra-page-url":"\/\/websitedemos.net\/pub-and-bar-04\/","astra-sites-tag":{"423":"home"},"site-pages-type":"agency-mini","site-pages-page-builder":"elementor","site-pages-category":[],"site-pages-parent-category":{"60":"business"},"required-plugins":[{"slug":"elementor","init":"elementor\/elementor.php","name":"Elementor"}]},"id-52228":{"title":"Store","featured-image-url":"https:\/\/websitedemos.net\/wp-content\/uploads\/2021\/04\/pub-and-bar-02-store.jpg","thumbnail-image-url":"https:\/\/websitedemos.net\/wp-content\/uploads\/2021\/04\/pub-and-bar-02-store.jpg","astra-page-api-url":"https:\/\/websitedemos.net\/pub-and-bar-04\/wp-json\/wp\/v2\/pages\/792","dynamic-page":"no","astra-page-url":"\/\/websitedemos.net\/pub-and-bar-04\/store\/","astra-sites-tag":{"749":"store"},"site-pages-type":"agency-mini","site-pages-page-builder":"elementor","site-pages-category":[],"site-pages-parent-category":{"60":"business"},"required-plugins":[{"slug":"elementor","init":"elementor\/elementor.php","name":"Elementor"}]}},"related-bb-template":"","related-elementor-template":"","related-gutenberg-template":""},"id-49780":{"title":"Meditation Courses","id":49780,"publish-date":1612532912,"featured-image-url":"https:\/\/websitedemos.net\/wp-content\/uploads\/2021\/02\/learn-meditation-02-homepage.jpg","thumbnail-image-url":"https:\/\/websitedemos.net\/wp-content\/uploads\/2021\/02\/learn-meditation-02-homepage.jpg","fullpage-thumbnail-image-url":"https:\/\/websitedemos.net\/wp-content\/uploads\/2021\/02\/learn-meditation-02-homepage.jpg","astra-site-url":"\/\/websitedemos.net\/learn-meditation-02","astra-site-parent-id":1849,"astra-sites-tag":{"462":"courses","467":"learndash","1850":"meditation","975":"online-learning","720":"tutorials"},"astra-sites-type":"free","astra-site-category":{"27":"business","39":"free"},"astra-sites-template-category":{"2835":"elearning","2880":"membership","2827":"online-course","2770":"personal","2808":"yoga"},"astra-site-page-builder":"elementor","categories":{"2494":"elearning"},"required-plugins":[{"slug":"elementor","init":"elementor\/elementor.php","name":"Elementor"},{"slug":"header-footer-elementor","init":"header-footer-elementor\/header-footer-elementor.php","name":"Elementor Header & Footer Builder"},{"slug":"sfwd-lms","init":"sfwd-lms\/sfwd_lms.php","name":"LearnDash LMS"},{"slug":"learndash-course-grid","init":"learndash-course-grid\/learndash_course_grid.php","name":"LearnDash LMS - Course Grid"},{"slug":"wpforms-lite","init":"wpforms-lite\/wpforms.php","name":"WPForms Lite"},{"slug":"presto-player","init":"presto-player\/presto-player.php","name":"Presto Player"}],"post-status":"publish","post-content":"<!-- wp:paragraph -->\n<p>Want to offer meditation classes online? To make things simple, we\u2019ve crafted an inspirational Meditation Courses template that\u2019s sure to engage with your prospective students. By offering courses online, you reach a much wider audience who can learn through your platform.<\/p>\n<!-- \/wp:paragraph -->\n\n<!-- wp:paragraph -->\n<p>The clean and appealing design uses unique colors, typography, and background effects. It\u2019s fully integrated with leading WordPress LMS plugins, allowing you to create and manage online courses easily.<\/p>\n<!-- \/wp:paragraph -->\n\n<!-- wp:heading -->\n<h2>Key features of the Meditation Courses template<\/h2>\n<!-- \/wp:heading -->\n\n<!-- wp:list -->\n<ul><li>A beautifully designed meditation course template, sure to enhance user experience<\/li><li>Fully integrated with LMS plugins allowing you to create and manage online courses from your WordPress dashboard<\/li><li>The homepage showcases the featured courses, a list of all courses, student reviews, about the trainer, and more<\/li><li>All templates have been planned, including a fully functional contact form<\/li><li>Fully responsive and customizable template<\/li><\/ul>\n<!-- \/wp:list -->","post-excerpt":"Aweinspiring design that\u2019s perfect for building an online course website on meditation","pages":{"id-49781":{"title":"About","featured-image-url":"https:\/\/websitedemos.net\/wp-content\/uploads\/2021\/02\/learn-meditation-02-about.jpg","thumbnail-image-url":"https:\/\/websitedemos.net\/wp-content\/uploads\/2021\/02\/learn-meditation-02-about.jpg","astra-page-api-url":"https:\/\/websitedemos.net\/learn-meditation-02\/wp-json\/wp\/v2\/pages\/13","dynamic-page":"no","astra-page-url":"\/\/websitedemos.net\/learn-meditation-02\/about\/","astra-sites-tag":{"352":"about"},"site-pages-type":"free","site-pages-page-builder":"elementor","site-pages-category":[],"site-pages-parent-category":{"60":"business","61":"free"},"required-plugins":[{"slug":"elementor","init":"elementor\/elementor.php","name":"Elementor"}]},"id-49782":{"title":"Classes","featured-image-url":"https:\/\/websitedemos.net\/wp-content\/uploads\/2021\/02\/learn-meditation-02-classes.jpg","thumbnail-image-url":"https:\/\/websitedemos.net\/wp-content\/uploads\/2021\/02\/learn-meditation-02-classes.jpg","astra-page-api-url":"https:\/\/websitedemos.net\/learn-meditation-02\/wp-json\/wp\/v2\/pages\/207","dynamic-page":"yes","astra-page-url":"\/\/websitedemos.net\/learn-meditation-02\/classes\/","astra-sites-tag":{"557":"classes"},"site-pages-type":"free","site-pages-page-builder":"elementor","site-pages-category":[],"site-pages-parent-category":{"60":"business","61":"free"},"required-plugins":[{"slug":"elementor","init":"elementor\/elementor.php","name":"Elementor"}]},"id-49783":{"title":"Contact","featured-image-url":"https:\/\/websitedemos.net\/wp-content\/uploads\/2021\/02\/learn-meditation-02-contact.jpg","thumbnail-image-url":"https:\/\/websitedemos.net\/wp-content\/uploads\/2021\/02\/learn-meditation-02-contact.jpg","astra-page-api-url":"https:\/\/websitedemos.net\/learn-meditation-02\/wp-json\/wp\/v2\/pages\/11","dynamic-page":"no","astra-page-url":"\/\/websitedemos.net\/learn-meditation-02\/contact\/","astra-sites-tag":{"415":"contact"},"site-pages-type":"free","site-pages-page-builder":"elementor","site-pages-category":[],"site-pages-parent-category":{"60":"business","61":"free"},"required-plugins":[{"slug":"elementor","init":"elementor\/elementor.php","name":"Elementor"},{"slug":"wpforms-lite","init":"wpforms-lite\/wpforms.php","name":"WPForms Lite"}]},"id-49784":{"title":"Home","featured-image-url":"https:\/\/websitedemos.net\/wp-content\/uploads\/2021\/02\/learn-meditation-02-homepage.jpg","thumbnail-image-url":"https:\/\/websitedemos.net\/wp-content\/uploads\/2021\/02\/learn-meditation-02-homepage.jpg","astra-page-api-url":"https:\/\/websitedemos.net\/learn-meditation-02\/wp-json\/wp\/v2\/pages\/6","dynamic-page":"no","astra-page-url":"\/\/websitedemos.net\/learn-meditation-02\/","astra-sites-tag":{"814":"homepage"},"site-pages-type":"free","site-pages-page-builder":"elementor","site-pages-category":[],"site-pages-parent-category":{"60":"business","61":"free"},"required-plugins":[{"slug":"elementor","init":"elementor\/elementor.php","name":"Elementor"}]}},"related-bb-template":"","related-elementor-template":"","related-gutenberg-template":""},"id-55643":{"title":"Budget Hotel","id":55643,"publish-date":1623434678,"featured-image-url":"https:\/\/websitedemos.net\/wp-content\/uploads\/2021\/06\/budget-hotel-04-home-page.jpg","thumbnail-image-url":"https:\/\/websitedemos.net\/wp-content\/uploads\/2021\/06\/budget-hotel-04-home-page.jpg","fullpage-thumbnail-image-url":"https:\/\/websitedemos.net\/wp-content\/uploads\/2021\/06\/budget-hotel-04-home-page.jpg","astra-site-url":"\/\/websitedemos.net\/budget-hotel-04","astra-site-parent-id":2174,"astra-sites-tag":{"2200":"apartment","2192":"bb","2202":"bed-and-breakfast","2175":"budget-hotel","2177":"cheap-hotel","2189":"guest-house","350":"hotel","712":"lodge","2201":"lodging","714":"resort"},"astra-sites-type":"agency-mini","astra-site-category":{"27":"business"},"astra-sites-template-category":{"2777":"business","2788":"hotel-bnb"},"astra-site-page-builder":"elementor","categories":{"2498":"hotel-travel"},"required-plugins":[{"slug":"elementor","init":"elementor\/elementor.php","name":"Elementor"},{"slug":"wpforms-lite","init":"wpforms-lite\/wpforms.php","name":"WPForms Lite"}],"post-status":"publish","post-content":"<!-- wp:paragraph -->\n<p>Whether you\u2019re taking your hotel business online or revamping your existing website, the Budget Hotel template is a must-have. The elegantly designed template has all the elements to build a professional and engaging hotel website.<\/p>\n<!-- \/wp:paragraph -->\n\n<!-- wp:paragraph -->\n<p>The hero section not only has a significant image but also includes a CTA to check room availability. Other attractive templates include pages for rooms, facilities, things to do, and a fully functional contact form.<\/p>\n<!-- \/wp:paragraph -->\n\n<!-- wp:heading -->\n<h2>Key features of the Budget Hotel template<\/h2>\n<!-- \/wp:heading -->\n\n<!-- wp:list -->\n<ul><li>A professionally crafted design that\u2019s perfect for a hotel website<\/li><li>Well-integrated and placed CTA for making online reservations<\/li><li>Google maps is integrated on the homepage that allows users to locate your property<\/li><li>Offer specials deals, include reviews of happy customers, and a lot more<\/li><li>Include a gallery that showcases your property<\/li><\/ul>\n<!-- \/wp:list -->","post-excerpt":"Build and launch your hotel website using our elegantly designed Budget Hotel template","pages":{"id-55644":{"title":"Contact","featured-image-url":"https:\/\/websitedemos.net\/wp-content\/uploads\/2021\/06\/budget-hotel-04-contact-01.jpg","thumbnail-image-url":"https:\/\/websitedemos.net\/wp-content\/uploads\/2021\/06\/budget-hotel-04-contact-01.jpg","astra-page-api-url":"https:\/\/websitedemos.net\/budget-hotel-04\/wp-json\/wp\/v2\/pages\/930","dynamic-page":"no","astra-page-url":"\/\/websitedemos.net\/budget-hotel-04\/contact\/","astra-sites-tag":{"415":"contact"},"site-pages-type":"agency-mini","site-pages-page-builder":"elementor","site-pages-category":[],"site-pages-parent-category":{"60":"business"},"required-plugins":[{"slug":"elementor","init":"elementor\/elementor.php","name":"Elementor"},{"slug":"wpforms-lite","init":"wpforms-lite\/wpforms.php","name":"WPForms Lite"}]},"id-55645":{"title":"Facilities","featured-image-url":"https:\/\/websitedemos.net\/wp-content\/uploads\/2021\/06\/budget-hotel-04-facilities-01.jpg","thumbnail-image-url":"https:\/\/websitedemos.net\/wp-content\/uploads\/2021\/06\/budget-hotel-04-facilities-01.jpg","astra-page-api-url":"https:\/\/websitedemos.net\/budget-hotel-04\/wp-json\/wp\/v2\/pages\/792","dynamic-page":"no","astra-page-url":"\/\/websitedemos.net\/budget-hotel-04\/facilities\/","astra-sites-tag":{"1599":"facilities"},"site-pages-type":"agency-mini","site-pages-page-builder":"elementor","site-pages-category":[],"site-pages-parent-category":{"60":"business"},"required-plugins":[{"slug":"elementor","init":"elementor\/elementor.php","name":"Elementor"}]},"id-55646":{"title":"Home","featured-image-url":"https:\/\/websitedemos.net\/wp-content\/uploads\/2021\/06\/budget-hotel-04-home-page.jpg","thumbnail-image-url":"https:\/\/websitedemos.net\/wp-content\/uploads\/2021\/06\/budget-hotel-04-home-page.jpg","astra-page-api-url":"https:\/\/websitedemos.net\/budget-hotel-04\/wp-json\/wp\/v2\/pages\/20","dynamic-page":"no","astra-page-url":"\/\/websitedemos.net\/budget-hotel-04\/","astra-sites-tag":{"423":"home"},"site-pages-type":"agency-mini","site-pages-page-builder":"elementor","site-pages-category":[],"site-pages-parent-category":{"60":"business"},"required-plugins":[{"slug":"elementor","init":"elementor\/elementor.php","name":"Elementor"}]},"id-55647":{"title":"Rooms","featured-image-url":"https:\/\/websitedemos.net\/wp-content\/uploads\/2021\/06\/budget-hotel-04-rooms-01.jpg","thumbnail-image-url":"https:\/\/websitedemos.net\/wp-content\/uploads\/2021\/06\/budget-hotel-04-rooms-01.jpg","astra-page-api-url":"https:\/\/websitedemos.net\/budget-hotel-04\/wp-json\/wp\/v2\/pages\/511","dynamic-page":"no","astra-page-url":"\/\/websitedemos.net\/budget-hotel-04\/rooms\/","astra-sites-tag":{"715":"rooms"},"site-pages-type":"agency-mini","site-pages-page-builder":"elementor","site-pages-category":[],"site-pages-parent-category":{"60":"business"},"required-plugins":[{"slug":"elementor","init":"elementor\/elementor.php","name":"Elementor"}]},"id-55648":{"title":"Things to do","featured-image-url":"https:\/\/websitedemos.net\/wp-content\/uploads\/2021\/06\/budget-hotel-04-things-to-do-01.jpg","thumbnail-image-url":"https:\/\/websitedemos.net\/wp-content\/uploads\/2021\/06\/budget-hotel-04-things-to-do-01.jpg","astra-page-api-url":"https:\/\/websitedemos.net\/budget-hotel-04\/wp-json\/wp\/v2\/pages\/681","dynamic-page":"no","astra-page-url":"\/\/websitedemos.net\/budget-hotel-04\/things-to-do\/","astra-sites-tag":{"451":"work"},"site-pages-type":"agency-mini","site-pages-page-builder":"elementor","site-pages-category":[],"site-pages-parent-category":{"60":"business"},"required-plugins":[{"slug":"elementor","init":"elementor\/elementor.php","name":"Elementor"}]}},"related-bb-template":"","related-elementor-template":"","related-gutenberg-template":""}}