{"id-41028":{"title":"Testimonial 9B","featured-image-url":"https:\/\/websitedemos.net\/wp-content\/uploads\/2020\/01\/testimonial-9b.jpg","thumbnail-image-url":"https:\/\/websitedemos.net\/wp-content\/uploads\/2020\/01\/testimonial-9b-400x144.jpg","url":"https:\/\/websitedemos.net\/astra-blocks\/testimonial-9b\/","tag":{"1095":"reviews","844":"testimonial"},"category":830,"page-builder":"elementor","filter":"dark","required-plugins":[]},"id-41026":{"title":"Testimonial 8B","featured-image-url":"https:\/\/websitedemos.net\/wp-content\/uploads\/2020\/01\/testimonial-8b.jpg","thumbnail-image-url":"https:\/\/websitedemos.net\/wp-content\/uploads\/2020\/01\/testimonial-8b-400x219.jpg","url":"https:\/\/websitedemos.net\/astra-blocks\/testimonial-8b\/","tag":{"1095":"reviews","844":"testimonial"},"category":830,"page-builder":"elementor","filter":"dark","required-plugins":[]},"id-41023":{"title":"Testimonial 7B","featured-image-url":"https:\/\/websitedemos.net\/wp-content\/uploads\/2020\/01\/testimonial-7b.jpg","thumbnail-image-url":"https:\/\/websitedemos.net\/wp-content\/uploads\/2020\/01\/testimonial-7b-400x210.jpg","url":"https:\/\/websitedemos.net\/astra-blocks\/testimonial-7b\/","tag":{"1095":"reviews","844":"testimonial"},"category":830,"page-builder":"elementor","filter":"dark","required-plugins":[]},"id-40740":{"title":"Testimonial 9W","featured-image-url":"https:\/\/websitedemos.net\/wp-content\/uploads\/2020\/01\/testimonial-9w.jpg","thumbnail-image-url":"https:\/\/websitedemos.net\/wp-content\/uploads\/2020\/01\/testimonial-9w-400x144.jpg","url":"https:\/\/websitedemos.net\/astra-blocks\/testimonial-9w\/","tag":{"1095":"reviews","844":"testimonial"},"category":830,"page-builder":"elementor","filter":"light","required-plugins":[]},"id-40739":{"title":"Testimonial 8W","featured-image-url":"https:\/\/websitedemos.net\/wp-content\/uploads\/2020\/01\/testimonial-8w.jpg","thumbnail-image-url":"https:\/\/websitedemos.net\/wp-content\/uploads\/2020\/01\/testimonial-8w-400x219.jpg","url":"https:\/\/websitedemos.net\/astra-blocks\/testimonial-8w\/","tag":{"1095":"reviews","844":"testimonial"},"category":830,"page-builder":"elementor","filter":"light","required-plugins":[]},"id-40348":{"title":"Testimonial 7W","featured-image-url":"https:\/\/websitedemos.net\/wp-content\/uploads\/2020\/01\/testimonial-7w.jpg","thumbnail-image-url":"https:\/\/websitedemos.net\/wp-content\/uploads\/2020\/01\/testimonial-7w-400x210.jpg","url":"https:\/\/websitedemos.net\/astra-blocks\/testimonial-7w\/","tag":{"1095":"reviews","844":"testimonial"},"category":830,"page-builder":"elementor","filter":"light","required-plugins":[]},"id-37190":{"title":"Team 2B","featured-image-url":"https:\/\/websitedemos.net\/wp-content\/uploads\/2020\/01\/team-2b.jpg","thumbnail-image-url":"https:\/\/websitedemos.net\/wp-content\/uploads\/2020\/01\/team-2b-400x193.jpg","url":"https:\/\/websitedemos.net\/astra-blocks\/team-2b\/","tag":{"927":"team"},"category":829,"page-builder":"elementor","filter":"dark","required-plugins":[]},"id-37187":{"title":"Team 2W","featured-image-url":"https:\/\/websitedemos.net\/wp-content\/uploads\/2020\/01\/Team-2W.jpg","thumbnail-image-url":"https:\/\/websitedemos.net\/wp-content\/uploads\/2020\/01\/Team-2W-400x193.jpg","url":"https:\/\/websitedemos.net\/astra-blocks\/team-2w\/","tag":{"927":"team"},"category":829,"page-builder":"elementor","filter":"light","required-plugins":[]},"id-37197":{"title":"Team 3B","featured-image-url":"https:\/\/websitedemos.net\/wp-content\/uploads\/2020\/01\/team-3b.jpg","thumbnail-image-url":"https:\/\/websitedemos.net\/wp-content\/uploads\/2020\/01\/team-3b-400x164.jpg","url":"https:\/\/websitedemos.net\/astra-blocks\/team-3b\/","tag":{"927":"team"},"category":829,"page-builder":"elementor","filter":"dark","required-plugins":[]},"id-37194":{"title":"Team 3W","featured-image-url":"https:\/\/websitedemos.net\/wp-content\/uploads\/2020\/01\/team-3w.jpg","thumbnail-image-url":"https:\/\/websitedemos.net\/wp-content\/uploads\/2020\/01\/team-3w-400x164.jpg","url":"https:\/\/websitedemos.net\/astra-blocks\/team-3w\/","tag":{"927":"team"},"category":829,"page-builder":"elementor","filter":"light","required-plugins":[]},"id-37203":{"title":"Team 4B","featured-image-url":"https:\/\/websitedemos.net\/wp-content\/uploads\/2020\/01\/team-4b.jpg","thumbnail-image-url":"https:\/\/websitedemos.net\/wp-content\/uploads\/2020\/01\/team-4b-400x164.jpg","url":"https:\/\/websitedemos.net\/astra-blocks\/team-4b\/","tag":{"927":"team"},"category":829,"page-builder":"elementor","filter":"dark","required-plugins":[]},"id-37200":{"title":"Team 4W","featured-image-url":"https:\/\/websitedemos.net\/wp-content\/uploads\/2020\/01\/team-4w.jpg","thumbnail-image-url":"https:\/\/websitedemos.net\/wp-content\/uploads\/2020\/01\/team-4w-400x164.jpg","url":"https:\/\/websitedemos.net\/astra-blocks\/team-4w\/","tag":{"927":"team"},"category":829,"page-builder":"elementor","filter":"light","required-plugins":[]},"id-38316":{"title":"Team 5B","featured-image-url":"https:\/\/websitedemos.net\/wp-content\/uploads\/2020\/01\/team-5b.jpg","thumbnail-image-url":"https:\/\/websitedemos.net\/wp-content\/uploads\/2020\/01\/team-5b-400x187.jpg","url":"https:\/\/websitedemos.net\/astra-blocks\/team-5b\/","tag":{"927":"team"},"category":829,"page-builder":"elementor","filter":"dark","required-plugins":[]},"id-38244":{"title":"Team 5W","featured-image-url":"https:\/\/websitedemos.net\/wp-content\/uploads\/2020\/01\/team-5w.jpg","thumbnail-image-url":"https:\/\/websitedemos.net\/wp-content\/uploads\/2020\/01\/team-5w-400x187.jpg","url":"https:\/\/websitedemos.net\/astra-blocks\/team-5w\/","tag":{"927":"team"},"category":829,"page-builder":"elementor","filter":"light","required-plugins":[]},"id-38825":{"title":"Team 6B","featured-image-url":"https:\/\/websitedemos.net\/wp-content\/uploads\/2020\/01\/team-6b.jpg","thumbnail-image-url":"https:\/\/websitedemos.net\/wp-content\/uploads\/2020\/01\/team-6b-400x234.jpg","url":"https:\/\/websitedemos.net\/astra-blocks\/team-6b\/","tag":{"927":"team"},"category":829,"page-builder":"elementor","filter":"dark","required-plugins":[]},"id-38732":{"title":"Team 6W","featured-image-url":"https:\/\/websitedemos.net\/wp-content\/uploads\/2020\/01\/team-6w.jpg","thumbnail-image-url":"https:\/\/websitedemos.net\/wp-content\/uploads\/2020\/01\/team-6w-400x234.jpg","url":"https:\/\/websitedemos.net\/astra-blocks\/team-6w\/","tag":{"927":"team"},"category":829,"page-builder":"elementor","filter":"light","required-plugins":[]},"id-41034":{"title":"Team 8B","featured-image-url":"https:\/\/websitedemos.net\/wp-content\/uploads\/2020\/01\/team-8b.jpg","thumbnail-image-url":"https:\/\/websitedemos.net\/wp-content\/uploads\/2020\/01\/team-8b-400x167.jpg","url":"https:\/\/websitedemos.net\/astra-blocks\/team-8b\/","tag":{"927":"team"},"category":829,"page-builder":"elementor","filter":"dark","required-plugins":[]},"id-40030":{"title":"Team 8W","featured-image-url":"https:\/\/websitedemos.net\/wp-content\/uploads\/2020\/01\/team-8w.jpg","thumbnail-image-url":"https:\/\/websitedemos.net\/wp-content\/uploads\/2020\/01\/team-8w-400x167.jpg","url":"https:\/\/websitedemos.net\/astra-blocks\/team-8w\/","tag":{"927":"team"},"category":829,"page-builder":"elementor","filter":"light","required-plugins":[]},"id-43022":{"title":"Team 10B","featured-image-url":"https:\/\/websitedemos.net\/wp-content\/uploads\/2020\/01\/team-10b.jpg","thumbnail-image-url":"https:\/\/websitedemos.net\/wp-content\/uploads\/2020\/01\/team-10b-400x243.jpg","url":"https:\/\/websitedemos.net\/astra-blocks\/team-10b\/","tag":{"927":"team"},"category":829,"page-builder":"elementor","filter":"","required-plugins":[]},"id-43018":{"title":"Team 10W","featured-image-url":"https:\/\/websitedemos.net\/wp-content\/uploads\/2020\/01\/team-10w.jpg","thumbnail-image-url":"https:\/\/websitedemos.net\/wp-content\/uploads\/2020\/01\/team-10w-400x243.jpg","url":"https:\/\/websitedemos.net\/astra-blocks\/team-10w\/","tag":{"927":"team"},"category":829,"page-builder":"elementor","filter":"light","required-plugins":[]}}