{"id-74320":{"title":"Furniture Shop","id":74320,"publish-date":1686043445,"featured-image-url":"https:\/\/websitedemos.net\/wp-content\/uploads\/2023\/06\/furniture-shop-07.jpg","thumbnail-image-url":"https:\/\/websitedemos.net\/wp-content\/uploads\/2023\/06\/furniture-shop-07-600x2131.jpg","fullpage-thumbnail-image-url":"https:\/\/websitedemos.net\/wp-content\/uploads\/2023\/06\/furniture-shop-07-400x1421.jpg","astra-site-url":"\/\/websitedemos.net\/furniture-shop-07","astra-site-parent-id":3210,"astra-sites-tag":{"496":"ecommerce","1817":"ecommerce-store","524":"furniture","856":"furniture-store","2359":"home-furniture-store","2358":"office-furniture-store","2357":"online-furniture-store","383":"online-store","749":"store"},"astra-sites-type":"premium","astra-site-category":{"27":"business","38":"ecommerce"},"astra-sites-template-category":{"2769":"ecommerce","2879":"furniture","2857":"online-shopping"},"astra-site-page-builder":"gutenberg","categories":{"2495":"ecommerce"},"required-plugins":[{"slug":"astra-addon","init":"astra-addon\/astra-addon.php","name":"Astra Pro"},{"slug":"ultimate-addons-for-gutenberg","init":"ultimate-addons-for-gutenberg\/ultimate-addons-for-gutenberg.php","name":"Spectra"},{"slug":"variation-swatches-woo","init":"variation-swatches-woo\/variation-swatches-woo.php","name":"Variation Swatches for WooCommerce"},{"slug":"woocommerce","init":"woocommerce\/woocommerce.php","name":"WooCommerce"},{"slug":"wpforms-lite","init":"wpforms-lite\/wpforms.php","name":"WPForms Lite"}],"post-status":"publish","post-content":"","post-excerpt":"","pages":{"id-74321":{"title":"Contact","featured-image-url":"https:\/\/websitedemos.net\/wp-content\/uploads\/2023\/06\/furniture-shop-07-contact.jpg","thumbnail-image-url":"https:\/\/websitedemos.net\/wp-content\/uploads\/2023\/06\/furniture-shop-07-contact-600x982.jpg","astra-page-api-url":"https:\/\/websitedemos.net\/furniture-shop-07\/wp-json\/wp\/v2\/pages\/848","dynamic-page":"no","astra-page-url":"\/\/websitedemos.net\/furniture-shop-07\/contact\/","astra-sites-tag":{"415":"contact"},"site-pages-type":"premium","site-pages-page-builder":"gutenberg","site-pages-category":[],"site-pages-parent-category":{"60":"business","64":"ecommerce"},"required-plugins":[{"slug":"ultimate-addons-for-gutenberg","init":"ultimate-addons-for-gutenberg\/ultimate-addons-for-gutenberg.php","name":"Spectra"},{"slug":"wpforms-lite","init":"wpforms-lite\/wpforms.php","name":"WPForms Lite"}]},"id-74322":{"title":"Help","featured-image-url":"https:\/\/websitedemos.net\/wp-content\/uploads\/2023\/06\/furniture-shop-07-help.jpg","thumbnail-image-url":"https:\/\/websitedemos.net\/wp-content\/uploads\/2023\/06\/furniture-shop-07-help-600x1093.jpg","astra-page-api-url":"https:\/\/websitedemos.net\/furniture-shop-07\/wp-json\/wp\/v2\/pages\/850","dynamic-page":"no","astra-page-url":"\/\/websitedemos.net\/furniture-shop-07\/help\/","astra-sites-tag":{"2909":"help"},"site-pages-type":"premium","site-pages-page-builder":"gutenberg","site-pages-category":[],"site-pages-parent-category":{"60":"business","64":"ecommerce"},"required-plugins":[{"slug":"ultimate-addons-for-gutenberg","init":"ultimate-addons-for-gutenberg\/ultimate-addons-for-gutenberg.php","name":"Spectra"}]},"id-74323":{"title":"Home","featured-image-url":"https:\/\/websitedemos.net\/wp-content\/uploads\/2023\/06\/furniture-shop-07.jpg","thumbnail-image-url":"https:\/\/websitedemos.net\/wp-content\/uploads\/2023\/06\/furniture-shop-07-600x2131.jpg","astra-page-api-url":"https:\/\/websitedemos.net\/furniture-shop-07\/wp-json\/wp\/v2\/pages\/845","dynamic-page":"yes","astra-page-url":"\/\/websitedemos.net\/furniture-shop-07\/","astra-sites-tag":{"423":"home"},"site-pages-type":"premium","site-pages-page-builder":"gutenberg","site-pages-category":[],"site-pages-parent-category":{"60":"business","64":"ecommerce"},"required-plugins":[{"slug":"astra-addon","init":"astra-addon\/astra-addon.php","name":"Astra Pro"},{"slug":"ultimate-addons-for-gutenberg","init":"ultimate-addons-for-gutenberg\/ultimate-addons-for-gutenberg.php","name":"Spectra"},{"slug":"woocommerce","init":"woocommerce\/woocommerce.php","name":"WooCommerce"}]},"id-74324":{"title":"Story","featured-image-url":"https:\/\/websitedemos.net\/wp-content\/uploads\/2023\/06\/furniture-shop-07-story.jpg","thumbnail-image-url":"https:\/\/websitedemos.net\/wp-content\/uploads\/2023\/06\/furniture-shop-07-story-600x1809.jpg","astra-page-api-url":"https:\/\/websitedemos.net\/furniture-shop-07\/wp-json\/wp\/v2\/pages\/852","dynamic-page":"no","astra-page-url":"\/\/websitedemos.net\/furniture-shop-07\/story\/","astra-sites-tag":{"767":"story"},"site-pages-type":"premium","site-pages-page-builder":"gutenberg","site-pages-category":[],"site-pages-parent-category":{"60":"business","64":"ecommerce"},"required-plugins":[{"slug":"ultimate-addons-for-gutenberg","init":"ultimate-addons-for-gutenberg\/ultimate-addons-for-gutenberg.php","name":"Spectra"}]}},"related-bb-template":"","related-elementor-template":"","related-gutenberg-template":""},"id-74334":{"title":"Online Furniture Store","id":74334,"publish-date":1686043372,"featured-image-url":"https:\/\/websitedemos.net\/wp-content\/uploads\/2023\/06\/home-decor-07.jpg","thumbnail-image-url":"https:\/\/websitedemos.net\/wp-content\/uploads\/2023\/06\/home-decor-07-600x2782.jpg","fullpage-thumbnail-image-url":"https:\/\/websitedemos.net\/wp-content\/uploads\/2023\/06\/home-decor-07-400x1855.jpg","astra-site-url":"\/\/websitedemos.net\/home-decor-07","astra-site-parent-id":3211,"astra-sites-tag":{"2418":"commerce","1017":"e-commerce","496":"ecommerce","1817":"ecommerce-store","2419":"eshopping","524":"furniture","856":"furniture-store","2357":"online-furniture-store","2420":"online-shopping","383":"online-store","2421":"purchases","2417":"reseller","733":"shop","2416":"shopping","749":"store","1024":"woocommerce","2356":"work-from-home"},"astra-sites-type":"premium","astra-site-category":{"27":"business","38":"ecommerce"},"astra-sites-template-category":{"2777":"business","2769":"ecommerce","2879":"furniture","2793":"interior-design","2857":"online-shopping"},"astra-site-page-builder":"gutenberg","categories":{"2495":"ecommerce"},"required-plugins":[{"slug":"astra-addon","init":"astra-addon\/astra-addon.php","name":"Astra Pro"},{"slug":"checkout-plugins-stripe-woo","init":"checkout-plugins-stripe-woo\/checkout-plugins-stripe-woo.php","name":"Checkout Plugins - Stripe for WooCommerce"},{"slug":"ultimate-addons-for-gutenberg","init":"ultimate-addons-for-gutenberg\/ultimate-addons-for-gutenberg.php","name":"Spectra"},{"slug":"variation-swatches-woo","init":"variation-swatches-woo\/variation-swatches-woo.php","name":"Variation Swatches for WooCommerce"},{"slug":"woocommerce","init":"woocommerce\/woocommerce.php","name":"WooCommerce"},{"slug":"wpforms-lite","init":"wpforms-lite\/wpforms.php","name":"WPForms Lite"}],"post-status":"publish","post-content":"","post-excerpt":"","pages":{"id-74335":{"title":"About Us","featured-image-url":"https:\/\/websitedemos.net\/wp-content\/uploads\/2023\/06\/home-decor-07-about.jpg","thumbnail-image-url":"https:\/\/websitedemos.net\/wp-content\/uploads\/2023\/06\/home-decor-07-about-600x1772.jpg","astra-page-api-url":"https:\/\/websitedemos.net\/home-decor-07\/wp-json\/wp\/v2\/pages\/409","dynamic-page":"no","astra-page-url":"\/\/websitedemos.net\/home-decor-07\/about-us\/","astra-sites-tag":{"352":"about"},"site-pages-type":"premium","site-pages-page-builder":"gutenberg","site-pages-category":[],"site-pages-parent-category":{"60":"business","64":"ecommerce"},"required-plugins":[{"slug":"ultimate-addons-for-gutenberg","init":"ultimate-addons-for-gutenberg\/ultimate-addons-for-gutenberg.php","name":"Spectra"},{"slug":"wpforms-lite","init":"wpforms-lite\/wpforms.php","name":"WPForms Lite"}]},"id-74336":{"title":"Contact Us","featured-image-url":"https:\/\/websitedemos.net\/wp-content\/uploads\/2023\/06\/home-decor-07-contact.jpg","thumbnail-image-url":"https:\/\/websitedemos.net\/wp-content\/uploads\/2023\/06\/home-decor-07-contact-600x1062.jpg","astra-page-api-url":"https:\/\/websitedemos.net\/home-decor-07\/wp-json\/wp\/v2\/pages\/410","dynamic-page":"no","astra-page-url":"\/\/websitedemos.net\/home-decor-07\/contact-us\/","astra-sites-tag":{"415":"contact"},"site-pages-type":"premium","site-pages-page-builder":"gutenberg","site-pages-category":[],"site-pages-parent-category":{"60":"business","64":"ecommerce"},"required-plugins":[{"slug":"ultimate-addons-for-gutenberg","init":"ultimate-addons-for-gutenberg\/ultimate-addons-for-gutenberg.php","name":"Spectra"},{"slug":"wpforms-lite","init":"wpforms-lite\/wpforms.php","name":"WPForms Lite"}]},"id-74337":{"title":"Home","featured-image-url":"https:\/\/websitedemos.net\/wp-content\/uploads\/2023\/06\/home-decor-07.jpg","thumbnail-image-url":"https:\/\/websitedemos.net\/wp-content\/uploads\/2023\/06\/home-decor-07-600x2782.jpg","astra-page-api-url":"https:\/\/websitedemos.net\/home-decor-07\/wp-json\/wp\/v2\/pages\/407","dynamic-page":"yes","astra-page-url":"\/\/websitedemos.net\/home-decor-07\/","astra-sites-tag":{"423":"home"},"site-pages-type":"premium","site-pages-page-builder":"gutenberg","site-pages-category":[],"site-pages-parent-category":{"60":"business","64":"ecommerce"},"required-plugins":[{"slug":"ultimate-addons-for-gutenberg","init":"ultimate-addons-for-gutenberg\/ultimate-addons-for-gutenberg.php","name":"Spectra"},{"slug":"woocommerce","init":"woocommerce\/woocommerce.php","name":"WooCommerce"},{"slug":"wpforms-lite","init":"wpforms-lite\/wpforms.php","name":"WPForms Lite"}]},"id-74338":{"title":"Rooms","featured-image-url":"https:\/\/websitedemos.net\/wp-content\/uploads\/2023\/06\/home-decor-07-rooms.jpg","thumbnail-image-url":"https:\/\/websitedemos.net\/wp-content\/uploads\/2023\/06\/home-decor-07-rooms-600x3542.jpg","astra-page-api-url":"https:\/\/websitedemos.net\/home-decor-07\/wp-json\/wp\/v2\/pages\/408","dynamic-page":"yes","astra-page-url":"\/\/websitedemos.net\/home-decor-07\/rooms\/","astra-sites-tag":{"715":"rooms"},"site-pages-type":"premium","site-pages-page-builder":"gutenberg","site-pages-category":[],"site-pages-parent-category":{"60":"business","64":"ecommerce"},"required-plugins":[{"slug":"ultimate-addons-for-gutenberg","init":"ultimate-addons-for-gutenberg\/ultimate-addons-for-gutenberg.php","name":"Spectra"},{"slug":"woocommerce","init":"woocommerce\/woocommerce.php","name":"WooCommerce"},{"slug":"wpforms-lite","init":"wpforms-lite\/wpforms.php","name":"WPForms Lite"}]}},"related-bb-template":"","related-elementor-template":"","related-gutenberg-template":""},"id-74294":{"title":"Digital Marketing Agency","id":74294,"publish-date":1686040466,"featured-image-url":"https:\/\/websitedemos.net\/wp-content\/uploads\/2023\/06\/digital-marketing-agency-07.jpg","thumbnail-image-url":"https:\/\/websitedemos.net\/wp-content\/uploads\/2023\/06\/digital-marketing-agency-07-600x2395.jpg","fullpage-thumbnail-image-url":"https:\/\/websitedemos.net\/wp-content\/uploads\/2023\/06\/digital-marketing-agency-07-400x1597.jpg","astra-site-url":"\/\/websitedemos.net\/digital-marketing-agency-07","astra-site-parent-id":3209,"astra-sites-tag":{"1587":"advertising-agency","2232":"advertising-company","2229":"advertising-firm","663":"agency","979":"company","2235":"digital-marketing-agency","2036":"digital-marketing-firm","1588":"marketing-agency","2233":"marketing-company","2228":"marketing-firm","2230":"press-agency","2227":"promotion-firm","2231":"publicity-firm","2234":"publicity-services"},"astra-sites-type":"premium","astra-site-category":{"27":"business"},"astra-sites-template-category":{"2777":"business","2794":"consulting","2812":"digital-agency","2796":"digital-marketing","2831":"service"},"astra-site-page-builder":"gutenberg","categories":{"2487":"agency"},"required-plugins":[{"slug":"ultimate-addons-for-gutenberg","init":"ultimate-addons-for-gutenberg\/ultimate-addons-for-gutenberg.php","name":"Spectra"},{"slug":"wpforms-lite","init":"wpforms-lite\/wpforms.php","name":"WPForms Lite"}],"post-status":"publish","post-content":"","post-excerpt":"","pages":{"id-74302":{"title":"Social Media","featured-image-url":"https:\/\/websitedemos.net\/wp-content\/uploads\/2023\/06\/digital-marketing-agency-07-social-media.jpg","thumbnail-image-url":"https:\/\/websitedemos.net\/wp-content\/uploads\/2023\/06\/digital-marketing-agency-07-social-media-600x2314.jpg","astra-page-api-url":"https:\/\/websitedemos.net\/digital-marketing-agency-07\/wp-json\/wp\/v2\/pages\/1270","dynamic-page":"no","astra-page-url":"\/\/websitedemos.net\/digital-marketing-agency-07\/social-media-2\/","astra-sites-tag":{"2212":"social-media"},"site-pages-type":"premium","site-pages-page-builder":"gutenberg","site-pages-category":[],"site-pages-parent-category":{"60":"business"},"required-plugins":[{"slug":"ultimate-addons-for-gutenberg","init":"ultimate-addons-for-gutenberg\/ultimate-addons-for-gutenberg.php","name":"Spectra"}]},"id-74295":{"title":"About","featured-image-url":"https:\/\/websitedemos.net\/wp-content\/uploads\/2023\/06\/digital-marketing-agency-07-about.jpg","thumbnail-image-url":"https:\/\/websitedemos.net\/wp-content\/uploads\/2023\/06\/digital-marketing-agency-07-about-600x2017.jpg","astra-page-api-url":"https:\/\/websitedemos.net\/digital-marketing-agency-07\/wp-json\/wp\/v2\/pages\/1118","dynamic-page":"no","astra-page-url":"\/\/websitedemos.net\/digital-marketing-agency-07\/about\/","astra-sites-tag":{"352":"about"},"site-pages-type":"premium","site-pages-page-builder":"gutenberg","site-pages-category":[],"site-pages-parent-category":{"60":"business"},"required-plugins":[{"slug":"ultimate-addons-for-gutenberg","init":"ultimate-addons-for-gutenberg\/ultimate-addons-for-gutenberg.php","name":"Spectra"}]},"id-74296":{"title":"Branding","featured-image-url":"https:\/\/websitedemos.net\/wp-content\/uploads\/2023\/06\/digital-marketing-agency-07-branding.jpg","thumbnail-image-url":"https:\/\/websitedemos.net\/wp-content\/uploads\/2023\/06\/digital-marketing-agency-07-branding-600x2291.jpg","astra-page-api-url":"https:\/\/websitedemos.net\/digital-marketing-agency-07\/wp-json\/wp\/v2\/pages\/1114","dynamic-page":"no","astra-page-url":"\/\/websitedemos.net\/digital-marketing-agency-07\/branding\/","astra-sites-tag":{"2213":"branding"},"site-pages-type":"premium","site-pages-page-builder":"gutenberg","site-pages-category":[],"site-pages-parent-category":{"60":"business"},"required-plugins":[{"slug":"ultimate-addons-for-gutenberg","init":"ultimate-addons-for-gutenberg\/ultimate-addons-for-gutenberg.php","name":"Spectra"}]},"id-74297":{"title":"Contact","featured-image-url":"https:\/\/websitedemos.net\/wp-content\/uploads\/2023\/06\/digital-marketing-agency-07-contact.jpg","thumbnail-image-url":"https:\/\/websitedemos.net\/wp-content\/uploads\/2023\/06\/digital-marketing-agency-07-contact-600x945.jpg","astra-page-api-url":"https:\/\/websitedemos.net\/digital-marketing-agency-07\/wp-json\/wp\/v2\/pages\/1120","dynamic-page":"no","astra-page-url":"\/\/websitedemos.net\/digital-marketing-agency-07\/contact\/","astra-sites-tag":{"415":"contact"},"site-pages-type":"premium","site-pages-page-builder":"gutenberg","site-pages-category":[],"site-pages-parent-category":{"60":"business"},"required-plugins":[{"slug":"ultimate-addons-for-gutenberg","init":"ultimate-addons-for-gutenberg\/ultimate-addons-for-gutenberg.php","name":"Spectra"},{"slug":"wpforms-lite","init":"wpforms-lite\/wpforms.php","name":"WPForms Lite"}]},"id-74298":{"title":"Digital Marketing","featured-image-url":"https:\/\/websitedemos.net\/wp-content\/uploads\/2023\/06\/digital-marketing-agency-07-digital-marketing.jpg","thumbnail-image-url":"https:\/\/websitedemos.net\/wp-content\/uploads\/2023\/06\/digital-marketing-agency-07-digital-marketing-600x2314.jpg","astra-page-api-url":"https:\/\/websitedemos.net\/digital-marketing-agency-07\/wp-json\/wp\/v2\/pages\/1115","dynamic-page":"no","astra-page-url":"\/\/websitedemos.net\/digital-marketing-agency-07\/digital-marketing\/","astra-sites-tag":{"1855":"digital-marketing"},"site-pages-type":"premium","site-pages-page-builder":"gutenberg","site-pages-category":[],"site-pages-parent-category":{"60":"business"},"required-plugins":[{"slug":"ultimate-addons-for-gutenberg","init":"ultimate-addons-for-gutenberg\/ultimate-addons-for-gutenberg.php","name":"Spectra"}]},"id-74299":{"title":"Home","featured-image-url":"https:\/\/websitedemos.net\/wp-content\/uploads\/2023\/06\/digital-marketing-agency-07.jpg","thumbnail-image-url":"https:\/\/websitedemos.net\/wp-content\/uploads\/2023\/06\/digital-marketing-agency-07-600x2395.jpg","astra-page-api-url":"https:\/\/websitedemos.net\/digital-marketing-agency-07\/wp-json\/wp\/v2\/pages\/1112","dynamic-page":"no","astra-page-url":"\/\/websitedemos.net\/digital-marketing-agency-07\/","astra-sites-tag":{"423":"home"},"site-pages-type":"premium","site-pages-page-builder":"gutenberg","site-pages-category":[],"site-pages-parent-category":{"60":"business"},"required-plugins":[{"slug":"ultimate-addons-for-gutenberg","init":"ultimate-addons-for-gutenberg\/ultimate-addons-for-gutenberg.php","name":"Spectra"}]},"id-74300":{"title":"SEO Services","featured-image-url":"https:\/\/websitedemos.net\/wp-content\/uploads\/2023\/06\/digital-marketing-agency-07-seo-services.jpg","thumbnail-image-url":"https:\/\/websitedemos.net\/wp-content\/uploads\/2023\/06\/digital-marketing-agency-07-seo-services-600x2291.jpg","astra-page-api-url":"https:\/\/websitedemos.net\/digital-marketing-agency-07\/wp-json\/wp\/v2\/pages\/1274","dynamic-page":"no","astra-page-url":"\/\/websitedemos.net\/digital-marketing-agency-07\/seo-services-2\/","astra-sites-tag":{"2214":"seo-services"},"site-pages-type":"premium","site-pages-page-builder":"gutenberg","site-pages-category":[],"site-pages-parent-category":{"60":"business"},"required-plugins":[{"slug":"ultimate-addons-for-gutenberg","init":"ultimate-addons-for-gutenberg\/ultimate-addons-for-gutenberg.php","name":"Spectra"}]},"id-74301":{"title":"Services","featured-image-url":"https:\/\/websitedemos.net\/wp-content\/uploads\/2023\/06\/digital-marketing-agency-07-services.jpg","thumbnail-image-url":"https:\/\/websitedemos.net\/wp-content\/uploads\/2023\/06\/digital-marketing-agency-07-services-600x1805.jpg","astra-page-api-url":"https:\/\/websitedemos.net\/digital-marketing-agency-07\/wp-json\/wp\/v2\/pages\/1113","dynamic-page":"no","astra-page-url":"\/\/websitedemos.net\/digital-marketing-agency-07\/services\/","astra-sites-tag":{"425":"services"},"site-pages-type":"premium","site-pages-page-builder":"gutenberg","site-pages-category":[],"site-pages-parent-category":{"60":"business"},"required-plugins":[{"slug":"ultimate-addons-for-gutenberg","init":"ultimate-addons-for-gutenberg\/ultimate-addons-for-gutenberg.php","name":"Spectra"}]}},"related-bb-template":"","related-elementor-template":"","related-gutenberg-template":""},"id-74277":{"title":"Office Furniture Store","id":74277,"publish-date":1686039898,"featured-image-url":"https:\/\/websitedemos.net\/wp-content\/uploads\/2023\/06\/office-furniture-store-07.jpg","thumbnail-image-url":"https:\/\/websitedemos.net\/wp-content\/uploads\/2023\/06\/office-furniture-store-07-600x3744.jpg","fullpage-thumbnail-image-url":"https:\/\/websitedemos.net\/wp-content\/uploads\/2023\/06\/office-furniture-store-07-400x2496.jpg","astra-site-url":"\/\/websitedemos.net\/office-furniture-store-07","astra-site-parent-id":3206,"astra-sites-tag":{"2418":"commerce","1017":"e-commerce","496":"ecommerce","1817":"ecommerce-store","2419":"eshopping","524":"furniture","856":"furniture-store","2359":"home-furniture-store","2358":"office-furniture-store","2357":"online-furniture-store","2420":"online-shopping","383":"online-store","2421":"purchases","2417":"reseller","733":"shop","2416":"shopping","749":"store","1024":"woocommerce","2356":"work-from-home"},"astra-sites-type":"premium","astra-site-category":{"27":"business","38":"ecommerce"},"astra-sites-template-category":{"2777":"business","2769":"ecommerce","2879":"furniture","2793":"interior-design","2857":"online-shopping"},"astra-site-page-builder":"gutenberg","categories":{"2495":"ecommerce"},"required-plugins":[{"slug":"astra-addon","init":"astra-addon\/astra-addon.php","name":"Astra Pro"},{"slug":"checkout-plugins-stripe-woo","init":"checkout-plugins-stripe-woo\/checkout-plugins-stripe-woo.php","name":"Checkout Plugins - Stripe for WooCommerce"},{"slug":"ultimate-addons-for-gutenberg","init":"ultimate-addons-for-gutenberg\/ultimate-addons-for-gutenberg.php","name":"Spectra"},{"slug":"woocommerce","init":"woocommerce\/woocommerce.php","name":"WooCommerce"},{"slug":"wpforms-lite","init":"wpforms-lite\/wpforms.php","name":"WPForms Lite"}],"post-status":"publish","post-content":"","post-excerpt":"","pages":{"id-74278":{"title":"About","featured-image-url":"https:\/\/websitedemos.net\/wp-content\/uploads\/2023\/06\/office-furniture-store-07-about.jpg","thumbnail-image-url":"https:\/\/websitedemos.net\/wp-content\/uploads\/2023\/06\/office-furniture-store-07-about-600x1980.jpg","astra-page-api-url":"https:\/\/websitedemos.net\/office-furniture-store-07\/wp-json\/wp\/v2\/pages\/1223","dynamic-page":"no","astra-page-url":"\/\/websitedemos.net\/office-furniture-store-07\/about\/","astra-sites-tag":{"352":"about"},"site-pages-type":[],"site-pages-page-builder":"gutenberg","site-pages-category":[],"site-pages-parent-category":{"60":"business","64":"ecommerce"},"required-plugins":[{"slug":"ultimate-addons-for-gutenberg","init":"ultimate-addons-for-gutenberg\/ultimate-addons-for-gutenberg.php","name":"Spectra"}]},"id-74279":{"title":"Contact","featured-image-url":"https:\/\/websitedemos.net\/wp-content\/uploads\/2023\/06\/office-furniture-store-07-contact.jpg","thumbnail-image-url":"https:\/\/websitedemos.net\/wp-content\/uploads\/2023\/06\/office-furniture-store-07-contact-600x1259.jpg","astra-page-api-url":"https:\/\/websitedemos.net\/office-furniture-store-07\/wp-json\/wp\/v2\/pages\/1224","dynamic-page":"no","astra-page-url":"\/\/websitedemos.net\/office-furniture-store-07\/contact\/","astra-sites-tag":{"415":"contact"},"site-pages-type":[],"site-pages-page-builder":"gutenberg","site-pages-category":[],"site-pages-parent-category":{"60":"business","64":"ecommerce"},"required-plugins":[{"slug":"ultimate-addons-for-gutenberg","init":"ultimate-addons-for-gutenberg\/ultimate-addons-for-gutenberg.php","name":"Spectra"},{"slug":"wpforms-lite","init":"wpforms-lite\/wpforms.php","name":"WPForms Lite"}]},"id-74280":{"title":"Home","featured-image-url":"https:\/\/websitedemos.net\/wp-content\/uploads\/2023\/06\/office-furniture-store-07.jpg","thumbnail-image-url":"https:\/\/websitedemos.net\/wp-content\/uploads\/2023\/06\/office-furniture-store-07-600x3744.jpg","astra-page-api-url":"https:\/\/websitedemos.net\/office-furniture-store-07\/wp-json\/wp\/v2\/pages\/1275","dynamic-page":"yes","astra-page-url":"\/\/websitedemos.net\/office-furniture-store-07\/","astra-sites-tag":{"423":"home"},"site-pages-type":[],"site-pages-page-builder":"gutenberg","site-pages-category":[],"site-pages-parent-category":{"60":"business","64":"ecommerce"},"required-plugins":[{"slug":"ultimate-addons-for-gutenberg","init":"ultimate-addons-for-gutenberg\/ultimate-addons-for-gutenberg.php","name":"Spectra"}]},"id-74281":{"title":"Home Office","featured-image-url":"https:\/\/websitedemos.net\/wp-content\/uploads\/2023\/06\/office-furniture-store-07-home-office.jpg","thumbnail-image-url":"https:\/\/websitedemos.net\/wp-content\/uploads\/2023\/06\/office-furniture-store-07-home-office-600x2766.jpg","astra-page-api-url":"https:\/\/websitedemos.net\/office-furniture-store-07\/wp-json\/wp\/v2\/pages\/1221","dynamic-page":"yes","astra-page-url":"\/\/websitedemos.net\/office-furniture-store-07\/home-office\/","astra-sites-tag":{"3207":"home-office"},"site-pages-type":[],"site-pages-page-builder":"gutenberg","site-pages-category":[],"site-pages-parent-category":{"60":"business","64":"ecommerce"},"required-plugins":[{"slug":"ultimate-addons-for-gutenberg","init":"ultimate-addons-for-gutenberg\/ultimate-addons-for-gutenberg.php","name":"Spectra"}]},"id-74282":{"title":"Office Setups","featured-image-url":"https:\/\/websitedemos.net\/wp-content\/uploads\/2023\/06\/office-furniture-store-07-office-setup.jpg","thumbnail-image-url":"https:\/\/websitedemos.net\/wp-content\/uploads\/2023\/06\/office-furniture-store-07-office-setup-600x2499.jpg","astra-page-api-url":"https:\/\/websitedemos.net\/office-furniture-store-07\/wp-json\/wp\/v2\/pages\/1346","dynamic-page":"yes","astra-page-url":"\/\/websitedemos.net\/office-furniture-store-07\/office-setups\/","astra-sites-tag":{"3208":"office-setups"},"site-pages-type":[],"site-pages-page-builder":"gutenberg","site-pages-category":[],"site-pages-parent-category":{"60":"business","64":"ecommerce"},"required-plugins":[{"slug":"ultimate-addons-for-gutenberg","init":"ultimate-addons-for-gutenberg\/ultimate-addons-for-gutenberg.php","name":"Spectra"}]}},"related-bb-template":"","related-elementor-template":"","related-gutenberg-template":""},"id-74264":{"title":"T-Shirts Store","id":74264,"publish-date":1686038920,"featured-image-url":"https:\/\/websitedemos.net\/wp-content\/uploads\/2023\/06\/t-shirts-store-07.jpg","thumbnail-image-url":"https:\/\/websitedemos.net\/wp-content\/uploads\/2023\/06\/t-shirts-store-07-600x2636.jpg","fullpage-thumbnail-image-url":"https:\/\/websitedemos.net\/wp-content\/uploads\/2023\/06\/t-shirts-store-07-400x1757.jpg","astra-site-url":"\/\/websitedemos.net\/t-shirts-store-07","astra-site-parent-id":3205,"astra-sites-tag":{"2697":"clothes","2907":"design-store","2350":"designer-cloths-store","496":"ecommerce","1817":"ecommerce-store","383":"online-store","967":"product-store","749":"store","2906":"tshirt","1024":"woocommerce"},"astra-sites-type":"premium","astra-site-category":{"27":"business","38":"ecommerce"},"astra-sites-template-category":{"2769":"ecommerce","2858":"fashion-clothing","2857":"online-shopping"},"astra-site-page-builder":"gutenberg","categories":{"2495":"ecommerce"},"required-plugins":[{"slug":"astra-addon","init":"astra-addon\/astra-addon.php","name":"Astra Pro"},{"slug":"ultimate-addons-for-gutenberg","init":"ultimate-addons-for-gutenberg\/ultimate-addons-for-gutenberg.php","name":"Spectra"},{"slug":"woocommerce","init":"woocommerce\/woocommerce.php","name":"WooCommerce"},{"slug":"wpforms-lite","init":"wpforms-lite\/wpforms.php","name":"WPForms Lite"}],"post-status":"publish","post-content":"","post-excerpt":"","pages":{"id-74265":{"title":"About","featured-image-url":"https:\/\/websitedemos.net\/wp-content\/uploads\/2023\/06\/t-shirts-store-07-about.jpg","thumbnail-image-url":"https:\/\/websitedemos.net\/wp-content\/uploads\/2023\/06\/t-shirts-store-07-about-600x1207.jpg","astra-page-api-url":"https:\/\/websitedemos.net\/t-shirts-store-07\/wp-json\/wp\/v2\/pages\/96","dynamic-page":"no","astra-page-url":"\/\/websitedemos.net\/t-shirts-store-07\/about\/","astra-sites-tag":{"352":"about"},"site-pages-type":"premium","site-pages-page-builder":"gutenberg","site-pages-category":[],"site-pages-parent-category":{"60":"business","64":"ecommerce"},"required-plugins":[{"slug":"ultimate-addons-for-gutenberg","init":"ultimate-addons-for-gutenberg\/ultimate-addons-for-gutenberg.php","name":"Spectra"},{"slug":"wpforms-lite","init":"wpforms-lite\/wpforms.php","name":"WPForms Lite"}]},"id-74266":{"title":"Contact","featured-image-url":"https:\/\/websitedemos.net\/wp-content\/uploads\/2023\/06\/t-shirts-store-07-contact.jpg","thumbnail-image-url":"https:\/\/websitedemos.net\/wp-content\/uploads\/2023\/06\/t-shirts-store-07-contact-600x985.jpg","astra-page-api-url":"https:\/\/websitedemos.net\/t-shirts-store-07\/wp-json\/wp\/v2\/pages\/100","dynamic-page":"no","astra-page-url":"\/\/websitedemos.net\/t-shirts-store-07\/contact\/","astra-sites-tag":{"415":"contact"},"site-pages-type":"premium","site-pages-page-builder":"gutenberg","site-pages-category":[],"site-pages-parent-category":{"60":"business","64":"ecommerce"},"required-plugins":[{"slug":"ultimate-addons-for-gutenberg","init":"ultimate-addons-for-gutenberg\/ultimate-addons-for-gutenberg.php","name":"Spectra"},{"slug":"wpforms-lite","init":"wpforms-lite\/wpforms.php","name":"WPForms Lite"}]},"id-74267":{"title":"Home","featured-image-url":"https:\/\/websitedemos.net\/wp-content\/uploads\/2023\/06\/t-shirts-store-07.jpg","thumbnail-image-url":"https:\/\/websitedemos.net\/wp-content\/uploads\/2023\/06\/t-shirts-store-07-600x2636.jpg","astra-page-api-url":"https:\/\/websitedemos.net\/t-shirts-store-07\/wp-json\/wp\/v2\/pages\/102","dynamic-page":"yes","astra-page-url":"\/\/websitedemos.net\/t-shirts-store-07\/","astra-sites-tag":{"423":"home"},"site-pages-type":"premium","site-pages-page-builder":"gutenberg","site-pages-category":[],"site-pages-parent-category":{"60":"business","64":"ecommerce"},"required-plugins":[{"slug":"ultimate-addons-for-gutenberg","init":"ultimate-addons-for-gutenberg\/ultimate-addons-for-gutenberg.php","name":"Spectra"},{"slug":"woocommerce","init":"woocommerce\/woocommerce.php","name":"WooCommerce"},{"slug":"wpforms-lite","init":"wpforms-lite\/wpforms.php","name":"WPForms Lite"}]}},"related-bb-template":"","related-elementor-template":"","related-gutenberg-template":""},"id-74195":{"title":"Life Coach","id":74195,"publish-date":1685385562,"featured-image-url":"https:\/\/websitedemos.net\/wp-content\/uploads\/2023\/05\/certified-life-coach-07.jpg","thumbnail-image-url":"https:\/\/websitedemos.net\/wp-content\/uploads\/2023\/05\/certified-life-coach-07-600x2563.jpg","fullpage-thumbnail-image-url":"https:\/\/websitedemos.net\/wp-content\/uploads\/2023\/05\/certified-life-coach-07-400x1709.jpg","astra-site-url":"\/\/websitedemos.net\/certified-life-coach-07","astra-site-parent-id":3202,"astra-sites-tag":{"854":"coach","610":"coaching","1123":"councelling","612":"life-coach","1866":"life-guide"},"astra-sites-type":"premium","astra-site-category":{"27":"business"},"astra-sites-template-category":{"2825":"coaching","2794":"consulting","2874":"life-coach","2770":"personal"},"astra-site-page-builder":"gutenberg","categories":{"2483":"expert-services"},"required-plugins":[{"slug":"ultimate-addons-for-gutenberg","init":"ultimate-addons-for-gutenberg\/ultimate-addons-for-gutenberg.php","name":"Spectra"},{"slug":"wpforms-lite","init":"wpforms-lite\/wpforms.php","name":"WPForms Lite"}],"post-status":"publish","post-content":"","post-excerpt":"","pages":{"id-74196":{"title":"About","featured-image-url":"https:\/\/websitedemos.net\/wp-content\/uploads\/2023\/05\/certified-life-coach-07-about-us.jpg","thumbnail-image-url":"https:\/\/websitedemos.net\/wp-content\/uploads\/2023\/05\/certified-life-coach-07-about-us-600x1789.jpg","astra-page-api-url":"https:\/\/websitedemos.net\/certified-life-coach-07\/wp-json\/wp\/v2\/pages\/35","dynamic-page":"no","astra-page-url":"\/\/websitedemos.net\/certified-life-coach-07\/about\/","astra-sites-tag":{"352":"about"},"site-pages-type":"premium","site-pages-page-builder":"gutenberg","site-pages-category":[],"site-pages-parent-category":{"60":"business"},"required-plugins":""},"id-74197":{"title":"Contact","featured-image-url":"https:\/\/websitedemos.net\/wp-content\/uploads\/2023\/05\/certified-life-coach-07-contact.jpg","thumbnail-image-url":"https:\/\/websitedemos.net\/wp-content\/uploads\/2023\/05\/certified-life-coach-07-contact-600x1237.jpg","astra-page-api-url":"https:\/\/websitedemos.net\/certified-life-coach-07\/wp-json\/wp\/v2\/pages\/189","dynamic-page":"no","astra-page-url":"\/\/websitedemos.net\/certified-life-coach-07\/contact\/","astra-sites-tag":{"415":"contact"},"site-pages-type":"premium","site-pages-page-builder":"gutenberg","site-pages-category":[],"site-pages-parent-category":{"60":"business"},"required-plugins":""},"id-74198":{"title":"Contact Me","featured-image-url":"","thumbnail-image-url":"","astra-page-api-url":"https:\/\/websitedemos.net\/certified-life-coach-07\/wp-json\/wp\/v2\/pages\/31","dynamic-page":"no","astra-page-url":"\/\/websitedemos.net\/certified-life-coach-07\/contact-2\/","astra-sites-tag":[],"site-pages-type":"premium","site-pages-page-builder":"gutenberg","site-pages-category":[],"site-pages-parent-category":{"60":"business"},"required-plugins":""},"id-74199":{"title":"Home","featured-image-url":"","thumbnail-image-url":"","astra-page-api-url":"https:\/\/websitedemos.net\/certified-life-coach-07\/wp-json\/wp\/v2\/pages\/41","dynamic-page":"no","astra-page-url":"\/\/websitedemos.net\/certified-life-coach-07\/","astra-sites-tag":[],"site-pages-type":"premium","site-pages-page-builder":"gutenberg","site-pages-category":[],"site-pages-parent-category":{"60":"business"},"required-plugins":""},"id-74200":{"title":"Live Online Sessions","featured-image-url":"https:\/\/websitedemos.net\/wp-content\/uploads\/2023\/05\/certified-life-coach-07-live-online-sessions.jpg","thumbnail-image-url":"https:\/\/websitedemos.net\/wp-content\/uploads\/2023\/05\/certified-life-coach-07-live-online-sessions-600x2518.jpg","astra-page-api-url":"https:\/\/websitedemos.net\/certified-life-coach-07\/wp-json\/wp\/v2\/pages\/37","dynamic-page":"no","astra-page-url":"\/\/websitedemos.net\/certified-life-coach-07\/live-online-sessions\/","astra-sites-tag":{"3204":"live-online-sessions"},"site-pages-type":"premium","site-pages-page-builder":"gutenberg","site-pages-category":[],"site-pages-parent-category":{"60":"business"},"required-plugins":""},"id-74239":{"title":"Home","featured-image-url":"https:\/\/websitedemos.net\/wp-content\/uploads\/2023\/05\/certified-life-coach-07.jpg","thumbnail-image-url":"https:\/\/websitedemos.net\/wp-content\/uploads\/2023\/05\/certified-life-coach-07-600x2563.jpg","astra-page-api-url":"https:\/\/websitedemos.net\/certified-life-coach-07\/wp-json\/wp\/v2\/pages\/41","dynamic-page":"no","astra-page-url":"\/\/websitedemos.net\/certified-life-coach-07\/","astra-sites-tag":{"423":"home"},"site-pages-type":"premium","site-pages-page-builder":"gutenberg","site-pages-category":[],"site-pages-parent-category":{"60":"business"},"required-plugins":[{"slug":"ultimate-addons-for-gutenberg","init":"ultimate-addons-for-gutenberg\/ultimate-addons-for-gutenberg.php","name":"Spectra"},{"slug":"wpforms-lite","init":"wpforms-lite\/wpforms.php","name":"WPForms Lite"}]},"id-74240":{"title":"Live Online Sessions","featured-image-url":"","thumbnail-image-url":"","astra-page-api-url":"https:\/\/websitedemos.net\/certified-life-coach-07\/wp-json\/wp\/v2\/pages\/37","dynamic-page":"no","astra-page-url":"\/\/websitedemos.net\/certified-life-coach-07\/live-online-sessions\/","astra-sites-tag":[],"site-pages-type":"premium","site-pages-page-builder":"gutenberg","site-pages-category":[],"site-pages-parent-category":{"60":"business"},"required-plugins":[{"slug":"ultimate-addons-for-gutenberg","init":"ultimate-addons-for-gutenberg\/ultimate-addons-for-gutenberg.php","name":"Spectra"}]},"id-74237":{"title":"About","featured-image-url":"","thumbnail-image-url":"","astra-page-api-url":"https:\/\/websitedemos.net\/certified-life-coach-07\/wp-json\/wp\/v2\/pages\/35","dynamic-page":"no","astra-page-url":"\/\/websitedemos.net\/certified-life-coach-07\/about\/","astra-sites-tag":[],"site-pages-type":"premium","site-pages-page-builder":"gutenberg","site-pages-category":[],"site-pages-parent-category":{"60":"business"},"required-plugins":[{"slug":"ultimate-addons-for-gutenberg","init":"ultimate-addons-for-gutenberg\/ultimate-addons-for-gutenberg.php","name":"Spectra"}]},"id-74238":{"title":"Contact","featured-image-url":"","thumbnail-image-url":"","astra-page-api-url":"https:\/\/websitedemos.net\/certified-life-coach-07\/wp-json\/wp\/v2\/pages\/31","dynamic-page":"no","astra-page-url":"\/\/websitedemos.net\/certified-life-coach-07\/contact\/","astra-sites-tag":[],"site-pages-type":"premium","site-pages-page-builder":"gutenberg","site-pages-category":[],"site-pages-parent-category":{"60":"business"},"required-plugins":[{"slug":"ultimate-addons-for-gutenberg","init":"ultimate-addons-for-gutenberg\/ultimate-addons-for-gutenberg.php","name":"Spectra"},{"slug":"wpforms-lite","init":"wpforms-lite\/wpforms.php","name":"WPForms Lite"}]}},"related-bb-template":"","related-elementor-template":"","related-gutenberg-template":""},"id-74201":{"title":"Business Consultancy Firm","id":74201,"publish-date":1685384818,"featured-image-url":"https:\/\/websitedemos.net\/wp-content\/uploads\/2023\/05\/business-consultancy-firm-07.jpg","thumbnail-image-url":"https:\/\/websitedemos.net\/wp-content\/uploads\/2023\/05\/business-consultancy-firm-07-600x2458.jpg","fullpage-thumbnail-image-url":"https:\/\/websitedemos.net\/wp-content\/uploads\/2023\/05\/business-consultancy-firm-07-400x1639.jpg","astra-site-url":"\/\/websitedemos.net\/business-consultancy-firm-07","astra-site-parent-id":3203,"astra-sites-tag":{"663":"agency","2285":"business-consultancy","2286":"business-consultancy-firm","2288":"business-consulting","2050":"business-consulting-company","979":"company","2287":"consultancy-services","2289":"financial-consulting","2292":"hr-consulting","2290":"sales-marketing","2291":"technology-consulting"},"astra-sites-type":"premium","astra-site-category":{"27":"business"},"astra-sites-template-category":{"2777":"business","2825":"coaching","2794":"consulting","2768":"portfolio"},"astra-site-page-builder":"gutenberg","categories":{"2483":"expert-services"},"required-plugins":[{"slug":"ultimate-addons-for-gutenberg","init":"ultimate-addons-for-gutenberg\/ultimate-addons-for-gutenberg.php","name":"Spectra"},{"slug":"wpforms-lite","init":"wpforms-lite\/wpforms.php","name":"WPForms Lite"}],"post-status":"publish","post-content":"","post-excerpt":"","pages":{"id-74203":{"title":"Business Consulting","featured-image-url":"https:\/\/websitedemos.net\/wp-content\/uploads\/2023\/05\/business-consultancy-firm-07-business-consulting.jpg","thumbnail-image-url":"https:\/\/websitedemos.net\/wp-content\/uploads\/2023\/05\/business-consultancy-firm-07-business-consulting-600x1782.jpg","astra-page-api-url":"https:\/\/websitedemos.net\/business-consultancy-firm-07\/wp-json\/wp\/v2\/pages\/962","dynamic-page":"no","astra-page-url":"\/\/websitedemos.net\/business-consultancy-firm-07\/business-consulting\/","astra-sites-tag":{"2288":"business-consulting"},"site-pages-type":"premium","site-pages-page-builder":"gutenberg","site-pages-category":[],"site-pages-parent-category":{"60":"business"},"required-plugins":[{"slug":"ultimate-addons-for-gutenberg","init":"ultimate-addons-for-gutenberg\/ultimate-addons-for-gutenberg.php","name":"Spectra"}]},"id-74204":{"title":"Contact","featured-image-url":"https:\/\/websitedemos.net\/wp-content\/uploads\/2023\/05\/business-consultancy-firm-07-contact.jpg","thumbnail-image-url":"https:\/\/websitedemos.net\/wp-content\/uploads\/2023\/05\/business-consultancy-firm-07-contact-600x1250.jpg","astra-page-api-url":"https:\/\/websitedemos.net\/business-consultancy-firm-07\/wp-json\/wp\/v2\/pages\/972","dynamic-page":"no","astra-page-url":"\/\/websitedemos.net\/business-consultancy-firm-07\/contact\/","astra-sites-tag":{"415":"contact"},"site-pages-type":"premium","site-pages-page-builder":"gutenberg","site-pages-category":[],"site-pages-parent-category":{"60":"business"},"required-plugins":[{"slug":"ultimate-addons-for-gutenberg","init":"ultimate-addons-for-gutenberg\/ultimate-addons-for-gutenberg.php","name":"Spectra"},{"slug":"wpforms-lite","init":"wpforms-lite\/wpforms.php","name":"WPForms Lite"}]},"id-74205":{"title":"Financial Consulting","featured-image-url":"https:\/\/websitedemos.net\/wp-content\/uploads\/2023\/05\/business-consultancy-firm-07-financial-consulting.jpg","thumbnail-image-url":"https:\/\/websitedemos.net\/wp-content\/uploads\/2023\/05\/business-consultancy-firm-07-financial-consulting-600x1782.jpg","astra-page-api-url":"https:\/\/websitedemos.net\/business-consultancy-firm-07\/wp-json\/wp\/v2\/pages\/963","dynamic-page":"no","astra-page-url":"\/\/websitedemos.net\/business-consultancy-firm-07\/financial-consulting\/","astra-sites-tag":{"2289":"financial-consulting"},"site-pages-type":"premium","site-pages-page-builder":"gutenberg","site-pages-category":[],"site-pages-parent-category":{"60":"business"},"required-plugins":[{"slug":"ultimate-addons-for-gutenberg","init":"ultimate-addons-for-gutenberg\/ultimate-addons-for-gutenberg.php","name":"Spectra"}]},"id-74206":{"title":"Home","featured-image-url":"https:\/\/websitedemos.net\/wp-content\/uploads\/2023\/05\/business-consultancy-firm-07.jpg","thumbnail-image-url":"https:\/\/websitedemos.net\/wp-content\/uploads\/2023\/05\/business-consultancy-firm-07-600x2458.jpg","astra-page-api-url":"https:\/\/websitedemos.net\/business-consultancy-firm-07\/wp-json\/wp\/v2\/pages\/927","dynamic-page":"no","astra-page-url":"\/\/websitedemos.net\/business-consultancy-firm-07\/","astra-sites-tag":{"423":"home"},"site-pages-type":"premium","site-pages-page-builder":"gutenberg","site-pages-category":[],"site-pages-parent-category":{"60":"business"},"required-plugins":[{"slug":"ultimate-addons-for-gutenberg","init":"ultimate-addons-for-gutenberg\/ultimate-addons-for-gutenberg.php","name":"Spectra"}]},"id-74207":{"title":"HR Consulting","featured-image-url":"https:\/\/websitedemos.net\/wp-content\/uploads\/2023\/05\/business-consultancy-firm-07-hr-consulting.jpg","thumbnail-image-url":"https:\/\/websitedemos.net\/wp-content\/uploads\/2023\/05\/business-consultancy-firm-07-hr-consulting-600x1782.jpg","astra-page-api-url":"https:\/\/websitedemos.net\/business-consultancy-firm-07\/wp-json\/wp\/v2\/pages\/967","dynamic-page":"no","astra-page-url":"\/\/websitedemos.net\/business-consultancy-firm-07\/hr-consulting\/","astra-sites-tag":{"2292":"hr-consulting"},"site-pages-type":"premium","site-pages-page-builder":"gutenberg","site-pages-category":[],"site-pages-parent-category":{"60":"business"},"required-plugins":[{"slug":"ultimate-addons-for-gutenberg","init":"ultimate-addons-for-gutenberg\/ultimate-addons-for-gutenberg.php","name":"Spectra"}]},"id-74208":{"title":"Productivity Improvement","featured-image-url":"https:\/\/websitedemos.net\/wp-content\/uploads\/2023\/05\/business-consultancy-firm-07-productivity-improvement.jpg","thumbnail-image-url":"https:\/\/websitedemos.net\/wp-content\/uploads\/2023\/05\/business-consultancy-firm-07-productivity-improvement-600x1792.jpg","astra-page-api-url":"https:\/\/websitedemos.net\/business-consultancy-firm-07\/wp-json\/wp\/v2\/pages\/965","dynamic-page":"no","astra-page-url":"\/\/websitedemos.net\/business-consultancy-firm-07\/productivity-improvement\/","astra-sites-tag":{"2303":"productivity-improvement"},"site-pages-type":"premium","site-pages-page-builder":"gutenberg","site-pages-category":[],"site-pages-parent-category":{"60":"business"},"required-plugins":[{"slug":"ultimate-addons-for-gutenberg","init":"ultimate-addons-for-gutenberg\/ultimate-addons-for-gutenberg.php","name":"Spectra"}]},"id-74209":{"title":"Sales &#038; Marketing","featured-image-url":"https:\/\/websitedemos.net\/wp-content\/uploads\/2023\/05\/business-consultancy-firm-07-sales-and-marketing.jpg","thumbnail-image-url":"https:\/\/websitedemos.net\/wp-content\/uploads\/2023\/05\/business-consultancy-firm-07-sales-and-marketing-600x1670.jpg","astra-page-api-url":"https:\/\/websitedemos.net\/business-consultancy-firm-07\/wp-json\/wp\/v2\/pages\/964","dynamic-page":"no","astra-page-url":"\/\/websitedemos.net\/business-consultancy-firm-07\/sales-marketing\/","astra-sites-tag":{"2290":"sales-marketing"},"site-pages-type":"premium","site-pages-page-builder":"gutenberg","site-pages-category":[],"site-pages-parent-category":{"60":"business"},"required-plugins":[{"slug":"ultimate-addons-for-gutenberg","init":"ultimate-addons-for-gutenberg\/ultimate-addons-for-gutenberg.php","name":"Spectra"}]},"id-74210":{"title":"Success Stories","featured-image-url":"https:\/\/websitedemos.net\/wp-content\/uploads\/2023\/05\/business-consultancy-firm-07-success-stories.jpg","thumbnail-image-url":"https:\/\/websitedemos.net\/wp-content\/uploads\/2023\/05\/business-consultancy-firm-07-success-stories-600x1723.jpg","astra-page-api-url":"https:\/\/websitedemos.net\/business-consultancy-firm-07\/wp-json\/wp\/v2\/pages\/970","dynamic-page":"no","astra-page-url":"\/\/websitedemos.net\/business-consultancy-firm-07\/success-stories\/","astra-sites-tag":{"990":"success-stories"},"site-pages-type":"premium","site-pages-page-builder":"gutenberg","site-pages-category":[],"site-pages-parent-category":{"60":"business"},"required-plugins":[{"slug":"ultimate-addons-for-gutenberg","init":"ultimate-addons-for-gutenberg\/ultimate-addons-for-gutenberg.php","name":"Spectra"}]},"id-74211":{"title":"Technology Consulting","featured-image-url":"https:\/\/websitedemos.net\/wp-content\/uploads\/2023\/05\/business-consultancy-firm-07-technology-consulting.jpg","thumbnail-image-url":"https:\/\/websitedemos.net\/wp-content\/uploads\/2023\/05\/business-consultancy-firm-07-technology-consulting-600x1792.jpg","astra-page-api-url":"https:\/\/websitedemos.net\/business-consultancy-firm-07\/wp-json\/wp\/v2\/pages\/966","dynamic-page":"no","astra-page-url":"\/\/websitedemos.net\/business-consultancy-firm-07\/technology-consulting\/","astra-sites-tag":{"2291":"technology-consulting"},"site-pages-type":"premium","site-pages-page-builder":"gutenberg","site-pages-category":[],"site-pages-parent-category":{"60":"business"},"required-plugins":[{"slug":"ultimate-addons-for-gutenberg","init":"ultimate-addons-for-gutenberg\/ultimate-addons-for-gutenberg.php","name":"Spectra"}]},"id-74212":{"title":"Training","featured-image-url":"https:\/\/websitedemos.net\/wp-content\/uploads\/2023\/05\/business-consultancy-firm-07-training.jpg","thumbnail-image-url":"https:\/\/websitedemos.net\/wp-content\/uploads\/2023\/05\/business-consultancy-firm-07-training-600x1805.jpg","astra-page-api-url":"https:\/\/websitedemos.net\/business-consultancy-firm-07\/wp-json\/wp\/v2\/pages\/968","dynamic-page":"no","astra-page-url":"\/\/websitedemos.net\/business-consultancy-firm-07\/training\/","astra-sites-tag":{"721":"training"},"site-pages-type":"premium","site-pages-page-builder":"gutenberg","site-pages-category":[],"site-pages-parent-category":{"60":"business"},"required-plugins":[{"slug":"ultimate-addons-for-gutenberg","init":"ultimate-addons-for-gutenberg\/ultimate-addons-for-gutenberg.php","name":"Spectra"}]},"id-74202":{"title":"About","featured-image-url":"https:\/\/websitedemos.net\/wp-content\/uploads\/2023\/05\/business-consultancy-firm-07-about.jpg","thumbnail-image-url":"https:\/\/websitedemos.net\/wp-content\/uploads\/2023\/05\/business-consultancy-firm-07-about-600x1919.jpg","astra-page-api-url":"https:\/\/websitedemos.net\/business-consultancy-firm-07\/wp-json\/wp\/v2\/pages\/971","dynamic-page":"no","astra-page-url":"\/\/websitedemos.net\/business-consultancy-firm-07\/about\/","astra-sites-tag":{"352":"about"},"site-pages-type":"premium","site-pages-page-builder":"gutenberg","site-pages-category":[],"site-pages-parent-category":{"60":"business"},"required-plugins":[{"slug":"ultimate-addons-for-gutenberg","init":"ultimate-addons-for-gutenberg\/ultimate-addons-for-gutenberg.php","name":"Spectra"}]}},"related-bb-template":"","related-elementor-template":"","related-gutenberg-template":""},"id-74113":{"title":"Gift Shop","id":74113,"publish-date":1685383602,"featured-image-url":"https:\/\/websitedemos.net\/wp-content\/uploads\/2023\/05\/gift-shop-07.jpg","thumbnail-image-url":"https:\/\/websitedemos.net\/wp-content\/uploads\/2023\/05\/gift-shop-07-600x3310.jpg","fullpage-thumbnail-image-url":"https:\/\/websitedemos.net\/wp-content\/uploads\/2023\/05\/gift-shop-07-400x2206.jpg","astra-site-url":"\/\/websitedemos.net\/gift-shop-07","astra-site-parent-id":3197,"astra-sites-tag":{"2418":"commerce","2348":"corporate-gift-store","1017":"e-commerce","496":"ecommerce","1817":"ecommerce-store","2419":"eshopping","404":"gift-shop","401":"gift-store","2347":"online-gift-store","2422":"online-market","732":"online-shop","2420":"online-shopping","383":"online-store","2346":"personalised-gifts","2421":"purchases","2417":"reseller","733":"shop","2416":"shopping","966":"woo-commerce","1024":"woocommerce"},"astra-sites-type":"premium","astra-site-category":{"27":"business","38":"ecommerce"},"astra-sites-template-category":{"2777":"business","2769":"ecommerce","2857":"online-shopping"},"astra-site-page-builder":"gutenberg","categories":{"2495":"ecommerce"},"required-plugins":[{"slug":"astra-addon","init":"astra-addon\/astra-addon.php","name":"Astra Pro"},{"slug":"ultimate-addons-for-gutenberg","init":"ultimate-addons-for-gutenberg\/ultimate-addons-for-gutenberg.php","name":"Spectra"},{"slug":"variation-swatches-woo","init":"variation-swatches-woo\/variation-swatches-woo.php","name":"Variation Swatches for WooCommerce"},{"slug":"woocommerce","init":"woocommerce\/woocommerce.php","name":"WooCommerce"},{"slug":"wpforms-lite","init":"wpforms-lite\/wpforms.php","name":"WPForms Lite"}],"post-status":"publish","post-content":"","post-excerpt":"","pages":{"id-74116":{"title":"Home","featured-image-url":"https:\/\/websitedemos.net\/wp-content\/uploads\/2023\/05\/gift-shop-07.jpg","thumbnail-image-url":"https:\/\/websitedemos.net\/wp-content\/uploads\/2023\/05\/gift-shop-07-600x3310.jpg","astra-page-api-url":"https:\/\/websitedemos.net\/gift-shop-07\/wp-json\/wp\/v2\/pages\/703","dynamic-page":"yes","astra-page-url":"\/\/websitedemos.net\/gift-shop-07\/","astra-sites-tag":{"423":"home"},"site-pages-type":"premium","site-pages-page-builder":"gutenberg","site-pages-category":[],"site-pages-parent-category":{"60":"business","64":"ecommerce"},"required-plugins":[{"slug":"ultimate-addons-for-gutenberg","init":"ultimate-addons-for-gutenberg\/ultimate-addons-for-gutenberg.php","name":"Spectra"}]},"id-74114":{"title":"About Us","featured-image-url":"https:\/\/websitedemos.net\/wp-content\/uploads\/2023\/05\/gift-shop-07-about-us.jpg","thumbnail-image-url":"https:\/\/websitedemos.net\/wp-content\/uploads\/2023\/05\/gift-shop-07-about-us-600x1160.jpg","astra-page-api-url":"https:\/\/websitedemos.net\/gift-shop-07\/wp-json\/wp\/v2\/pages\/705","dynamic-page":"no","astra-page-url":"\/\/websitedemos.net\/gift-shop-07\/about-us\/","astra-sites-tag":{"352":"about"},"site-pages-type":"premium","site-pages-page-builder":"gutenberg","site-pages-category":[],"site-pages-parent-category":{"60":"business","64":"ecommerce"},"required-plugins":[{"slug":"ultimate-addons-for-gutenberg","init":"ultimate-addons-for-gutenberg\/ultimate-addons-for-gutenberg.php","name":"Spectra"}]},"id-74115":{"title":"Contact Us","featured-image-url":"https:\/\/websitedemos.net\/wp-content\/uploads\/2023\/05\/gift-shop-07-contact-us.jpg","thumbnail-image-url":"https:\/\/websitedemos.net\/wp-content\/uploads\/2023\/05\/gift-shop-07-contact-us-600x823.jpg","astra-page-api-url":"https:\/\/websitedemos.net\/gift-shop-07\/wp-json\/wp\/v2\/pages\/706","dynamic-page":"no","astra-page-url":"\/\/websitedemos.net\/gift-shop-07\/contact-us\/","astra-sites-tag":{"415":"contact"},"site-pages-type":"premium","site-pages-page-builder":"gutenberg","site-pages-category":[],"site-pages-parent-category":{"60":"business","64":"ecommerce"},"required-plugins":[{"slug":"ultimate-addons-for-gutenberg","init":"ultimate-addons-for-gutenberg\/ultimate-addons-for-gutenberg.php","name":"Spectra"},{"slug":"wpforms-lite","init":"wpforms-lite\/wpforms.php","name":"WPForms Lite"}]}},"related-bb-template":"","related-elementor-template":"","related-gutenberg-template":""},"id-74173":{"title":"Recycled Shoe Store","id":74173,"publish-date":1685381978,"featured-image-url":"https:\/\/websitedemos.net\/wp-content\/uploads\/2023\/05\/recycled-shoe-store-07.jpg","thumbnail-image-url":"https:\/\/websitedemos.net\/wp-content\/uploads\/2023\/05\/recycled-shoe-store-07-600x4173.jpg","fullpage-thumbnail-image-url":"https:\/\/websitedemos.net\/wp-content\/uploads\/2023\/05\/recycled-shoe-store-07-400x2782.jpg","astra-site-url":"\/\/websitedemos.net\/recycled-shoe-store-07","astra-site-parent-id":3201,"astra-sites-tag":{"2418":"commerce","1017":"e-commerce","496":"ecommerce","1817":"ecommerce-store","2419":"eshopping","2422":"online-market","732":"online-shop","2420":"online-shopping","383":"online-store","2421":"purchases","2417":"reseller","384":"running-shoes","382":"shoe-store","385":"shoes","733":"shop","2416":"shopping","2427":"sports-shoes","749":"store","966":"woo-commerce","1024":"woocommerce"},"astra-sites-type":"premium","astra-site-category":{"27":"business","38":"ecommerce"},"astra-sites-template-category":{"2769":"ecommerce","2857":"online-shopping","2878":"shoes"},"astra-site-page-builder":"gutenberg","categories":{"2495":"ecommerce"},"required-plugins":[{"slug":"astra-addon","init":"astra-addon\/astra-addon.php","name":"Astra Pro"},{"slug":"ultimate-addons-for-gutenberg","init":"ultimate-addons-for-gutenberg\/ultimate-addons-for-gutenberg.php","name":"Spectra"},{"slug":"variation-swatches-woo","init":"variation-swatches-woo\/variation-swatches-woo.php","name":"Variation Swatches for WooCommerce"},{"slug":"woocommerce","init":"woocommerce\/woocommerce.php","name":"WooCommerce"},{"slug":"wpforms-lite","init":"wpforms-lite\/wpforms.php","name":"WPForms Lite"}],"post-status":"publish","post-content":"","post-excerpt":"","pages":{"id-74174":{"title":"Contact","featured-image-url":"https:\/\/websitedemos.net\/wp-content\/uploads\/2023\/05\/recycled-shoe-store-07-contact.jpg","thumbnail-image-url":"https:\/\/websitedemos.net\/wp-content\/uploads\/2023\/05\/recycled-shoe-store-07-contact-600x1286.jpg","astra-page-api-url":"https:\/\/websitedemos.net\/recycled-shoe-store-07\/wp-json\/wp\/v2\/pages\/1316","dynamic-page":"no","astra-page-url":"\/\/websitedemos.net\/recycled-shoe-store-07\/contact\/","astra-sites-tag":{"415":"contact"},"site-pages-type":"premium","site-pages-page-builder":"gutenberg","site-pages-category":[],"site-pages-parent-category":{"60":"business","64":"ecommerce"},"required-plugins":[{"slug":"ultimate-addons-for-gutenberg","init":"ultimate-addons-for-gutenberg\/ultimate-addons-for-gutenberg.php","name":"Spectra"},{"slug":"wpforms-lite","init":"wpforms-lite\/wpforms.php","name":"WPForms Lite"}]},"id-74175":{"title":"Home","featured-image-url":"https:\/\/websitedemos.net\/wp-content\/uploads\/2023\/05\/recycled-shoe-store-07.jpg","thumbnail-image-url":"https:\/\/websitedemos.net\/wp-content\/uploads\/2023\/05\/recycled-shoe-store-07-600x4173.jpg","astra-page-api-url":"https:\/\/websitedemos.net\/recycled-shoe-store-07\/wp-json\/wp\/v2\/pages\/1332","dynamic-page":"yes","astra-page-url":"\/\/websitedemos.net\/recycled-shoe-store-07\/","astra-sites-tag":{"423":"home"},"site-pages-type":"premium","site-pages-page-builder":"gutenberg","site-pages-category":[],"site-pages-parent-category":{"60":"business","64":"ecommerce"},"required-plugins":[{"slug":"ultimate-addons-for-gutenberg","init":"ultimate-addons-for-gutenberg\/ultimate-addons-for-gutenberg.php","name":"Spectra"}]},"id-74176":{"title":"Lookbook","featured-image-url":"https:\/\/websitedemos.net\/wp-content\/uploads\/2023\/05\/recycled-shoe-store-07-lookbook.jpg","thumbnail-image-url":"https:\/\/websitedemos.net\/wp-content\/uploads\/2023\/05\/recycled-shoe-store-07-lookbook-600x2304.jpg","astra-page-api-url":"https:\/\/websitedemos.net\/recycled-shoe-store-07\/wp-json\/wp\/v2\/pages\/1308","dynamic-page":"no","astra-page-url":"\/\/websitedemos.net\/recycled-shoe-store-07\/lookbook\/","astra-sites-tag":{"752":"lookbook"},"site-pages-type":"premium","site-pages-page-builder":"gutenberg","site-pages-category":[],"site-pages-parent-category":{"60":"business","64":"ecommerce"},"required-plugins":[{"slug":"ultimate-addons-for-gutenberg","init":"ultimate-addons-for-gutenberg\/ultimate-addons-for-gutenberg.php","name":"Spectra"}]},"id-74177":{"title":"Sale","featured-image-url":"https:\/\/websitedemos.net\/wp-content\/uploads\/2023\/05\/recycled-shoe-store-07-sale.jpg","thumbnail-image-url":"https:\/\/websitedemos.net\/wp-content\/uploads\/2023\/05\/recycled-shoe-store-07-sale-600x1858.jpg","astra-page-api-url":"https:\/\/websitedemos.net\/recycled-shoe-store-07\/wp-json\/wp\/v2\/pages\/1309","dynamic-page":"no","astra-page-url":"\/\/websitedemos.net\/recycled-shoe-store-07\/sale\/","astra-sites-tag":{"2743":"sale"},"site-pages-type":"premium","site-pages-page-builder":"gutenberg","site-pages-category":[],"site-pages-parent-category":{"60":"business","64":"ecommerce"},"required-plugins":[{"slug":"ultimate-addons-for-gutenberg","init":"ultimate-addons-for-gutenberg\/ultimate-addons-for-gutenberg.php","name":"Spectra"}]},"id-74178":{"title":"Story","featured-image-url":"https:\/\/websitedemos.net\/wp-content\/uploads\/2023\/05\/recycled-shoe-store-07-story.jpg","thumbnail-image-url":"https:\/\/websitedemos.net\/wp-content\/uploads\/2023\/05\/recycled-shoe-store-07-story-600x1949.jpg","astra-page-api-url":"https:\/\/websitedemos.net\/recycled-shoe-store-07\/wp-json\/wp\/v2\/pages\/1334","dynamic-page":"no","astra-page-url":"\/\/websitedemos.net\/recycled-shoe-store-07\/story\/","astra-sites-tag":{"767":"story"},"site-pages-type":"premium","site-pages-page-builder":"gutenberg","site-pages-category":[],"site-pages-parent-category":{"60":"business","64":"ecommerce"},"required-plugins":[{"slug":"ultimate-addons-for-gutenberg","init":"ultimate-addons-for-gutenberg\/ultimate-addons-for-gutenberg.php","name":"Spectra"}]}},"related-bb-template":"","related-elementor-template":"","related-gutenberg-template":""},"id-74156":{"title":"Building Construction","id":74156,"publish-date":1685381141,"featured-image-url":"https:\/\/websitedemos.net\/wp-content\/uploads\/2023\/05\/building-construction-07.jpg","thumbnail-image-url":"https:\/\/websitedemos.net\/wp-content\/uploads\/2023\/05\/building-construction-07-600x2494.jpg","fullpage-thumbnail-image-url":"https:\/\/websitedemos.net\/wp-content\/uploads\/2023\/05\/building-construction-07-400x1662.jpg","astra-site-url":"\/\/websitedemos.net\/building-construction-07","astra-site-parent-id":3200,"astra-sites-tag":{"435":"architecture","2543":"building","2545":"building-foundation","979":"company","484":"construction","2546":"construction-services","2544":"fabricating","436":"interior","812":"office","485":"real-estate","687":"realty"},"astra-sites-type":"premium","astra-site-category":{"27":"business"},"astra-sites-template-category":{"2836":"construction","2793":"interior-design","2778":"real-estate"},"astra-site-page-builder":"gutenberg","categories":{"2484":"real-estate"},"required-plugins":[{"slug":"ultimate-addons-for-gutenberg","init":"ultimate-addons-for-gutenberg\/ultimate-addons-for-gutenberg.php","name":"Spectra"},{"slug":"wpforms-lite","init":"wpforms-lite\/wpforms.php","name":"WPForms Lite"}],"post-status":"publish","post-content":"","post-excerpt":"","pages":{"id-74157":{"title":"About","featured-image-url":"https:\/\/websitedemos.net\/wp-content\/uploads\/2023\/05\/building-construction-07-about.jpg","thumbnail-image-url":"https:\/\/websitedemos.net\/wp-content\/uploads\/2023\/05\/building-construction-07-about-600x2079.jpg","astra-page-api-url":"https:\/\/websitedemos.net\/building-construction-07\/wp-json\/wp\/v2\/pages\/85","dynamic-page":"no","astra-page-url":"\/\/websitedemos.net\/building-construction-07\/about-us\/","astra-sites-tag":{"352":"about"},"site-pages-type":"premium","site-pages-page-builder":"gutenberg","site-pages-category":[],"site-pages-parent-category":{"60":"business"},"required-plugins":[{"slug":"ultimate-addons-for-gutenberg","init":"ultimate-addons-for-gutenberg\/ultimate-addons-for-gutenberg.php","name":"Spectra"}]},"id-74158":{"title":"Contact","featured-image-url":"https:\/\/websitedemos.net\/wp-content\/uploads\/2023\/05\/building-construction-07-contact.jpg","thumbnail-image-url":"https:\/\/websitedemos.net\/wp-content\/uploads\/2023\/05\/building-construction-07-contact-600x1169.jpg","astra-page-api-url":"https:\/\/websitedemos.net\/building-construction-07\/wp-json\/wp\/v2\/pages\/92","dynamic-page":"no","astra-page-url":"\/\/websitedemos.net\/building-construction-07\/contact\/","astra-sites-tag":{"415":"contact"},"site-pages-type":"premium","site-pages-page-builder":"gutenberg","site-pages-category":[],"site-pages-parent-category":{"60":"business"},"required-plugins":[{"slug":"ultimate-addons-for-gutenberg","init":"ultimate-addons-for-gutenberg\/ultimate-addons-for-gutenberg.php","name":"Spectra"},{"slug":"wpforms-lite","init":"wpforms-lite\/wpforms.php","name":"WPForms Lite"}]},"id-74159":{"title":"Home","featured-image-url":"https:\/\/websitedemos.net\/wp-content\/uploads\/2023\/05\/building-construction-07.jpg","thumbnail-image-url":"https:\/\/websitedemos.net\/wp-content\/uploads\/2023\/05\/building-construction-07-600x2494.jpg","astra-page-api-url":"https:\/\/websitedemos.net\/building-construction-07\/wp-json\/wp\/v2\/pages\/82","dynamic-page":"no","astra-page-url":"\/\/websitedemos.net\/building-construction-07\/","astra-sites-tag":{"423":"home"},"site-pages-type":"premium","site-pages-page-builder":"gutenberg","site-pages-category":[],"site-pages-parent-category":{"60":"business"},"required-plugins":[{"slug":"ultimate-addons-for-gutenberg","init":"ultimate-addons-for-gutenberg\/ultimate-addons-for-gutenberg.php","name":"Spectra"}]},"id-74160":{"title":"Projects","featured-image-url":"https:\/\/websitedemos.net\/wp-content\/uploads\/2023\/05\/building-construction-07-projects.jpg","thumbnail-image-url":"https:\/\/websitedemos.net\/wp-content\/uploads\/2023\/05\/building-construction-07-projects-600x1611.jpg","astra-page-api-url":"https:\/\/websitedemos.net\/building-construction-07\/wp-json\/wp\/v2\/pages\/90","dynamic-page":"no","astra-page-url":"\/\/websitedemos.net\/building-construction-07\/projects\/","astra-sites-tag":{"1613":"projects"},"site-pages-type":"premium","site-pages-page-builder":"gutenberg","site-pages-category":[],"site-pages-parent-category":{"60":"business"},"required-plugins":[{"slug":"ultimate-addons-for-gutenberg","init":"ultimate-addons-for-gutenberg\/ultimate-addons-for-gutenberg.php","name":"Spectra"}]},"id-74161":{"title":"Services","featured-image-url":"https:\/\/websitedemos.net\/wp-content\/uploads\/2023\/05\/building-construction-07-services.jpg","thumbnail-image-url":"https:\/\/websitedemos.net\/wp-content\/uploads\/2023\/05\/building-construction-07-services-600x1742.jpg","astra-page-api-url":"https:\/\/websitedemos.net\/building-construction-07\/wp-json\/wp\/v2\/pages\/88","dynamic-page":"no","astra-page-url":"\/\/websitedemos.net\/building-construction-07\/services\/","astra-sites-tag":{"425":"services"},"site-pages-type":"premium","site-pages-page-builder":"gutenberg","site-pages-category":[],"site-pages-parent-category":{"60":"business"},"required-plugins":[{"slug":"ultimate-addons-for-gutenberg","init":"ultimate-addons-for-gutenberg\/ultimate-addons-for-gutenberg.php","name":"Spectra"}]}},"related-bb-template":"","related-elementor-template":"","related-gutenberg-template":""},"id-74126":{"title":"Food Blogger &amp; Influencer","id":74126,"publish-date":1685380359,"featured-image-url":"https:\/\/websitedemos.net\/wp-content\/uploads\/2023\/05\/food-blogger-07.jpg","thumbnail-image-url":"https:\/\/websitedemos.net\/wp-content\/uploads\/2023\/05\/food-blogger-07-600x2466.jpg","fullpage-thumbnail-image-url":"https:\/\/websitedemos.net\/wp-content\/uploads\/2023\/05\/food-blogger-07-400x1644.jpg","astra-site-url":"\/\/websitedemos.net\/food-blogger-07","astra-site-parent-id":3199,"astra-sites-tag":{"1652":"blogger","1654":"content-creator","2173":"food-drinks","2171":"food-drinks-influencer","2172":"food-drinks-vlogger","890":"food-blogger","1547":"influencer","2163":"social-media-influencer","1837":"vlogger"},"astra-sites-type":"premium","astra-site-category":{"37":"blog","27":"business"},"astra-sites-template-category":{"2828":"blog","2785":"food","2770":"personal","2776":"restaurant","2801":"video","2870":"vlog"},"astra-site-page-builder":"gutenberg","categories":[],"required-plugins":[{"slug":"ultimate-addons-for-gutenberg","init":"ultimate-addons-for-gutenberg\/ultimate-addons-for-gutenberg.php","name":"Spectra"},{"slug":"wpforms-lite","init":"wpforms-lite\/wpforms.php","name":"WPForms Lite"}],"post-status":"publish","post-content":"","post-excerpt":"","pages":{"id-74129":{"title":"Home","featured-image-url":"https:\/\/websitedemos.net\/wp-content\/uploads\/2023\/05\/food-blogger-07.jpg","thumbnail-image-url":"https:\/\/websitedemos.net\/wp-content\/uploads\/2023\/05\/food-blogger-07-600x2466.jpg","astra-page-api-url":"https:\/\/websitedemos.net\/food-blogger-07\/wp-json\/wp\/v2\/pages\/1055","dynamic-page":"no","astra-page-url":"\/\/websitedemos.net\/food-blogger-07\/","astra-sites-tag":{"423":"home"},"site-pages-type":"premium","site-pages-page-builder":"gutenberg","site-pages-category":[],"site-pages-parent-category":{"74":"blog","60":"business"},"required-plugins":[{"slug":"ultimate-addons-for-gutenberg","init":"ultimate-addons-for-gutenberg\/ultimate-addons-for-gutenberg.php","name":"Spectra"},{"slug":"wpforms-lite","init":"wpforms-lite\/wpforms.php","name":"WPForms Lite"}]},"id-74127":{"title":"About","featured-image-url":"https:\/\/websitedemos.net\/wp-content\/uploads\/2023\/05\/food-blogger-07-about.jpg","thumbnail-image-url":"https:\/\/websitedemos.net\/wp-content\/uploads\/2023\/05\/food-blogger-07-about-600x1687.jpg","astra-page-api-url":"https:\/\/websitedemos.net\/food-blogger-07\/wp-json\/wp\/v2\/pages\/1058","dynamic-page":"no","astra-page-url":"\/\/websitedemos.net\/food-blogger-07\/about\/","astra-sites-tag":{"352":"about"},"site-pages-type":"premium","site-pages-page-builder":"gutenberg","site-pages-category":[],"site-pages-parent-category":{"74":"blog","60":"business"},"required-plugins":[{"slug":"ultimate-addons-for-gutenberg","init":"ultimate-addons-for-gutenberg\/ultimate-addons-for-gutenberg.php","name":"Spectra"}]},"id-74128":{"title":"Contact","featured-image-url":"https:\/\/websitedemos.net\/wp-content\/uploads\/2023\/05\/food-blogger-07-contact.jpg","thumbnail-image-url":"https:\/\/websitedemos.net\/wp-content\/uploads\/2023\/05\/food-blogger-07-contact-600x1057.jpg","astra-page-api-url":"https:\/\/websitedemos.net\/food-blogger-07\/wp-json\/wp\/v2\/pages\/1064","dynamic-page":"no","astra-page-url":"\/\/websitedemos.net\/food-blogger-07\/contact\/","astra-sites-tag":{"415":"contact"},"site-pages-type":"premium","site-pages-page-builder":"gutenberg","site-pages-category":[],"site-pages-parent-category":{"74":"blog","60":"business"},"required-plugins":[{"slug":"ultimate-addons-for-gutenberg","init":"ultimate-addons-for-gutenberg\/ultimate-addons-for-gutenberg.php","name":"Spectra"},{"slug":"wpforms-lite","init":"wpforms-lite\/wpforms.php","name":"WPForms Lite"}]},"id-74130":{"title":"Reviews","featured-image-url":"https:\/\/websitedemos.net\/wp-content\/uploads\/2023\/05\/food-blogger-07-reviews.jpg","thumbnail-image-url":"https:\/\/websitedemos.net\/wp-content\/uploads\/2023\/05\/food-blogger-07-reviews-600x1560.jpg","astra-page-api-url":"https:\/\/websitedemos.net\/food-blogger-07\/wp-json\/wp\/v2\/pages\/1060","dynamic-page":"no","astra-page-url":"\/\/websitedemos.net\/food-blogger-07\/reviews\/","astra-sites-tag":{"1615":"reviews"},"site-pages-type":"premium","site-pages-page-builder":"gutenberg","site-pages-category":[],"site-pages-parent-category":{"74":"blog","60":"business"},"required-plugins":[{"slug":"ultimate-addons-for-gutenberg","init":"ultimate-addons-for-gutenberg\/ultimate-addons-for-gutenberg.php","name":"Spectra"},{"slug":"wpforms-lite","init":"wpforms-lite\/wpforms.php","name":"WPForms Lite"}]},"id-74131":{"title":"Videos","featured-image-url":"https:\/\/websitedemos.net\/wp-content\/uploads\/2023\/05\/food-blogger-07-videos.jpg","thumbnail-image-url":"https:\/\/websitedemos.net\/wp-content\/uploads\/2023\/05\/food-blogger-07-videos-600x1608.jpg","astra-page-api-url":"https:\/\/websitedemos.net\/food-blogger-07\/wp-json\/wp\/v2\/pages\/1062","dynamic-page":"no","astra-page-url":"\/\/websitedemos.net\/food-blogger-07\/videos\/","astra-sites-tag":{"2001":"videos"},"site-pages-type":"premium","site-pages-page-builder":"gutenberg","site-pages-category":[],"site-pages-parent-category":{"74":"blog","60":"business"},"required-plugins":[{"slug":"ultimate-addons-for-gutenberg","init":"ultimate-addons-for-gutenberg\/ultimate-addons-for-gutenberg.php","name":"Spectra"},{"slug":"wpforms-lite","init":"wpforms-lite\/wpforms.php","name":"WPForms Lite"}]}},"related-bb-template":"","related-elementor-template":"","related-gutenberg-template":""},"id-74122":{"title":"Eyewear Store","id":74122,"publish-date":1685379799,"featured-image-url":"https:\/\/websitedemos.net\/wp-content\/uploads\/2023\/05\/eyewear-store-07.jpg","thumbnail-image-url":"https:\/\/websitedemos.net\/wp-content\/uploads\/2023\/05\/eyewear-store-07-600x2917.jpg","fullpage-thumbnail-image-url":"https:\/\/websitedemos.net\/wp-content\/uploads\/2023\/05\/eyewear-store-07-400x1945.jpg","astra-site-url":"\/\/websitedemos.net\/eyewear-store-07","astra-site-parent-id":3198,"astra-sites-tag":{"496":"ecommerce","1817":"ecommerce-store","2918":"eyes","2915":"eyewear","2916":"eyewear-store","2919":"glears","2922":"lenskart","732":"online-shop","2420":"online-shopping","383":"online-store","2921":"specs","2920":"spectacles","749":"store","1024":"woocommerce"},"astra-sites-type":"premium","astra-site-category":{"27":"business","38":"ecommerce"},"astra-sites-template-category":{"2769":"ecommerce","2858":"fashion-clothing","2857":"online-shopping"},"astra-site-page-builder":"gutenberg","categories":{"2495":"ecommerce"},"required-plugins":[{"slug":"astra-addon","init":"astra-addon\/astra-addon.php","name":"Astra Pro"},{"slug":"ultimate-addons-for-gutenberg","init":"ultimate-addons-for-gutenberg\/ultimate-addons-for-gutenberg.php","name":"Spectra"},{"slug":"woocommerce","init":"woocommerce\/woocommerce.php","name":"WooCommerce"},{"slug":"wpforms-lite","init":"wpforms-lite\/wpforms.php","name":"WPForms Lite"}],"post-status":"publish","post-content":"","post-excerpt":"","pages":{"id-74125":{"title":"Home","featured-image-url":"https:\/\/websitedemos.net\/wp-content\/uploads\/2023\/05\/eyewear-store-07.jpg","thumbnail-image-url":"https:\/\/websitedemos.net\/wp-content\/uploads\/2023\/05\/eyewear-store-07-600x2917.jpg","astra-page-api-url":"https:\/\/websitedemos.net\/eyewear-store-07\/wp-json\/wp\/v2\/pages\/11","dynamic-page":"yes","astra-page-url":"\/\/websitedemos.net\/eyewear-store-07\/","astra-sites-tag":{"423":"home"},"site-pages-type":"premium","site-pages-page-builder":"gutenberg","site-pages-category":[],"site-pages-parent-category":{"60":"business","64":"ecommerce"},"required-plugins":[{"slug":"astra-addon","init":"astra-addon\/astra-addon.php","name":"Astra Pro"},{"slug":"ultimate-addons-for-gutenberg","init":"ultimate-addons-for-gutenberg\/ultimate-addons-for-gutenberg.php","name":"Spectra"},{"slug":"woocommerce","init":"woocommerce\/woocommerce.php","name":"WooCommerce"}]},"id-74123":{"title":"About Us","featured-image-url":"https:\/\/websitedemos.net\/wp-content\/uploads\/2023\/05\/eyewear-store-07-about-us.jpg","thumbnail-image-url":"https:\/\/websitedemos.net\/wp-content\/uploads\/2023\/05\/eyewear-store-07-about-us-600x1770.jpg","astra-page-api-url":"https:\/\/websitedemos.net\/eyewear-store-07\/wp-json\/wp\/v2\/pages\/14","dynamic-page":"no","astra-page-url":"\/\/websitedemos.net\/eyewear-store-07\/about-us\/","astra-sites-tag":{"352":"about"},"site-pages-type":"premium","site-pages-page-builder":"gutenberg","site-pages-category":[],"site-pages-parent-category":{"60":"business","64":"ecommerce"},"required-plugins":[{"slug":"ultimate-addons-for-gutenberg","init":"ultimate-addons-for-gutenberg\/ultimate-addons-for-gutenberg.php","name":"Spectra"}]},"id-74124":{"title":"Contact","featured-image-url":"https:\/\/websitedemos.net\/wp-content\/uploads\/2023\/05\/eyewear-store-07-contact.jpg","thumbnail-image-url":"https:\/\/websitedemos.net\/wp-content\/uploads\/2023\/05\/eyewear-store-07-contact-600x1050.jpg","astra-page-api-url":"https:\/\/websitedemos.net\/eyewear-store-07\/wp-json\/wp\/v2\/pages\/16","dynamic-page":"no","astra-page-url":"\/\/websitedemos.net\/eyewear-store-07\/contact\/","astra-sites-tag":{"415":"contact"},"site-pages-type":"premium","site-pages-page-builder":"gutenberg","site-pages-category":[],"site-pages-parent-category":{"60":"business","64":"ecommerce"},"required-plugins":[{"slug":"ultimate-addons-for-gutenberg","init":"ultimate-addons-for-gutenberg\/ultimate-addons-for-gutenberg.php","name":"Spectra"},{"slug":"wpforms-lite","init":"wpforms-lite\/wpforms.php","name":"WPForms Lite"}]}},"related-bb-template":"","related-elementor-template":"","related-gutenberg-template":""},"id-73697":{"title":"Be Bold","id":73697,"publish-date":1683566320,"featured-image-url":"https:\/\/websitedemos.net\/wp-content\/uploads\/2023\/05\/be-bold-beauty-store-07.jpg","thumbnail-image-url":"https:\/\/websitedemos.net\/wp-content\/uploads\/2023\/05\/be-bold-beauty-store-07-600x2434.jpg","fullpage-thumbnail-image-url":"https:\/\/websitedemos.net\/wp-content\/uploads\/2023\/05\/be-bold-beauty-store-07-400x1622.jpg","astra-site-url":"\/\/websitedemos.net\/be-bold-beauty-store-07","astra-site-parent-id":3196,"astra-sites-tag":{"1023":"beauty","1465":"beauty-products","2384":"beauty-products-store","1466":"cosmetic-products","1464":"cosmetic-store","1463":"cosmetics","496":"ecommerce","1817":"ecommerce-store","383":"online-store","749":"store","1024":"woocommerce"},"astra-sites-type":"premium","astra-site-category":{"27":"business"},"astra-sites-template-category":{"2790":"beauty-fashion","2769":"ecommerce","2890":"makeup-cosmetic","2857":"online-shopping"},"astra-site-page-builder":"gutenberg","categories":{"2479":"beauty","2495":"ecommerce"},"required-plugins":[{"slug":"cartflows","init":"cartflows\/cartflows.php","name":"CartFlows"},{"slug":"ultimate-addons-for-gutenberg","init":"ultimate-addons-for-gutenberg\/ultimate-addons-for-gutenberg.php","name":"Spectra"},{"slug":"woocommerce","init":"woocommerce\/woocommerce.php","name":"WooCommerce"},{"slug":"wpforms-lite","init":"wpforms-lite\/wpforms.php","name":"WPForms Lite"}],"post-status":"publish","post-content":"","post-excerpt":"","pages":{"id-73698":{"title":"About","featured-image-url":"https:\/\/websitedemos.net\/wp-content\/uploads\/2023\/05\/be-bold-beauty-store-07-about-us.jpg","thumbnail-image-url":"https:\/\/websitedemos.net\/wp-content\/uploads\/2023\/05\/be-bold-beauty-store-07-about-us-600x1517.jpg","astra-page-api-url":"https:\/\/websitedemos.net\/be-bold-beauty-store-07\/wp-json\/wp\/v2\/pages\/871","dynamic-page":"no","astra-page-url":"\/\/websitedemos.net\/be-bold-beauty-store-07\/about\/","astra-sites-tag":{"352":"about"},"site-pages-type":"premium","site-pages-page-builder":"gutenberg","site-pages-category":[],"site-pages-parent-category":{"60":"business"},"required-plugins":[{"slug":"ultimate-addons-for-gutenberg","init":"ultimate-addons-for-gutenberg\/ultimate-addons-for-gutenberg.php","name":"Spectra"}]},"id-73699":{"title":"Contact","featured-image-url":"https:\/\/websitedemos.net\/wp-content\/uploads\/2023\/05\/be-bold-beauty-store-07-contact.jpg","thumbnail-image-url":"https:\/\/websitedemos.net\/wp-content\/uploads\/2023\/05\/be-bold-beauty-store-07-contact-600x1071.jpg","astra-page-api-url":"https:\/\/websitedemos.net\/be-bold-beauty-store-07\/wp-json\/wp\/v2\/pages\/872","dynamic-page":"no","astra-page-url":"\/\/websitedemos.net\/be-bold-beauty-store-07\/contact\/","astra-sites-tag":{"415":"contact"},"site-pages-type":"premium","site-pages-page-builder":"gutenberg","site-pages-category":[],"site-pages-parent-category":{"60":"business"},"required-plugins":[{"slug":"ultimate-addons-for-gutenberg","init":"ultimate-addons-for-gutenberg\/ultimate-addons-for-gutenberg.php","name":"Spectra"},{"slug":"wpforms-lite","init":"wpforms-lite\/wpforms.php","name":"WPForms Lite"}]},"id-73700":{"title":"Home","featured-image-url":"https:\/\/websitedemos.net\/wp-content\/uploads\/2023\/05\/be-bold-beauty-store-07.jpg","thumbnail-image-url":"https:\/\/websitedemos.net\/wp-content\/uploads\/2023\/05\/be-bold-beauty-store-07-600x2434.jpg","astra-page-api-url":"https:\/\/websitedemos.net\/be-bold-beauty-store-07\/wp-json\/wp\/v2\/pages\/886","dynamic-page":"yes","astra-page-url":"\/\/websitedemos.net\/be-bold-beauty-store-07\/","astra-sites-tag":{"423":"home"},"site-pages-type":"premium","site-pages-page-builder":"gutenberg","site-pages-category":[],"site-pages-parent-category":{"60":"business"},"required-plugins":[{"slug":"ultimate-addons-for-gutenberg","init":"ultimate-addons-for-gutenberg\/ultimate-addons-for-gutenberg.php","name":"Spectra"},{"slug":"woocommerce","init":"woocommerce\/woocommerce.php","name":"WooCommerce"}]}},"related-bb-template":"","related-elementor-template":"","related-gutenberg-template":""},"id-73686":{"title":"Blingg Jewelry Store","id":73686,"publish-date":1683565586,"featured-image-url":"https:\/\/websitedemos.net\/wp-content\/uploads\/2023\/05\/blingg-jewelry-store-07.jpg","thumbnail-image-url":"https:\/\/websitedemos.net\/wp-content\/uploads\/2023\/05\/blingg-jewelry-store-07-600x2000.jpg","fullpage-thumbnail-image-url":"https:\/\/websitedemos.net\/wp-content\/uploads\/2023\/05\/blingg-jewelry-store-07-400x1333.jpg","astra-site-url":"\/\/websitedemos.net\/blingg-jewelry-store-07","astra-site-parent-id":3195,"astra-sites-tag":{"496":"ecommerce","1817":"ecommerce-store","2912":"jewellery","2382":"jewellery-store","731":"jewelry","2529":"jewelry-store","2383":"online-jewellery-store","383":"online-store","967":"product-store","2913":"ring","749":"store","1024":"woocommerce"},"astra-sites-type":"premium","astra-site-category":{"27":"business"},"astra-sites-template-category":{"2769":"ecommerce","2838":"jewellery","2857":"online-shopping"},"astra-site-page-builder":"gutenberg","categories":{"2495":"ecommerce"},"required-plugins":[{"slug":"astra-addon","init":"astra-addon\/astra-addon.php","name":"Astra Pro"},{"slug":"ultimate-addons-for-gutenberg","init":"ultimate-addons-for-gutenberg\/ultimate-addons-for-gutenberg.php","name":"Spectra"},{"slug":"woocommerce","init":"woocommerce\/woocommerce.php","name":"WooCommerce"},{"slug":"wpforms-lite","init":"wpforms-lite\/wpforms.php","name":"WPForms Lite"}],"post-status":"publish","post-content":"","post-excerpt":"","pages":{"id-73687":{"title":"About","featured-image-url":"https:\/\/websitedemos.net\/wp-content\/uploads\/2023\/05\/blingg-jewelry-store-07-about.jpg","thumbnail-image-url":"https:\/\/websitedemos.net\/wp-content\/uploads\/2023\/05\/blingg-jewelry-store-07-about-600x1473.jpg","astra-page-api-url":"https:\/\/websitedemos.net\/blingg-jewelry-store-07\/wp-json\/wp\/v2\/pages\/469","dynamic-page":"no","astra-page-url":"\/\/websitedemos.net\/blingg-jewelry-store-07\/about\/","astra-sites-tag":{"352":"about"},"site-pages-type":"premium","site-pages-page-builder":"gutenberg","site-pages-category":[],"site-pages-parent-category":{"60":"business"},"required-plugins":[{"slug":"ultimate-addons-for-gutenberg","init":"ultimate-addons-for-gutenberg\/ultimate-addons-for-gutenberg.php","name":"Spectra"}]},"id-73688":{"title":"Contact","featured-image-url":"https:\/\/websitedemos.net\/wp-content\/uploads\/2023\/05\/blingg-jewelry-store-07-contact.jpg","thumbnail-image-url":"https:\/\/websitedemos.net\/wp-content\/uploads\/2023\/05\/blingg-jewelry-store-07-contact-600x902.jpg","astra-page-api-url":"https:\/\/websitedemos.net\/blingg-jewelry-store-07\/wp-json\/wp\/v2\/pages\/470","dynamic-page":"no","astra-page-url":"\/\/websitedemos.net\/blingg-jewelry-store-07\/contact\/","astra-sites-tag":{"415":"contact"},"site-pages-type":"premium","site-pages-page-builder":"gutenberg","site-pages-category":[],"site-pages-parent-category":{"60":"business"},"required-plugins":[{"slug":"ultimate-addons-for-gutenberg","init":"ultimate-addons-for-gutenberg\/ultimate-addons-for-gutenberg.php","name":"Spectra"},{"slug":"wpforms-lite","init":"wpforms-lite\/wpforms.php","name":"WPForms Lite"}]},"id-73689":{"title":"Home","featured-image-url":"https:\/\/websitedemos.net\/wp-content\/uploads\/2023\/05\/blingg-jewelry-store-07.jpg","thumbnail-image-url":"https:\/\/websitedemos.net\/wp-content\/uploads\/2023\/05\/blingg-jewelry-store-07-600x2000.jpg","astra-page-api-url":"https:\/\/websitedemos.net\/blingg-jewelry-store-07\/wp-json\/wp\/v2\/pages\/2","dynamic-page":"yes","astra-page-url":"\/\/websitedemos.net\/blingg-jewelry-store-07\/","astra-sites-tag":{"423":"home"},"site-pages-type":"premium","site-pages-page-builder":"gutenberg","site-pages-category":[],"site-pages-parent-category":{"60":"business"},"required-plugins":[{"slug":"astra-addon","init":"astra-addon\/astra-addon.php","name":"Astra Pro"},{"slug":"ultimate-addons-for-gutenberg","init":"ultimate-addons-for-gutenberg\/ultimate-addons-for-gutenberg.php","name":"Spectra"},{"slug":"woocommerce","init":"woocommerce\/woocommerce.php","name":"WooCommerce"}]}},"related-bb-template":"","related-elementor-template":"","related-gutenberg-template":""},"id-73669":{"title":"The Pizzeria","id":73669,"publish-date":1683564886,"featured-image-url":"https:\/\/websitedemos.net\/wp-content\/uploads\/2023\/05\/pizzeria-07.jpg","thumbnail-image-url":"https:\/\/websitedemos.net\/wp-content\/uploads\/2023\/05\/pizzeria-07-600x3273.jpg","fullpage-thumbnail-image-url":"https:\/\/websitedemos.net\/wp-content\/uploads\/2023\/05\/pizzeria-07-400x2182.jpg","astra-site-url":"\/\/websitedemos.net\/pizzeria-07","astra-site-parent-id":3194,"astra-sites-tag":{"2011":"fast-food-chain","2013":"fast-food-restaurant","2018":"fast-food-service","350":"hotel","563":"italian-restaurant","1975":"pasta","1971":"pizza","2012":"pizza-house","1977":"pizzeria","335":"restaurant"},"astra-sites-type":"premium","astra-site-category":{"27":"business"},"astra-sites-template-category":{"2777":"business","2785":"food","2876":"food-ordering","2776":"restaurant"},"astra-site-page-builder":"gutenberg","categories":{"2496":"restaurant-food"},"required-plugins":[{"slug":"ultimate-addons-for-gutenberg","init":"ultimate-addons-for-gutenberg\/ultimate-addons-for-gutenberg.php","name":"Spectra"},{"slug":"wpforms-lite","init":"wpforms-lite\/wpforms.php","name":"WPForms Lite"}],"post-status":"publish","post-content":"","post-excerpt":"","pages":{"id-73670":{"title":"About","featured-image-url":"https:\/\/websitedemos.net\/wp-content\/uploads\/2023\/05\/pizzeria-07-about.jpg","thumbnail-image-url":"https:\/\/websitedemos.net\/wp-content\/uploads\/2023\/05\/pizzeria-07-about-600x1915.jpg","astra-page-api-url":"https:\/\/websitedemos.net\/pizzeria-07\/wp-json\/wp\/v2\/pages\/1297","dynamic-page":"no","astra-page-url":"\/\/websitedemos.net\/pizzeria-07\/about\/","astra-sites-tag":{"352":"about"},"site-pages-type":"premium","site-pages-page-builder":"gutenberg","site-pages-category":[],"site-pages-parent-category":{"60":"business"},"required-plugins":[{"slug":"ultimate-addons-for-gutenberg","init":"ultimate-addons-for-gutenberg\/ultimate-addons-for-gutenberg.php","name":"Spectra"}]},"id-73671":{"title":"Contact","featured-image-url":"https:\/\/websitedemos.net\/wp-content\/uploads\/2023\/05\/pizzeria-07-contact.jpg","thumbnail-image-url":"https:\/\/websitedemos.net\/wp-content\/uploads\/2023\/05\/pizzeria-07-contact-600x1580.jpg","astra-page-api-url":"https:\/\/websitedemos.net\/pizzeria-07\/wp-json\/wp\/v2\/pages\/1299","dynamic-page":"no","astra-page-url":"\/\/websitedemos.net\/pizzeria-07\/contact\/","astra-sites-tag":{"415":"contact"},"site-pages-type":"premium","site-pages-page-builder":"gutenberg","site-pages-category":[],"site-pages-parent-category":{"60":"business"},"required-plugins":[{"slug":"ultimate-addons-for-gutenberg","init":"ultimate-addons-for-gutenberg\/ultimate-addons-for-gutenberg.php","name":"Spectra"},{"slug":"wpforms-lite","init":"wpforms-lite\/wpforms.php","name":"WPForms Lite"}]},"id-73672":{"title":"Home","featured-image-url":"https:\/\/websitedemos.net\/wp-content\/uploads\/2023\/05\/pizzeria-07.jpg","thumbnail-image-url":"https:\/\/websitedemos.net\/wp-content\/uploads\/2023\/05\/pizzeria-07-600x3273.jpg","astra-page-api-url":"https:\/\/websitedemos.net\/pizzeria-07\/wp-json\/wp\/v2\/pages\/1294","dynamic-page":"no","astra-page-url":"\/\/websitedemos.net\/pizzeria-07\/","astra-sites-tag":{"423":"home"},"site-pages-type":"premium","site-pages-page-builder":"gutenberg","site-pages-category":[],"site-pages-parent-category":{"60":"business"},"required-plugins":[{"slug":"ultimate-addons-for-gutenberg","init":"ultimate-addons-for-gutenberg\/ultimate-addons-for-gutenberg.php","name":"Spectra"}]},"id-73673":{"title":"Offers","featured-image-url":"https:\/\/websitedemos.net\/wp-content\/uploads\/2023\/05\/pizzeria-07-offers.jpg","thumbnail-image-url":"https:\/\/websitedemos.net\/wp-content\/uploads\/2023\/05\/pizzeria-07-offers-600x1934.jpg","astra-page-api-url":"https:\/\/websitedemos.net\/pizzeria-07\/wp-json\/wp\/v2\/pages\/1298","dynamic-page":"no","astra-page-url":"\/\/websitedemos.net\/pizzeria-07\/offers\/","astra-sites-tag":{"1969":"offers"},"site-pages-type":"premium","site-pages-page-builder":"gutenberg","site-pages-category":[],"site-pages-parent-category":{"60":"business"},"required-plugins":[{"slug":"ultimate-addons-for-gutenberg","init":"ultimate-addons-for-gutenberg\/ultimate-addons-for-gutenberg.php","name":"Spectra"}]},"id-73674":{"title":"Our Menu","featured-image-url":"https:\/\/websitedemos.net\/wp-content\/uploads\/2023\/05\/pizzeria-07-our-menu.jpg","thumbnail-image-url":"https:\/\/websitedemos.net\/wp-content\/uploads\/2023\/05\/pizzeria-07-our-menu-600x2784.jpg","astra-page-api-url":"https:\/\/websitedemos.net\/pizzeria-07\/wp-json\/wp\/v2\/pages\/1296","dynamic-page":"no","astra-page-url":"\/\/websitedemos.net\/pizzeria-07\/our-menu\/","astra-sites-tag":{"1578":"our-menu"},"site-pages-type":"premium","site-pages-page-builder":"gutenberg","site-pages-category":[],"site-pages-parent-category":{"60":"business"},"required-plugins":[{"slug":"ultimate-addons-for-gutenberg","init":"ultimate-addons-for-gutenberg\/ultimate-addons-for-gutenberg.php","name":"Spectra"}]}},"related-bb-template":"","related-elementor-template":"","related-gutenberg-template":""}}